timestamp,symbol,interval,open,high,low,close,volume
2026-01-01 00:00:00+00:00,BTCUSDT,1h,100.0,100.40269230131156,98.142032817756,98.53884114484794,2850.983026742851
2026-01-01 01:00:00+00:00,BTCUSDT,1h,98.53884114484794,99.93473421015268,97.4146962892947,98.80752418101537,1021.9412798643616
2026-01-01 02:00:00+00:00,BTCUSDT,1h,98.80752418101537,99.36535776265109,97.94434191310594,98.50044181242396,1149.7491541469185
2026-01-01 03:00:00+00:00,BTCUSDT,1h,98.50044181242396,100.36479595787064,97.63183474312456,99.48748484078864,753.3342671938457
2026-01-01 04:00:00+00:00,BTCUSDT,1h,99.48748484078864,100.76093034410027,97.67056257146628,98.93696134247264,1040.5764881017217
2026-01-01 05:00:00+00:00,BTCUSDT,1h,98.93696134247264,99.70361509223268,97.17163898075329,97.93049370191798,767.3548053110503
2026-01-01 06:00:00+00:00,BTCUSDT,1h,97.93049370191798,98.57056569792458,96.94487113536904,97.5826697601688,857.3373256735513
2026-01-01 07:00:00+00:00,BTCUSDT,1h,97.5826697601688,98.69381478455648,96.8204766947821,97.9289172691796,882.113748393479
2026-01-01 08:00:00+00:00,BTCUSDT,1h,97.9289172691796,99.22232064349085,96.90168543589436,98.19232576937856,671.3953257188645
2026-01-01 09:00:00+00:00,BTCUSDT,1h,98.19232576937856,98.68895878388722,97.56825562699406,98.0642408188281,965.3689550275936
2026-01-01 10:00:00+00:00,BTCUSDT,1h,98.0642408188281,98.85484170872935,96.5444203915061,97.3290944792887,992.4228517911864
2026-01-01 11:00:00+00:00,BTCUSDT,1h,97.3290944792887,97.8017460216504,96.70320488775108,97.17510864093022,920.7619339053814
2026-01-01 12:00:00+00:00,BTCUSDT,1h,97.17510864093022,97.5574318386269,96.1829823261412,96.56289685384635,1044.9571464919786
2026-01-01 13:00:00+00:00,BTCUSDT,1h,96.56289685384635,97.67442157379676,94.84007806854784,95.9444843107896,1143.3175311747673
2026-01-01 14:00:00+00:00,BTCUSDT,1h,95.9444843107896,96.79036797740147,93.98299107550612,94.81895161069376,779.6566744837911
2026-01-01 15:00:00+00:00,BTCUSDT,1h,94.81895161069376,95.63370615833485,94.04798857843186,94.86238993358803,602.3140423537758
2026-01-01 16:00:00+00:00,BTCUSDT,1h,94.86238993358803,95.54849449195754,94.06922503378318,94.754549623098,1192.400106368619
2026-01-01 17:00:00+00:00,BTCUSDT,1h,94.754549623098,95.7223845029828,93.14699482027402,94.1082280907894,780.2054473927187
2026-01-01 18:00:00+00:00,BTCUSDT,1h,94.1082280907894,94.6238075936015,93.4320311058707,93.9467258054123,1289.7462577843344
2026-01-01 19:00:00+00:00,BTCUSDT,1h,93.9467258054123,95.73513135391848,92.50979207893828,94.2929027822114,1128.383275816464
2026-01-01 20:00:00+00:00,BTCUSDT,1h,94.2929027822114,95.7947774757766,93.30074827378664,94.79731551207918,878.6776928180897
2026-01-01 21:00:00+00:00,BTCUSDT,1h,94.79731551207918,95.93973375485456,93.64208652310452,94.78434849823572,920.6898469654056
2026-01-01 22:00:00+00:00,BTCUSDT,1h,94.78434849823572,95.6722587923347,94.03210866585545,94.91895071241524,1121.843298566548
2026-01-01 23:00:00+00:00,BTCUSDT,1h,94.91895071241524,95.63491622628648,94.02416330399488,94.73876972813714,1048.47628573443
2026-01-02 00:00:00+00:00,BTCUSDT,1h,94.73876972813714,95.33782548576464,94.22669893180536,94.82528705620092,1179.156608637889
2026-01-02 01:00:00+00:00,BTCUSDT,1h,94.82528705620092,95.24220097254168,93.7010726260692,94.11486305433966,743.5016410519075
2026-01-02 02:00:00+00:00,BTCUSDT,1h,94.11486305433966,95.3444806984311,93.46375997167056,94.6894028489795,805.7927242957869
2026-01-02 03:00:00+00:00,BTCUSDT,1h,94.6894028489795,95.5665480395536,93.20159279081967,94.07302826109684,789.031867484433
2026-01-02 04:00:00+00:00,BTCUSDT,1h,94.07302826109684,94.99889304733884,92.4651467435268,93.384232415391,760.6584545614859
2026-01-02 05:00:00+00:00,BTCUSDT,1h,93.384232415391,94.12941201094851,92.48895457844012,93.2329267982375,910.9329266140376
2026-01-02 06:00:00+00:00,BTCUSDT,1h,93.2329267982375,94.3532435275338,92.11202463003131,93.23233423894524,896.621169482145
2026-01-02 07:00:00+00:00,BTCUSDT,1h,93.23233423894524,93.46446064436113,92.3274611167208,92.557908361619,959.0467766332266
2026-01-02 08:00:00+00:00,BTCUSDT,1h,92.557908361619,93.3719804081254,91.57982444257044,92.39244115991148,907.1510816725036
2026-01-02 09:00:00+00:00,BTCUSDT,1h,92.39244115991148,92.93164832081833,91.61972346136338,92.15755984251037,896.0480455259643
2026-01-02 10:00:00+00:00,BTCUSDT,1h,92.15755984251037,92.90980307088398,91.52545650142903,92.27688131079402,1020.0883705665012
2026-01-02 11:00:00+00:00,BTCUSDT,1h,92.27688131079402,94.24168419749624,91.40603167410286,93.36060705681072,684.7820309129547
2026-01-02 12:00:00+00:00,BTCUSDT,1h,93.36060705681072,95.21686460438912,92.51630683850787,94.3634948395124,811.717342709803
2026-01-02 13:00:00+00:00,BTCUSDT,1h,94.3634948395124,95.67387433976012,93.60358874534936,94.90957071468615,876.9562933929863
2026-01-02 14:00:00+00:00,BTCUSDT,1h,94.90957071468615,95.38598872616228,94.1071047389163,94.58187782889664,1009.6237967979678
2026-01-02 15:00:00+00:00,BTCUSDT,1h,94.58187782889664,95.89063963151187,93.91745491995746,95.22172191785312,1084.164825011271
2026-01-02 16:00:00+00:00,BTCUSDT,1h,95.22172191785312,96.74683548655705,94.8069143770032,96.32721217797057,1051.5044647846985
2026-01-02 17:00:00+00:00,BTCUSDT,1h,96.32721217797057,96.79172431415752,95.72090206116576,96.18472710129916,794.8305601126806
2026-01-02 18:00:00+00:00,BTCUSDT,1h,96.18472710129916,97.10574471987488,95.29005618307217,96.2108309939351,893.6820358513936
2026-01-02 19:00:00+00:00,BTCUSDT,1h,96.2108309939351,97.25633138410257,95.2326914616011,96.27751391148766,1059.3122493835651
2026-01-02 20:00:00+00:00,BTCUSDT,1h,96.27751391148766,97.723503005041,95.3740277339484,96.81497320904292,1097.601135136142
2026-01-02 21:00:00+00:00,BTCUSDT,1h,96.81497320904292,98.87860036145292,95.85945631860206,97.91225384265788,1025.894226471122
2026-01-02 22:00:00+00:00,BTCUSDT,1h,97.91225384265788,98.88199466161092,97.39893622380409,98.36629666470309,932.459042847826
2026-01-02 23:00:00+00:00,BTCUSDT,1h,98.36629666470309,99.85002350958422,97.39322183636472,98.87194660990323,1309.6723381662564
2026-01-03 00:00:00+00:00,BTCUSDT,1h,98.87194660990323,99.27358259780974,98.51472062268589,98.91619673415764,1389.4493861752412
2026-01-03 01:00:00+00:00,BTCUSDT,1h,98.91619673415764,100.08369461886562,98.43904600110082,99.60322978423292,1275.1647339936833
2026-01-03 02:00:00+00:00,BTCUSDT,1h,99.60322978423292,99.91657161369912,99.34842343820226,99.66161590349884,915.9292157154108
2026-01-03 03:00:00+00:00,BTCUSDT,1h,99.66161590349884,100.9345483256713,98.1271513952017,99.39670016937636,841.5862609160953
2026-01-03 04:00:00+00:00,BTCUSDT,1h,99.39670016937636,100.10934643792145,98.57323644640444,99.28508244740614,924.2054474045476
2026-01-03 05:00:00+00:00,BTCUSDT,1h,99.28508244740614,100.14461929246266,97.92532424037284,98.78049272060424,1215.360929282711
2026-01-03 06:00:00+00:00,BTCUSDT,1h,98.78049272060424,99.70791047429891,98.2651052378862,99.19038438075708,770.0368485676621
2026-01-03 07:00:00+00:00,BTCUSDT,1h,99.19038438075708,99.88568703047812,98.607119179788,99.30176687155834,873.9668702301399
2026-01-03 08:00:00+00:00,BTCUSDT,1h,99.30176687155834,100.67724279377951,96.9797654849922,98.34194647922874,1183.323830508178
2026-01-03 09:00:00+00:00,BTCUSDT,1h,98.34194647922874,99.39662754740957,96.75922990815992,97.80818659868586,1268.4974211649246
2026-01-03 10:00:00+00:00,BTCUSDT,1h,97.80818659868586,98.4295782094188,95.83413843390107,96.44688144751758,922.4053563748724
2026-01-03 11:00:00+00:00,BTCUSDT,1h,96.44688144751758,97.6023729777164,95.7104512794913,96.86276727034875,953.913732829536
2026-01-03 12:00:00+00:00,BTCUSDT,1h,96.86276727034875,98.18364911443636,95.54931036204142,96.87009287114974,1431.9960939558025
2026-01-03 13:00:00+00:00,BTCUSDT,1h,96.87009287114974,97.3758775891764,96.10221538631636,96.6066244651806,1538.5106294773714
2026-01-03 14:00:00+00:00,BTCUSDT,1h,96.6066244651806,97.2132941606718,95.47713385746177,96.08049959719192,1007.3163018697476
2026-01-03 15:00:00+00:00,BTCUSDT,1h,96.08049959719192,97.46974858421446,95.0152448513346,96.40094106957828,1078.1954443340278
2026-01-03 16:00:00+00:00,BTCUSDT,1h,96.40094106957828,97.31859579653825,95.02540385740812,95.9386580443046,1049.9835159702443
2026-01-03 17:00:00+00:00,BTCUSDT,1h,95.9386580443046,97.8336087898636,95.17546596146812,97.06148462093016,732.6054200165532
2026-01-03 18:00:00+00:00,BTCUSDT,1h,97.06148462093016,98.26023852438637,95.3043425100072,96.49611382452257,891.973758584321
2026-01-03 19:00:00+00:00,BTCUSDT,1h,96.49611382452257,97.0999769404824,94.72443636280596,95.32094539118852,1000.0030199662586
2026-01-03 20:00:00+00:00,BTCUSDT,1h,95.32094539118852,96.51995803031927,94.84847801389552,96.04390722359808,1133.3366651804154
2026-01-03 21:00:00+00:00,BTCUSDT,1h,96.04390722359808,97.11566982367243,95.477071923203,96.54587200989516,962.482058936206
2026-01-03 22:00:00+00:00,BTCUSDT,1h,96.54587200989516,98.89981462963694,95.27518793332985,97.6150585039555,1171.1044009803784
2026-01-03 23:00:00+00:00,BTCUSDT,1h,97.6150585039555,98.97145240709531,96.50078955518605,97.8544508121574,971.8645428769448
2026-01-04 00:00:00+00:00,BTCUSDT,1h,97.8544508121574,98.38471621179232,97.31379074908938,97.84399951397994,1001.1126769337476
2026-01-04 01:00:00+00:00,BTCUSDT,1h,97.84399951397994,99.44090115663391,96.24465782496058,97.84151898313102,961.4313668439128
2026-01-04 02:00:00+00:00,BTCUSDT,1h,97.84151898313102,99.8133131171207,96.6711884538468,98.63350920329394,962.7042596170044
2026-01-04 03:00:00+00:00,BTCUSDT,1h,98.63350920329394,99.51821265233292,98.4885614370586,99.37217936667288,1018.9854369710232
2026-01-04 04:00:00+00:00,BTCUSDT,1h,99.37217936667288,100.0111496797498,99.29204522566056,99.93056525402278,768.1657603503804
2026-01-04 05:00:00+00:00,BTCUSDT,1h,99.93056525402278,101.33889951667987,99.20817042625364,100.61158164343324,780.3602612358083
2026-01-04 06:00:00+00:00,BTCUSDT,1h,100.61158164343324,101.2527022935059,99.79448676541426,100.4344788750131,1144.8894626670428
2026-01-04 07:00:00+00:00,BTCUSDT,1h,100.4344788750131,101.47796647124773,99.71543680570062,100.7566181057146,866.9314628742716
2026-01-04 08:00:00+00:00,BTCUSDT,1h,100.7566181057146,101.97991594235005,99.55001047176276,100.77311080066124,1069.8052225156173
2026-01-04 09:00:00+00:00,BTCUSDT,1h,100.77311080066124,101.97271153159409,100.01247987412928,101.20879210211363,741.6367499847574
2026-01-04 10:00:00+00:00,BTCUSDT,1h,101.20879210211363,102.21619503755213,99.82336911716143,100.82697152138272,1020.6432205162832
2026-01-04 11:00:00+00:00,BTCUSDT,1h,100.82697152138272,101.14421236757116,100.01443212394044,100.33010964953831,1022.1363800702854
2026-01-04 12:00:00+00:00,BTCUSDT,1h,100.33010964953831,101.02724432092796,99.4796070699166,100.17566862182618,934.110008507784
2026-01-04 13:00:00+00:00,BTCUSDT,1h,100.17566862182618,101.28830618923035,99.2857737796876,100.39645006972346,1192.4257100440802
2026-01-04 14:00:00+00:00,BTCUSDT,1h,100.39645006972346,102.21792350175596,99.19206621983372,101.0062246260146,1161.2726113564129
2026-01-04 15:00:00+00:00,BTCUSDT,1h,101.0062246260146,101.79782991889924,100.06350404255387,100.8539156606568,1098.8430189662863
2026-01-04 16:00:00+00:00,BTCUSDT,1h,100.8539156606568,101.82698614316315,99.74566064236056,100.7174141147712,1230.7218953989975
2026-01-04 17:00:00+00:00,BTCUSDT,1h,100.7174141147712,100.98822791691548,100.01501669249376,100.2846669032298,1238.7309910583117
2026-01-04 18:00:00+00:00,BTCUSDT,1h,100.2846669032298,101.36294536302589,99.2691834165387,100.34683238804686,733.538929122829
2026-01-04 19:00:00+00:00,BTCUSDT,1h,100.34683238804686,102.47831048649806,99.32170323020158,101.44199331827524,974.7851652617064
2026-01-04 20:00:00+00:00,BTCUSDT,1h,101.44199331827524,102.2881907402538,100.43547762529208,101.28032647294492,966.65373188693
2026-01-04 21:00:00+00:00,BTCUSDT,1h,101.28032647294492,101.75038873160749,100.694181922173,101.16370290753522,1252.5618877842091
2026-01-04 22:00:00+00:00,BTCUSDT,1h,101.16370290753522,102.0247893724394,100.33174203193336,101.19259092447534,1018.583197720094
2026-01-04 23:00:00+00:00,BTCUSDT,1h,101.19259092447534,102.16216008166506,98.8575895507424,99.8139493580238,934.1690138749284
2026-01-05 00:00:00+00:00,BTCUSDT,1h,99.8139493580238,100.63335836242494,98.87498522534256,99.69340463427424,805.5048789343158
2026-01-05 01:00:00+00:00,BTCUSDT,1h,99.69340463427424,104.8547508480568,99.10397673773564,104.23845079275614,2457.8051671722724
2026-01-05 02:00:00+00:00,BTCUSDT,1h,104.23845079275614,105.12200280409988,102.87523503619536,103.75468653685354,1149.1558948724935
2026-01-05 03:00:00+00:00,BTCUSDT,1h,103.75468653685354,104.1146571936332,103.08081892932326,103.4396967479384,1212.4981386307206
2026-01-05 04:00:00+00:00,BTCUSDT,1h,103.4396967479384,104.6379929948798,101.64288821943704,102.83416974418932,989.1408246045768
2026-01-05 05:00:00+00:00,BTCUSDT,1h,102.83416974418932,103.45938917182538,101.83574796645853,102.4586844887424,1092.3732347385053
2026-01-05 06:00:00+00:00,BTCUSDT,1h,102.4586844887424,103.82405771991,101.69992779530088,103.06084175724924,1189.3868764743258
2026-01-05 07:00:00+00:00,BTCUSDT,1h,103.06084175724924,105.17732162992344,102.30076032341393,104.4073098926526,770.1106717538862
2026-01-05 08:00:00+00:00,BTCUSDT,1h,104.4073098926526,104.80708484900086,103.40622157188947,103.8036852531541,872.0669098118979
2026-01-05 09:00:00+00:00,BTCUSDT,1h,103.8036852531541,104.2214629085156,102.99348507442816,103.40967696858162,1106.0368509427
2026-01-05 10:00:00+00:00,BTCUSDT,1h,103.40967696858162,103.82720419932062,101.43500196747632,101.84621656566937,1403.0503612367752
2026-01-05 11:00:00+00:00,BTCUSDT,1h,101.84621656566937,103.51760681532788,100.87171376814248,102.53649913528444,1091.4518117910688
2026-01-05 12:00:00+00:00,BTCUSDT,1h,102.53649913528444,104.67876188960544,101.55144237898874,103.68269376879768,1015.5154174454426
2026-01-05 13:00:00+00:00,BTCUSDT,1h,103.68269376879768,104.48924139676195,102.17388165520586,102.97492353887144,853.2232003370357
2026-01-05 14:00:00+00:00,BTCUSDT,1h,102.97492353887144,103.57807682853672,101.9949839153112,102.59591725785396,991.0706270615044
2026-01-05 15:00:00+00:00,BTCUSDT,1h,102.59591725785396,103.68480174162362,101.36289426506316,102.45023254871548,734.7637116176535
2026-01-05 16:00:00+00:00,BTCUSDT,1h,102.45023254871548,103.8413522619056,101.01295095254277,102.4034352286742,1007.7794674389952
2026-01-05 17:00:00+00:00,BTCUSDT,1h,102.4034352286742,104.37495923014976,101.23495156434568,103.19741577890429,1263.329564067472
2026-01-05 18:00:00+00:00,BTCUSDT,1h,103.19741577890429,104.11278649673336,102.79921184181568,103.71259465852704,946.5224588425996
2026-01-05 19:00:00+00:00,BTCUSDT,1h,103.71259465852704,104.06038800870616,103.18733346246604,103.53452968348812,907.2236757649724
2026-01-05 20:00:00+00:00,BTCUSDT,1h,103.53452968348812,103.84547966407422,102.50785240536916,102.81664633411212,1042.1792513122905
2026-01-05 21:00:00+00:00,BTCUSDT,1h,102.81664633411212,103.45874954656595,102.20626963034258,102.84818560815287,809.8827274774286
2026-01-05 22:00:00+00:00,BTCUSDT,1h,102.84818560815287,103.54937665465086,101.87346551863315,102.57277891697568,918.3779434834788
2026-01-05 23:00:00+00:00,BTCUSDT,1h,102.57277891697568,103.28567886699317,101.88622053741852,102.5989453456386,1077.3943964742398
2026-01-06 00:00:00+00:00,BTCUSDT,1h,102.5989453456386,103.91398819269034,101.6680026283799,102.97959163977876,867.3792970948165
2026-01-06 01:00:00+00:00,BTCUSDT,1h,102.97959163977876,103.9377747562797,101.70261299722202,102.65780199224294,960.5914443046812
2026-01-06 02:00:00+00:00,BTCUSDT,1h,102.65780199224294,102.7441279348207,102.60400784122118,102.69031674560486,459.9792040227527
2026-01-06 03:00:00+00:00,BTCUSDT,1h,102.69031674560486,103.88274953208364,101.76726676321928,102.95729972619628,1278.6863742887165
2026-01-06 04:00:00+00:00,BTCUSDT,1h,102.95729972619628,104.35885890247074,102.06515244405723,103.4623353771264,1003.2724912177364
2026-01-06 05:00:00+00:00,BTCUSDT,1h,103.4623353771264,104.5641603804139,101.54358662548832,102.636618130107,879.2827969254214
2026-01-06 06:00:00+00:00,BTCUSDT,1h,102.636618130107,103.89153467444572,101.7539303911473,103.00567301734742,1054.4194041517403
2026-01-06 07:00:00+00:00,BTCUSDT,1h,103.00567301734742,104.29399292789006,102.3330045988669,103.61733014270033,922.5529636760898
2026-01-06 08:00:00+00:00,BTCUSDT,1h,103.61733014270033,104.329030326658,102.43720739054358,103.14566794195552,1333.188142810248
2026-01-06 09:00:00+00:00,BTCUSDT,1h,103.14566794195552,104.33770684482344,101.7909540742194,102.9810909860697,1165.2022867484282
2026-01-06 10:00:00+00:00,BTCUSDT,1h,102.9810909860697,104.56924476433709,101.9091561334991,103.4919919207369,797.1446890206063
2026-01-06 11:00:00+00:00,BTCUSDT,1h,103.4919919207369,104.81309165198186,97.35120104509268,98.60998075016288,860.8408127338007
2026-01-06 12:00:00+00:00,BTCUSDT,1h,98.60998075016288,99.22522563205315,98.02497481782606,98.64004136444493,1063.40230224261
2026-01-06 13:00:00+00:00,BTCUSDT,1h,98.64004136444493,99.90549833982573,96.80175683376488,98.05976947826515,924.6330422081128
2026-01-06 14:00:00+00:00,BTCUSDT,1h,98.05976947826515,99.37106126578595,95.90999969317012,97.2099270712606,1194.10457896018
2026-01-06 15:00:00+00:00,BTCUSDT,1h,97.2099270712606,98.50618699947611,96.27692926590991,97.56973583501856,928.440398437449
2026-01-06 16:00:00+00:00,BTCUSDT,1h,97.56973583501856,98.56222081668054,96.50495044260931,97.496692422465,1183.52499154197
2026-01-06 17:00:00+00:00,BTCUSDT,1h,97.496692422465,98.94732009340504,96.65454982888072,98.09996662660755,906.7223813788185
2026-01-06 18:00:00+00:00,BTCUSDT,1h,98.09996662660755,99.21132144362586,96.9343192758968,98.04505197586732,1287.983622991447
2026-01-06 19:00:00+00:00,BTCUSDT,1h,98.04505197586732,98.68902050446098,97.25942389449315,97.90245583911324,1249.5099339895398
2026-01-06 20:00:00+00:00,BTCUSDT,1h,97.90245583911324,99.37859601122214,96.9144463249281,98.38570960893183,737.5332674093331
2026-01-06 21:00:00+00:00,BTCUSDT,1h,98.38570960893183,99.02079068404475,97.58956437271046,98.2235990218092,1041.5809318089396
2026-01-06 22:00:00+00:00,BTCUSDT,1h,98.2235990218092,99.38413622762668,96.13958529001388,97.28908092299154,1060.0263590701115
2026-01-06 23:00:00+00:00,BTCUSDT,1h,97.28908092299154,98.03498634608664,96.8563800624604,97.6008986516146,994.7159257263662
2026-01-07 00:00:00+00:00,BTCUSDT,1h,97.6008986516146,98.76466393860878,97.2797025666301,98.44070412670708,1061.153611475511
2026-01-07 01:00:00+00:00,BTCUSDT,1h,98.44070412670708,99.49819842816916,97.85752577383244,98.91222670073968,1162.9482456537146
2026-01-07 02:00:00+00:00,BTCUSDT,1h,98.91222670073968,100.06844135859292,97.6208284956152,98.77544426256048,1105.5023550850306
2026-01-07 03:00:00+00:00,BTCUSDT,1h,98.77544426256048,100.35567192656772,97.389946002809,98.96748002951686,1166.3792916748191
2026-01-07 04:00:00+00:00,BTCUSDT,1h,98.96748002951686,100.24604624703043,98.52891148249932,99.80377172272958,870.678586456265
2026-01-07 05:00:00+00:00,BTCUSDT,1h,99.80377172272958,101.44006983610416,98.73419110991568,100.36448020269653,988.851994001974
2026-01-07 06:00:00+00:00,BTCUSDT,1h,100.36448020269653,101.38094745899534,99.8802277318827,100.89413941491804,1042.7670451440758
2026-01-07 07:00:00+00:00,BTCUSDT,1h,100.89413941491804,101.80437724298424,99.35555853633598,100.26007602738288,902.7656185720016
2026-01-07 08:00:00+00:00,BTCUSDT,1h,100.26007602738288,101.07909027074108,99.11822627329786,99.93458158606136,1363.4920127389285
2026-01-07 09:00:00+00:00,BTCUSDT,1h,99.93458158606136,100.55365115061996,98.77216646613188,99.387849161011,1213.532829147052
2026-01-07 10:00:00+00:00,BTCUSDT,1h,99.387849161011,100.71048206762693,97.8748138417886,99.19487873799235,1044.505940769276
2026-01-07 11:00:00+00:00,BTCUSDT,1h,99.19487873799235,100.20911974497776,98.29511647145436,99.30832841584518,1348.235919303081
2026-01-07 12:00:00+00:00,BTCUSDT,1h,99.30832841584518,100.711114654514,98.35992033394434,99.75840824881794,1050.3715526300002
2026-01-07 13:00:00+00:00,BTCUSDT,1h,99.75840824881794,100.2915355296236,98.3546274376649,98.88307678614696,1296.6688242074526
2026-01-07 14:00:00+00:00,BTCUSDT,1h,98.88307678614696,100.37641842331269,97.94188842008144,99.4300241062266,1127.4125455493258
2026-01-07 15:00:00+00:00,BTCUSDT,1h,99.4300241062266,100.32627568492146,98.27151187892744,99.16537796568068,819.8410739301974
2026-01-07 16:00:00+00:00,BTCUSDT,1h,99.16537796568068,100.04030083171328,98.58450737647068,99.4577178340491,957.2360341687638
2026-01-07 17:00:00+00:00,BTCUSDT,1h,99.4577178340491,100.48841060440805,98.75956076895709,99.78793553098886,1129.5163845760555
2026-01-07 18:00:00+00:00,BTCUSDT,1h,99.78793553098886,101.02973682654846,98.88202329052451,100.12080269335496,1264.8822765685347
2026-01-07 19:00:00+00:00,BTCUSDT,1h,100.12080269335496,100.44230592565803,98.9765531511674,99.29540590797193,1123.2483583821556
2026-01-07 20:00:00+00:00,BTCUSDT,1h,99.29540590797193,101.3176918659409,97.90180270227572,99.9153872706229,1151.2513597983002
2026-01-07 21:00:00+00:00,BTCUSDT,1h,99.9153872706229,101.01052518776888,99.38076402846993,100.47291872867751,1150.5243554938118
2026-01-07 22:00:00+00:00,BTCUSDT,1h,100.47291872867751,101.42703739469178,99.98739295086573,100.93925807654828,820.7364981903827
2026-01-07 23:00:00+00:00,BTCUSDT,1h,100.93925807654828,101.8340605005094,100.03763723507493,100.93237867478182,411.0428922706008
2026-01-08 00:00:00+00:00,BTCUSDT,1h,100.93237867478182,101.91352975848169,100.05501756512425,101.03527422274075,964.6327280460284
2026-01-08 01:00:00+00:00,BTCUSDT,1h,101.03527422274075,102.20591142833132,100.08880419556924,101.25736095512497,797.6723925583045
2026-01-08 02:00:00+00:00,BTCUSDT,1h,101.25736095512497,102.30661432158485,100.52364217898568,101.57062560523067,810.8242442421082
2026-01-08 03:00:00+00:00,BTCUSDT,1h,101.57062560523067,103.02684130676543,100.30475773205896,101.75863034319356,707.9768833349673
2026-01-08 04:00:00+00:00,BTCUSDT,1h,101.75863034319356,102.0680276165007,100.50341136103415,100.80992409151234,1395.462350558839
2026-01-08 05:00:00+00:00,BTCUSDT,1h,100.80992409151234,101.59841291887366,99.92995956466224,100.71772727092754,842.6848561994848
2026-01-08 06:00:00+00:00,BTCUSDT,1h,100.71772727092754,100.91104684264492,100.01692037671376,100.20926399409248,1034.081258781105
2026-01-08 07:00:00+00:00,BTCUSDT,1h,100.20926399409248,100.63272875042972,100.00179095009211,100.42480944159983,791.3701646948616
2026-01-08 08:00:00+00:00,BTCUSDT,1h,100.42480944159983,101.22037404253632,99.24349825719467,100.0359825745535,1048.8258333988274
2026-01-08 09:00:00+00:00,BTCUSDT,1h,100.0359825745535,101.9895916594214,98.82621061829192,100.77093169296737,1213.690902440667
2026-01-08 10:00:00+00:00,BTCUSDT,1h,100.77093169296737,102.09910146720904,100.31738692929348,101.64163787275818,889.1016470040781
2026-01-08 11:00:00+00:00,BTCUSDT,1h,101.64163787275818,103.30694874694484,100.74048481528106,102.39908021832954,1003.7443437351338
2026-01-08 12:00:00+00:00,BTCUSDT,1h,102.39908021832954,102.64711856316116,100.99832968280332,101.24356906622836,1146.1778845062388
2026-01-08 13:00:00+00:00,BTCUSDT,1h,101.24356906622836,102.23258284394888,100.5235423052641,101.51065660259805,917.4056536004769
2026-01-08 14:00:00+00:00,BTCUSDT,1h,101.51065660259805,102.43578873293288,99.6029072890502,100.51900182940598,1206.88415980351
2026-01-08 15:00:00+00:00,BTCUSDT,1h,100.51900182940598,102.39590607521328,99.70003192167184,101.56838639711776,959.1606635759985
2026-01-08 16:00:00+00:00,BTCUSDT,1h,101.56838639711776,102.75366214402877,99.78177676076852,100.9599522447934,1341.3711058447143
2026-01-08 17:00:00+00:00,BTCUSDT,1h,100.9599522447934,101.8556968372416,99.75455796557736,100.64753066746668,1018.1340211277808
2026-01-08 18:00:00+00:00,BTCUSDT,1h,100.64753066746668,100.69862451871542,100.30877371743271,100.35972146195994,926.800178904525
2026-01-08 19:00:00+00:00,BTCUSDT,1h,100.35972146195994,101.15381780598534,99.99139185918384,100.78393131321664,832.2237468975426
2026-01-08 20:00:00+00:00,BTCUSDT,1h,100.78393131321664,101.97858202317146,97.68510044970884,98.85690904092816,1100.055274360041
2026-01-08 21:00:00+00:00,BTCUSDT,1h,98.85690904092816,99.65244763054204,98.14626825796928,98.94120090876172,872.5433647362324
2026-01-08 22:00:00+00:00,BTCUSDT,1h,98.94120090876172,99.65115199056906,98.24178009761846,98.95165726288128,950.3286559101788
2026-01-08 23:00:00+00:00,BTCUSDT,1h,98.95165726288128,99.8179226227698,98.12274389094934,98.98869895433332,1309.79568363547
2026-01-09 00:00:00+00:00,BTCUSDT,1h,98.98869895433332,99.85840434600163,97.32219509548318,98.18483783905636,875.0878365169706
2026-01-09 01:00:00+00:00,BTCUSDT,1h,98.18483783905636,98.27276114233948,97.48259081922008,97.5699635101756,1121.37842856765
2026-01-09 02:00:00+00:00,BTCUSDT,1h,97.5699635101756,101.52640926419086,97.01177140008932,100.94888653120512,3275.927215606079
2026-01-09 03:00:00+00:00,BTCUSDT,1h,100.94888653120512,101.76133683752778,99.53669365559988,100.34427799052892,983.0239191823472
2026-01-09 04:00:00+00:00,BTCUSDT,1h,100.34427799052892,101.98807887868468,99.24029798793404,100.87822443847568,824.6296308379723
2026-01-09 05:00:00+00:00,BTCUSDT,1h,100.87822443847568,102.26404363969236,100.1035035805918,101.48466545848729,1022.5595127991928
2026-01-09 06:00:00+00:00,BTCUSDT,1h,101.48466545848729,102.52961438323598,100.36256813494064,101.40671442763148,755.5599183635815
2026-01-09 07:00:00+00:00,BTCUSDT,1h,101.40671442763148,102.78452363668208,100.2408070179204,101.6162076127272,941.2660170372048
2026-01-09 08:00:00+00:00,BTCUSDT,1h,101.6162076127272,103.49668122107454,101.03066632223236,102.90372091526308,1040.7392260847585
2026-01-09 09:00:00+00:00,BTCUSDT,1h,102.90372091526308,103.5328484431338,102.02978739184016,102.65740903065586,774.8458012830948
2026-01-09 10:00:00+00:00,BTCUSDT,1h,102.65740903065586,103.45950101288466,101.57622517462612,102.3761193594226,837.3805647741437
2026-01-09 11:00:00+00:00,BTCUSDT,1h,102.3761193594226,104.25948243671228,101.09324626724607,102.96917774187592,692.2207697202936
2026-01-09 12:00:00+00:00,BTCUSDT,1h,102.96917774187592,104.4197045106329,102.09042021929493,103.53610869709333,1046.6641413881207
2026-01-09 13:00:00+00:00,BTCUSDT,1h,103.53610869709333,106.33341075248994,102.33685264847674,105.11585652594415,1064.8619692860766
2026-01-09 14:00:00+00:00,BTCUSDT,1h,105.11585652594415,105.44140123724148,104.95788331279871,105.2831765674134,1154.478183297413
2026-01-09 15:00:00+00:00,BTCUSDT,1h,105.2831765674134,106.18094704667644,103.97402987804512,104.86826230126044,1019.5261259538672
2026-01-09 16:00:00+00:00,BTCUSDT,1h,104.86826230126044,107.01720254868012,103.39051027651878,105.53012389556098,1196.7204535045623
2026-01-09 17:00:00+00:00,BTCUSDT,1h,105.53012389556098,107.17017481966066,104.76013702415642,106.39388562276442,1091.1547027550248
2026-01-09 18:00:00+00:00,BTCUSDT,1h,106.39388562276442,107.33663015980883,106.00223744721757,106.94296077523812,1408.3085838332845
2026-01-09 19:00:00+00:00,BTCUSDT,1h,106.94296077523812,107.38863167059571,106.09835504223024,106.54235647119592,1326.8088444342434
2026-01-09 20:00:00+00:00,BTCUSDT,1h,106.54235647119592,108.59015946631376,105.9147492459993,107.95423531074172,877.3380089516903
2026-01-09 21:00:00+00:00,BTCUSDT,1h,107.95423531074172,110.94549331469015,107.05412894587526,110.02809541260744,603.1883731218097
2026-01-09 22:00:00+00:00,BTCUSDT,1h,110.02809541260744,111.56918812589493,108.14671365339775,109.68297245150612,1131.82481283111
2026-01-09 23:00:00+00:00,BTCUSDT,1h,109.68297245150612,111.5234469643404,108.40256937604316,110.23658124129228,1135.1557379205256
2026-01-10 00:00:00+00:00,BTCUSDT,1h,110.23658124129228,110.59121947086076,109.72078207766847,110.07490016874324,1089.2741678117302
2026-01-10 01:00:00+00:00,BTCUSDT,1h,110.07490016874324,110.93692802211814,108.53947715758952,109.3961898373038,1351.7942153362503
2026-01-10 02:00:00+00:00,BTCUSDT,1h,109.3961898373038,110.70689475679862,108.50149587847832,109.80882606308565,1013.136011166614
2026-01-10 03:00:00+00:00,BTCUSDT,1h,109.80882606308565,111.53579487641272,108.62687665930656,110.34804151853515,736.6372450999834
2026-01-10 04:00:00+00:00,BTCUSDT,1h,110.34804151853515,111.98171422844992,108.89730230309884,110.52860120542366,1150.873728778318
2026-01-10 05:00:00+00:00,BTCUSDT,1h,110.52860120542366,111.18747512149872,109.4225874965929,110.07877997571936,587.6155015744722
2026-01-10 06:00:00+00:00,BTCUSDT,1h,110.07877997571936,111.49008854427288,108.2065423685556,109.61186466455432,986.095219643992
2026-01-10 07:00:00+00:00,BTCUSDT,1h,109.61186466455432,110.29931064771333,108.42185517407746,109.10612936831558,977.8508971958644
2026-01-10 08:00:00+00:00,BTCUSDT,1h,109.10612936831558,109.86311629801295,108.33553913211492,109.09243102160256,846.1811118992875
2026-01-10 09:00:00+00:00,BTCUSDT,1h,109.09243102160256,110.94709914219226,107.71616414517202,109.56487213589229,886.4085992320254
2026-01-10 10:00:00+00:00,BTCUSDT,1h,109.56487213589229,110.832325062097,108.0008001440186,109.26478160520143,707.251270388914
2026-01-10 11:00:00+00:00,BTCUSDT,1h,109.26478160520143,110.01496176770428,108.18447547841448,108.93237342316746,1033.5563183658132
2026-01-10 12:00:00+00:00,BTCUSDT,1h,108.93237342316746,109.51409299240892,108.22647527435277,108.80752814609632,1062.1012693620803
2026-01-10 13:00:00+00:00,BTCUSDT,1h,108.80752814609632,109.10919256573504,107.78697655245284,108.08664234570692,594.3484893407941
2026-01-10 14:00:00+00:00,BTCUSDT,1h,108.08664234570692,108.92905096598466,107.78514185956638,108.62604584971449,1089.4114572584856
2026-01-10 15:00:00+00:00,BTCUSDT,1h,108.62604584971449,110.25409553340756,107.49408663707234,109.11702002716396,965.0634554889148
2026-01-10 16:00:00+00:00,BTCUSDT,1h,109.11702002716396,110.0180007901121,107.91343387129037,108.81189521438502,881.2530180591851
2026-01-10 17:00:00+00:00,BTCUSDT,1h,108.81189521438502,110.09221077214325,106.75444249803624,108.02550513867158,821.1125082729301
2026-01-10 18:00:00+00:00,BTCUSDT,1h,108.02550513867158,110.28480546018416,106.9944779954186,109.24216614698943,909.088649024494
2026-01-10 19:00:00+00:00,BTCUSDT,1h,109.24216614698943,110.86302346357044,107.96507623793056,109.58196119799308,724.3061499447356
2026-01-10 20:00:00+00:00,BTCUSDT,1h,109.58196119799308,110.11367449933914,108.49639549570236,109.0254082925173,1033.006279795837
2026-01-10 21:00:00+00:00,BTCUSDT,1h,109.0254082925173,110.22630235094122,108.14373016991128,109.3420634680041,854.3580319189786
2026-01-10 22:00:00+00:00,BTCUSDT,1h,109.3420634680041,110.60618125658432,107.78671042721074,109.04742182551708,1223.388534888409
2026-01-10 23:00:00+00:00,BTCUSDT,1h,109.04742182551708,109.62914153439144,108.6037980294544,109.18495821647278,1125.6253583094274
2026-01-11 00:00:00+00:00,BTCUSDT,1h,109.18495821647278,110.38310656557972,108.22869544510428,109.42474370697003,1346.006321775115
2026-01-11 01:00:00+00:00,BTCUSDT,1h,109.42474370697003,110.5730873639052,108.8692442205406,110.01459347936672,807.0478889417334
2026-01-11 02:00:00+00:00,BTCUSDT,1h,110.01459347936672,111.9330974578968,109.06658127433845,110.97679382855956,1177.4116014086
2026-01-11 03:00:00+00:00,BTCUSDT,1h,110.97679382855956,111.54849382768104,110.38553211404836,110.95713081863455,1064.8402824812167
2026-01-11 04:00:00+00:00,BTCUSDT,1h,110.95713081863455,113.11664811831804,109.93661286784852,112.08574979882222,786.8870487838351
2026-01-11 05:00:00+00:00,BTCUSDT,1h,112.08574979882222,112.83837891850024,111.21955570689198,111.97141710978842,1049.4688041032075
2026-01-11 06:00:00+00:00,BTCUSDT,1h,111.97141710978842,114.3567350449044,110.38558051861143,112.75973362957168,1062.8982439400534
2026-01-11 07:00:00+00:00,BTCUSDT,1h,112.75973362957168,113.71985958797664,111.62407936282132,112.58269789835794,1022.173233878486
2026-01-11 08:00:00+00:00,BTCUSDT,1h,112.58269789835794,113.52341781000044,111.47082767036864,112.41010543172528,1019.0583161916772
2026-01-11 09:00:00+00:00,BTCUSDT,1h,112.41010543172528,113.52650341747986,110.62143435234404,111.73108870142028,946.6594874085376
2026-01-11 10:00:00+00:00,BTCUSDT,1h,111.73108870142028,112.82135504052746,110.10011230242831,111.18505042754612,921.681407078995
2026-01-11 11:00:00+00:00,BTCUSDT,1h,111.18505042754612,113.55215647085112,110.10514114740688,112.45986527088998,1033.7273489063996
2026-01-11 12:00:00+00:00,BTCUSDT,1h,112.45986527088998,113.25212549849672,111.26987570759808,112.0593141218965,1187.1056573205435
2026-01-11 13:00:00+00:00,BTCUSDT,1h,112.0593141218965,113.2394022213658,110.52604824974804,111.7023774765999,596.4071911492217
2026-01-11 14:00:00+00:00,BTCUSDT,1h,111.7023774765999,113.13412739757202,110.50873631868346,111.93796873351955,1083.258802975702
2026-01-11 15:00:00+00:00,BTCUSDT,1h,111.93796873351955,113.29557614906852,110.67765689555208,112.03418105464532,844.141759285877
2026-01-11 16:00:00+00:00,BTCUSDT,1h,112.03418105464532,112.99102491386084,110.51886566101372,111.47089872739116,1255.5247403027806
2026-01-11 17:00:00+00:00,BTCUSDT,1h,111.47089872739116,112.710862623417,110.6190545191912,111.85607495515258,1075.0143207287383
2026-01-11 18:00:00+00:00,BTCUSDT,1h,111.85607495515258,112.7532052166729,111.35399484287775,112.24935979574586,452.5797383151892
2026-01-11 19:00:00+00:00,BTCUSDT,1h,112.24935979574586,112.66927948976428,111.23741009477398,111.65510671534103,898.9961382736875
2026-01-11 20:00:00+00:00,BTCUSDT,1h,111.65510671534103,112.28330095330904,110.32090437256964,110.94510399145383,1101.755529783913
2026-01-11 21:00:00+00:00,BTCUSDT,1h,110.94510399145383,112.01192083084428,110.03977943959472,111.10528915003852,1348.0207010294473
2026-01-11 22:00:00+00:00,BTCUSDT,1h,111.10528915003852,111.89517606660364,104.59313572848674,105.34204973144344,1270.2301841199558
2026-01-11 23:00:00+00:00,BTCUSDT,1h,105.34204973144344,105.69729133634824,104.38247568395616,104.73567242217123,1279.4659116863788
2026-01-12 00:00:00+00:00,BTCUSDT,1h,104.73567242217123,106.1050818324325,103.679743983635,105.0460244737335,1146.4806148701143
2026-01-12 01:00:00+00:00,BTCUSDT,1h,105.0460244737335,106.44477521733148,104.32333553136344,105.71746692796997,1004.9532419923923
2026-01-12 02:00:00+00:00,BTCUSDT,1h,105.71746692796997,106.64024065150583,104.19964038700972,105.11717434995045,1067.4908419131789
2026-01-12 03:00:00+00:00,BTCUSDT,1h,105.11717434995045,106.20300443295328,103.85484448046036,104.93883234197544,1612.924802434864
2026-01-12 04:00:00+00:00,BTCUSDT,1h,104.93883234197544,106.07583066189916,103.19363015316192,104.32396648311588,1212.1809641529717
2026-01-12 05:00:00+00:00,BTCUSDT,1h,104.32396648311588,105.73172602380772,103.70266475812524,105.10576827567404,1264.280657169726
2026-01-12 06:00:00+00:00,BTCUSDT,1h,105.10576827567404,106.48419281121608,104.26342257298472,105.6375849873412,957.9478039293924
2026-01-12 07:00:00+00:00,BTCUSDT,1h,105.6375849873412,107.10518054055044,104.45290436303836,105.91736233221786,1204.8348841402217
2026-01-12 08:00:00+00:00,BTCUSDT,1h,105.91736233221786,108.29540439979192,105.1356292761544,107.50197595383362,1153.9965486579786
2026-01-12 09:00:00+00:00,BTCUSDT,1h,107.50197595383362,108.6639241388636,106.20129223446226,107.3617244945324,1057.26307105314
2026-01-12 10:00:00+00:00,BTCUSDT,1h,107.3617244945324,107.84354287896488,106.63431232702116,107.11502356602192,877.3744081473776
2026-01-12 11:00:00+00:00,BTCUSDT,1h,107.11502356602192,108.79158060313604,105.73528520333235,107.40806756870576,1186.1610342463268
2026-01-12 12:00:00+00:00,BTCUSDT,1h,107.40806756870576,108.15983403105456,106.02710823920944,106.77443983844218,1036.8129669069965
2026-01-12 13:00:00+00:00,BTCUSDT,1h,106.77443983844218,107.73405020166136,105.8593264671143,106.81855870830536,1178.2610230298037
2026-01-12 14:00:00+00:00,BTCUSDT,1h,106.81855870830536,107.71957566159634,106.15665493255258,107.0561993399372,631.0625930519884
2026-01-12 15:00:00+00:00,BTCUSDT,1h,107.0561993399372,107.3946864394519,106.58363259052236,106.9216944163796,979.1073402389046
2026-01-12 16:00:00+00:00,BTCUSDT,1h,106.9216944163796,107.63008079284864,106.48327560098242,107.19055953023192,976.8302231755748
2026-01-12 17:00:00+00:00,BTCUSDT,1h,107.19055953023192,108.66102497557658,105.54747644563864,107.0155409446356,1089.7536184939916
2026-01-12 18:00:00+00:00,BTCUSDT,1h,107.0155409446356,108.00665469034494,104.84985935651656,105.82999327083576,1077.2596196381608
2026-01-12 19:00:00+00:00,BTCUSDT,1h,105.82999327083576,106.5452673427642,105.00046299063904,105.7149595834099,1110.893507015918
2026-01-12 20:00:00+00:00,BTCUSDT,1h,105.7149595834099,107.10877003971204,104.74808102677405,106.13802211499883,789.5746337598413
2026-01-12 21:00:00+00:00,BTCUSDT,1h,106.13802211499883,106.4695572150811,105.640331685995,105.97134615331495,686.6220451877747
2026-01-12 22:00:00+00:00,BTCUSDT,1h,105.97134615331495,106.45905337960107,105.1146987489532,105.60070016765869,900.8779426204668
2026-01-12 23:00:00+00:00,BTCUSDT,1h,105.60070016765869,108.13581264126702,104.6283682132282,107.14922246966565,803.8197124972772
2026-01-13 00:00:00+00:00,BTCUSDT,1h,107.14922246966565,107.70334434732844,105.18108342968202,105.72785470829588,691.3274031093941
2026-01-13 01:00:00+00:00,BTCUSDT,1h,105.72785470829588,106.76558777307214,103.26951844818532,104.29316988916956,879.4908291933152
2026-01-13 02:00:00+00:00,BTCUSDT,1h,104.29316988916956,106.28831957276388,102.53074937307258,104.52203158812588,1029.3151649493334
2026-01-13 03:00:00+00:00,BTCUSDT,1h,104.52203158812588,109.6717109209448,103.61556448728446,108.72876096833176,2765.101559878297
2026-01-13 04:00:00+00:00,BTCUSDT,1h,108.72876096833176,109.48850518478548,107.38338206458428,108.13900535283086,1203.646940195062
2026-01-13 05:00:00+00:00,BTCUSDT,1h,108.13900535283086,108.52007132473736,107.53421339286344,107.91448819929693,726.2885795785805
2026-01-13 06:00:00+00:00,BTCUSDT,1h,107.91448819929693,108.74309574356069,106.37714672324196,107.20027023656564,1073.1416200140752
2026-01-13 07:00:00+00:00,BTCUSDT,1h,107.20027023656564,108.67506332217644,105.99499523214251,107.46679176065123,938.6693887046137
2026-01-13 08:00:00+00:00,BTCUSDT,1h,107.46679176065123,108.91332991655024,106.53069756339778,107.97282786960264,1124.8890223544854
2026-01-13 09:00:00+00:00,BTCUSDT,1h,107.97282786960264,109.21855202911632,105.52897904561948,106.76071863337252,678.8108900774968
2026-01-13 10:00:00+00:00,BTCUSDT,1h,106.76071863337252,107.84814267626764,104.95229666854274,106.03230133004894,913.6693308810476
2026-01-13 11:00:00+00:00,BTCUSDT,1h,106.03230133004894,108.05798512096916,105.1436278123751,107.15986134416144,788.5448260176074
2026-01-13 12:00:00+00:00,BTCUSDT,1h,107.15986134416144,107.99096423325808,106.43953067279692,107.26989392077432,1306.0106515401835
2026-01-13 13:00:00+00:00,BTCUSDT,1h,107.26989392077432,109.43337917268964,106.17999070094923,108.33267766286778,915.5002332615904
2026-01-13 14:00:00+00:00,BTCUSDT,1h,108.33267766286778,109.60857287274384,107.12955899408082,108.4046548413908,837.2689888292128
2026-01-13 15:00:00+00:00,BTCUSDT,1h,108.4046548413908,109.54462933778952,106.77170959571598,107.90644495766858,1145.1984233195876
2026-01-13 16:00:00+00:00,BTCUSDT,1h,107.90644495766858,108.67961632764042,107.0034804014147,107.77571506542874,607.7750046681979
2026-01-13 17:00:00+00:00,BTCUSDT,1h,107.77571506542874,109.38757019320072,106.95428193374175,108.56015827821808,712.7458552585189
2026-01-13 18:00:00+00:00,BTCUSDT,1h,108.56015827821808,109.13542905700731,107.27461406552672,107.8461009856582,1339.3923967435364
2026-01-13 19:00:00+00:00,BTCUSDT,1h,107.8461009856582,108.74466184668796,107.41734014491804,108.31404063089596,1370.256863128216
2026-01-13 20:00:00+00:00,BTCUSDT,1h,108.31404063089596,109.73204898004208,107.79237017499032,109.20608220454848,467.801574566165
2026-01-13 21:00:00+00:00,BTCUSDT,1h,109.20608220454848,110.54040262028352,108.5299146661132,109.8601850955038,972.7430417989935
2026-01-13 22:00:00+00:00,BTCUSDT,1h,109.8601850955038,111.1541034548925,108.24786176401206,109.53798529788531,1295.795339181088
2026-01-13 23:00:00+00:00,BTCUSDT,1h,109.53798529788531,110.92470608830254,108.71118278842876,110.09370892719136,1052.368716859674
2026-01-14 00:00:00+00:00,BTCUSDT,1h,110.09370892719136,110.88910409800351,109.73303193638036,110.5270075814425,1248.6763024719685
2026-01-14 01:00:00+00:00,BTCUSDT,1h,110.5270075814425,111.49845286653964,109.36848943977408,110.338275922336,1028.0003812963048
2026-01-14 02:00:00+00:00,BTCUSDT,1h,110.338275922336,112.20612067716144,109.10089336176354,110.96174624277998,1442.6399621351345
2026-01-14 03:00:00+00:00,BTCUSDT,1h,110.96174624277998,111.55099125857228,110.1640920901456,110.75222447331868,1028.9624474083394
2026-01-14 04:00:00+00:00,BTCUSDT,1h,110.75222447331868,111.9290010056075,109.1745856024236,110.34705710651848,841.8155709622646
2026-01-14 05:00:00+00:00,BTCUSDT,1h,110.34705710651848,111.6689216106468,109.14687025305692,110.46742557274008,1206.8655039889115
2026-01-14 06:00:00+00:00,BTCUSDT,1h,110.46742557274008,111.99901474765296,109.10841013916978,110.63790204284874,1262.176618680751
2026-01-14 07:00:00+00:00,BTCUSDT,1h,110.63790204284874,111.65089712652257,108.54298424888071,109.54598176524216,1041.5286204791616
2026-01-14 08:00:00+00:00,BTCUSDT,1h,109.54598176524216,110.22277675505366,108.71217694714996,109.38799587138884,1015.0155784352102
2026-01-14 09:00:00+00:00,BTCUSDT,1h,109.38799587138884,110.6607280710461,108.41160261666327,109.6817131070062,1279.9773245023705
2026-01-14 10:00:00+00:00,BTCUSDT,1h,109.6817131070062,111.07661830387204,108.98630670027649,110.37680486113427,855.5040314964145
2026-01-14 11:00:00+00:00,BTCUSDT,1h,110.37680486113427,111.64869189206956,109.71232049711897,110.98057275780212,1040.7571358191433
2026-01-14 12:00:00+00:00,BTCUSDT,1h,110.98057275780212,112.58786082569848,109.73719728679484,111.34045341673408,1110.9741125994888
2026-01-14 13:00:00+00:00,BTCUSDT,1h,111.34045341673408,113.10629389939211,110.58998920843098,112.34903160639126,1142.008131688476
2026-01-14 14:00:00+00:00,BTCUSDT,1h,112.34903160639126,113.32428595061272,110.97787035344564,111.94965790375804,1032.8860261385794
2026-01-14 15:00:00+00:00,BTCUSDT,1h,111.94965790375804,111.98438072524672,111.3353631843946,111.36990618742084,1199.4185059755707
2026-01-14 16:00:00+00:00,BTCUSDT,1h,111.36990618742084,112.61044200587664,110.41805855055576,111.65614794030044,868.1710812054216
2026-01-14 17:00:00+00:00,BTCUSDT,1h,111.65614794030044,112.715848728698,110.41861860336368,111.47661549386994,1012.3114285351692
2026-01-14 18:00:00+00:00,BTCUSDT,1h,111.47661549386994,113.24672951666224,110.5318952068399,112.29507312447431,843.9304148932983
2026-01-14 19:00:00+00:00,BTCUSDT,1h,112.29507312447431,113.44958529829574,111.59668101398138,112.74837399243604,1051.099845650804
2026-01-14 20:00:00+00:00,BTCUSDT,1h,112.74837399243604,113.54464017177074,110.77612276007189,111.56402467415582,1118.6026209695874
2026-01-14 21:00:00+00:00,BTCUSDT,1h,111.56402467415582,112.45839845005796,110.27393923154452,111.16511507436702,1124.2993592042762
2026-01-14 22:00:00+00:00,BTCUSDT,1h,111.16511507436702,112.73994886198804,109.67025867358711,111.24403126167935,954.0560843483048
2026-01-14 23:00:00+00:00,BTCUSDT,1h,111.24403126167935,112.08987111534098,110.31136315005408,111.15653775005462,610.3042347623822
2026-01-15 00:00:00+00:00,BTCUSDT,1h,111.15653775005462,112.2327417405661,109.09826256827265,110.1648653075986,939.642942041272
2026-01-15 01:00:00+00:00,BTCUSDT,1h,110.1648653075986,111.98492551383652,109.30036455704958,111.11298455268404,971.4149068799468
2026-01-15 02:00:00+00:00,BTCUSDT,1h,111.11298455268404,112.82503565234148,110.12290858304286,111.82858331595722,1326.1802934228049
2026-01-15 03:00:00+00:00,BTCUSDT,1h,111.82858331595722,112.87998035627405,110.10391204895224,111.14891897815448,1141.4791314391362
2026-01-15 04:00:00+00:00,BTCUSDT,1h,111.14891897815448,112.8373521420506,109.86577111300096,111.5495788974972,1212.1407389953004
2026-01-15 05:00:00+00:00,BTCUSDT,1h,111.5495788974972,112.32513540590804,110.83176832159538,111.6069556164593,1203.8958145906058
2026-01-15 06:00:00+00:00,BTCUSDT,1h,111.6069556164593,112.90980954771776,110.37720575037238,111.67926295760412,1280.8764250834463
2026-01-15 07:00:00+00:00,BTCUSDT,1h,111.67926295760412,112.47539947391142,111.06697206876632,111.8621061320948,962.259826360184
2026-01-15 08:00:00+00:00,BTCUSDT,1h,111.8621061320948,113.29138317839978,111.02214924935149,112.44703415309684,1251.0715392307534
2026-01-15 09:00:00+00:00,BTCUSDT,1h,112.44703415309684,113.51224318869258,111.47378382683696,112.53820377215423,892.6509452361579
2026-01-15 10:00:00+00:00,BTCUSDT,1h,112.53820377215423,113.84196884656902,111.2373943994956,112.54112569986016,949.8432192033926
2026-01-15 11:00:00+00:00,BTCUSDT,1h,112.54112569986016,113.20818911221588,111.71879116840536,112.38492875684416,1173.246194264947
2026-01-15 12:00:00+00:00,BTCUSDT,1h,112.38492875684416,113.09076554106746,110.7229831555965,111.4227771187254,1197.4955935298462
2026-01-15 13:00:00+00:00,BTCUSDT,1h,111.4227771187254,113.27982949165188,110.58141581064832,112.43085610749336,1206.7967239801028
2026-01-15 14:00:00+00:00,BTCUSDT,1h,112.43085610749336,113.60817516985335,109.9818810961068,111.14574310506144,1071.455668205184
2026-01-15 15:00:00+00:00,BTCUSDT,1h,111.14574310506144,111.4624772516388,110.06431327638458,110.37886202731023,911.2963670121832
2026-01-15 16:00:00+00:00,BTCUSDT,1h,110.37886202731023,111.62362527743286,109.35392138578162,110.5966622172787,1034.0657696415335
2026-01-15 17:00:00+00:00,BTCUSDT,1h,110.5966622172787,112.29520104614942,109.4599957011104,111.15281858603268,734.9691195344137
2026-01-15 18:00:00+00:00,BTCUSDT,1h,111.15281858603268,111.89042362353784,110.20440633553068,110.94060312088244,1216.513344508693
2026-01-15 19:00:00+00:00,BTCUSDT,1h,110.94060312088244,112.18118407563892,109.41702818917685,110.65440880786062,1029.3760892209498
2026-01-15 20:00:00+00:00,BTCUSDT,1h,110.65440880786062,113.1522428488934,109.7672661706105,112.25228962221507,1011.9034608655272
2026-01-15 21:00:00+00:00,BTCUSDT,1h,112.25228962221507,113.21827260131536,111.2521606823028,112.21784726899018,1496.5755644819208
2026-01-15 22:00:00+00:00,BTCUSDT,1h,112.21784726899018,112.84013174997828,111.29790373485784,111.91852839528704,971.0031473787428
2026-01-15 23:00:00+00:00,BTCUSDT,1h,111.91852839528704,112.99073279518156,111.33775904133508,112.40742644393404,1169.2114962376268
2026-01-16 00:00:00+00:00,BTCUSDT,1h,112.40742644393404,113.82219885073528,111.54757598813784,112.95813579351032,959.0110122344258
2026-01-16 01:00:00+00:00,BTCUSDT,1h,112.95813579351032,113.7842476534238,111.6352241876874,112.45767596774412,849.0272647390345
2026-01-16 02:00:00+00:00,BTCUSDT,1h,112.45767596774412,114.80164073946682,110.9948331884486,113.32748355466757,951.6761586119068
2026-01-16 03:00:00+00:00,BTCUSDT,1h,113.32748355466757,113.6041639515764,113.05247605552375,113.32915240270248,902.1415377123316
2026-01-16 04:00:00+00:00,BTCUSDT,1h,113.32915240270248,114.60106406419996,112.31702329960795,113.58663541115834,1031.9520140577667
2026-01-16 05:00:00+00:00,BTCUSDT,1h,113.58663541115834,115.14449433468768,112.63483134460095,114.18765400711564,929.444017818836
2026-01-16 06:00:00+00:00,BTCUSDT,1h,114.18765400711564,115.5788569923648,113.91899255574862,115.30756061747694,775.3794152635196
2026-01-16 07:00:00+00:00,BTCUSDT,1h,115.30756061747694,115.98825581473204,114.14108231851372,114.81889276250416,850.9061403183769
2026-01-16 08:00:00+00:00,BTCUSDT,1h,114.81889276250416,115.50058581336168,114.00058756155988,114.68146468602691,993.084711656132
2026-01-16 09:00:00+00:00,BTCUSDT,1h,114.68146468602691,116.0369244065207,113.74792101420977,115.09997393602856,1029.956719677317
2026-01-16 10:00:00+00:00,BTCUSDT,1h,115.09997393602856,115.6345730917975,113.93314800567852,114.4647969864876,944.4123354148114
2026-01-16 11:00:00+00:00,BTCUSDT,1h,114.4647969864876,116.16046494719328,113.41619039216476,115.10598446469218,1219.042285831216
2026-01-16 12:00:00+00:00,BTCUSDT,1h,115.10598446469218,117.11422916159616,113.7948685370189,115.79526201077871,841.3438352026349
2026-01-16 13:00:00+00:00,BTCUSDT,1h,115.79526201077871,117.85850992534314,114.60301602279932,116.65738736096463,1415.4561404238666
2026-01-16 14:00:00+00:00,BTCUSDT,1h,116.65738736096463,118.12719836578415,115.6067264488876,117.0727961239918,976.5134273246064
2026-01-16 15:00:00+00:00,BTCUSDT,1h,117.0727961239918,117.55628878982868,116.70959317090976,117.19271380790332,952.6324009043792
2026-01-16 16:00:00+00:00,BTCUSDT,1h,117.19271380790332,118.48061222668184,115.88299162649422,117.17064754638012,871.8913526333761
2026-01-16 17:00:00+00:00,BTCUSDT,1h,117.17064754638012,118.84863922817054,115.59087643910745,117.26756146423492,897.1937766630524
2026-01-16 18:00:00+00:00,BTCUSDT,1h,117.26756146423492,118.62074826389448,116.51167843723908,117.86103979538856,982.564930700284
2026-01-16 19:00:00+00:00,BTCUSDT,1h,117.86103979538856,119.44929201079322,116.60374100291736,118.188499991805,904.644037875914
2026-01-16 20:00:00+00:00,BTCUSDT,1h,118.188499991805,119.67254382572328,115.9975385494264,117.4725930375008,1039.5980262341943
2026-01-16 21:00:00+00:00,BTCUSDT,1h,117.4725930375008,119.30052955130309,116.20908884007004,118.03101907088416,1152.8618645528231
2026-01-16 22:00:00+00:00,BTCUSDT,1h,118.03101907088416,118.93210030723448,116.95096734376048,117.85067175917092,694.5058495842067
2026-01-16 23:00:00+00:00,BTCUSDT,1h,117.85067175917092,118.76345126578032,117.06766375481828,117.9795867413804,998.078943392173
2026-01-17 00:00:00+00:00,BTCUSDT,1h,117.9795867413804,120.49475971377332,116.79020504634497,119.29214578305256,1013.094281939496
2026-01-17 01:00:00+00:00,BTCUSDT,1h,119.29214578305256,120.50906085842016,117.1239318749368,118.3310426087519,1303.6306681281378
2026-01-17 02:00:00+00:00,BTCUSDT,1h,118.3310426087519,119.4312519832406,116.6603787107399,117.7552343792352,900.38570582433
2026-01-17 03:00:00+00:00,BTCUSDT,1h,117.7552343792352,118.5743653720368,116.83249326444354,117.6508984740214,684.7054183201997
2026-01-17 04:00:00+00:00,BTCUSDT,1h,117.6508984740214,122.3965252502064,117.26921125902086,122.0007261700136,3826.935893848159
2026-01-17 05:00:00+00:00,BTCUSDT,1h,122.0007261700136,123.75468886672311,121.00456540491328,122.75239060846506,1057.3554568467823
2026-01-17 06:00:00+00:00,BTCUSDT,1h,122.75239060846506,123.85262379525398,121.69391495986945,122.79379115588156,1040.981066112785
2026-01-17 07:00:00+00:00,BTCUSDT,1h,122.79379115588156,123.7201931617003,121.69439342523924,122.61948036566112,737.9134916571142
2026-01-17 08:00:00+00:00,BTCUSDT,1h,122.61948036566112,123.38565483054602,121.13204797069356,121.89368739728351,1043.2855212675547
2026-01-17 09:00:00+00:00,BTCUSDT,1h,121.89368739728351,123.55846900592316,113.95250353824402,115.53037726922854,965.2511323959662
2026-01-17 10:00:00+00:00,BTCUSDT,1h,115.53037726922854,116.60640559914756,114.212435502435,115.28618951325758,1204.909204296796
2026-01-17 11:00:00+00:00,BTCUSDT,1h,115.28618951325758,117.8158861452364,114.0281126619256,116.5440823602711,887.3222247971726
2026-01-17 12:00:00+00:00,BTCUSDT,1h,116.5440823602711,117.8424196097332,115.13002397743924,116.42705753401566,1053.8001019426033
2026-01-17 13:00:00+00:00,BTCUSDT,1h,116.42705753401566,117.8921018338474,115.5151486117288,116.97589417686694,1317.6459298527348
2026-01-17 14:00:00+00:00,BTCUSDT,1h,116.97589417686694,119.31482745726191,115.64594186777958,117.97353254244145,1034.866134475374
2026-01-17 15:00:00+00:00,BTCUSDT,1h,117.97353254244145,118.45755077463215,116.3801467928119,116.85959479498854,1068.4792664778154
2026-01-17 16:00:00+00:00,BTCUSDT,1h,116.85959479498854,117.36918468306432,116.80366061585924,117.31303346809804,912.1784032317912
2026-01-17 17:00:00+00:00,BTCUSDT,1h,117.31303346809804,119.39673735600128,116.03667192452887,118.11168649648864,908.0313075629226
2026-01-17 18:00:00+00:00,BTCUSDT,1h,118.11168649648864,119.52843272819202,117.14654111091336,118.55962701284582,962.8833535616966
2026-01-17 19:00:00+00:00,BTCUSDT,1h,118.55962701284582,120.70974573922273,117.204598195044,119.3457324504953,903.3024867522544
2026-01-17 20:00:00+00:00,BTCUSDT,1h,119.3457324504953,119.8537563153014,118.18695367324966,118.69219560099562,728.2332767647239
2026-01-17 21:00:00+00:00,BTCUSDT,1h,118.69219560099562,121.25544711381316,117.07863706359308,119.62915115400412,1048.0979707051283
2026-01-17 22:00:00+00:00,BTCUSDT,1h,119.62915115400412,121.1124387362524,118.89927268402845,120.37799145999898,993.6508969537264
2026-01-17 23:00:00+00:00,BTCUSDT,1h,120.37799145999898,122.12972689682526,119.29038368782224,121.03617249931295,1000.5073739017988
2026-01-18 00:00:00+00:00,BTCUSDT,1h,121.03617249931295,121.50308659720643,119.40694903100444,119.869361992884,926.725577343052
2026-01-18 01:00:00+00:00,BTCUSDT,1h,119.869361992884,120.8161023742612,118.54940463389204,119.49317384309916,883.1526460099764
2026-01-18 02:00:00+00:00,BTCUSDT,1h,119.49317384309916,120.48412881767835,118.3633777193301,119.35317165803352,1108.20435831668
2026-01-18 03:00:00+00:00,BTCUSDT,1h,119.35317165803352,120.18818651980833,118.57631389852656,119.41095266952384,953.2747054772896
2026-01-18 04:00:00+00:00,BTCUSDT,1h,119.41095266952384,120.95517882427636,118.51444381432184,120.05384330007682,818.7837150801346
2026-01-18 05:00:00+00:00,BTCUSDT,1h,120.05384330007682,121.12634138249106,118.29002493278668,119.3562914527782,1115.9384644589377
2026-01-18 06:00:00+00:00,BTCUSDT,1h,119.3562914527782,121.07915161989251,118.50157597538876,120.21826352385634,1274.7074202656956
2026-01-18 07:00:00+00:00,BTCUSDT,1h,120.21826352385634,121.10980570256984,119.09113817562314,119.98092020933429,895.6457749797669
2026-01-18 08:00:00+00:00,BTCUSDT,1h,119.98092020933429,121.69562654939404,118.6430790820209,120.35362954564808,1000.9990815886972
2026-01-18 09:00:00+00:00,BTCUSDT,1h,120.35362954564808,120.78464143436324,119.57556718764484,120.0053317480314,1034.425866644074
2026-01-18 10:00:00+00:00,BTCUSDT,1h,120.0053317480314,120.90452131419391,118.86997818306276,119.76738483358596,882.4981359416133
2026-01-18 11:00:00+00:00,BTCUSDT,1h,119.76738483358596,120.58444955185364,118.34366000688313,119.1565576025226,1091.9100623208228
2026-01-18 12:00:00+00:00,BTCUSDT,1h,119.1565576025226,120.78399058431305,118.19927125991482,119.82136329011996,1067.21133916627
2026-01-18 13:00:00+00:00,BTCUSDT,1h,119.82136329011996,120.74404906734036,118.75946882067004,119.68107430092606,738.5800160199472
2026-01-18 14:00:00+00:00,BTCUSDT,1h,119.68107430092606,121.471899311117,118.50846522225648,120.29329185826796,1286.8862437820264
2026-01-18 15:00:00+00:00,BTCUSDT,1h,120.29329185826796,121.30784040481174,118.84913733326748,119.86003178261902,824.8109649954513
2026-01-18 16:00:00+00:00,BTCUSDT,1h,119.86003178261902,120.94850012734702,118.93674160495137,120.02394729704872,1135.3496878004105
2026-01-18 17:00:00+00:00,BTCUSDT,1h,120.02394729704872,121.21637928302242,118.72689474328568,119.91827689907672,909.07032014846
2026-01-18 18:00:00+00:00,BTCUSDT,1h,119.91827689907672,121.1940739925508,119.05665339996074,120.32949584866002,919.6128598688524
2026-01-18 19:00:00+00:00,BTCUSDT,1h,120.32949584866002,121.48737213286492,119.23004804140804,120.38739529967457,731.123344551095
2026-01-18 20:00:00+00:00,BTCUSDT,1h,120.38739529967457,121.42478077635424,118.29420970930386,119.32241821393434,993.5795606898614
2026-01-18 21:00:00+00:00,BTCUSDT,1h,119.32241821393434,119.69446437454616,117.54118686125506,117.90882545313674,855.8379800194766
2026-01-18 22:00:00+00:00,BTCUSDT,1h,117.90882545313674,119.14852883939724,116.88723413251668,118.12506397457187,1199.9660889055265
2026-01-18 23:00:00+00:00,BTCUSDT,1h,118.12506397457187,120.70601341295206,116.35790147861836,118.9268560295343,725.5280189672251
2026-01-19 00:00:00+00:00,BTCUSDT,1h,118.9268560295343,120.25546592944656,117.56857491424628,118.89684959257326,761.7066251156268
2026-01-19 01:00:00+00:00,BTCUSDT,1h,118.89684959257326,119.92536083438252,116.90005514031272,117.92011720755023,1217.5376679509443
2026-01-19 02:00:00+00:00,BTCUSDT,1h,117.92011720755023,119.12278784078636,117.57737686262516,118.77755531184236,769.6370785100181
2026-01-19 03:00:00+00:00,BTCUSDT,1h,118.77755531184236,119.5543206823084,117.93256536846468,118.70888163612656,1067.8913503910333
2026-01-19 04:00:00+00:00,BTCUSDT,1h,118.70888163612656,120.36878202373993,117.14100641417666,118.79970720196036,993.3115089583264
2026-01-19 05:00:00+00:00,BTCUSDT,1h,118.79970720196036,119.91258598560135,117.8129700531572,118.92480974896336,1220.3287943874352
2026-01-19 06:00:00+00:00,BTCUSDT,1h,118.92480974896336,120.0202763880533,117.06633126787786,118.15470413901426,856.0661375074598
2026-01-19 07:00:00+00:00,BTCUSDT,1h,118.15470413901426,119.51689324733428,115.82881268597995,117.17976182025464,1108.5366826412644
2026-01-19 08:00:00+00:00,BTCUSDT,1h,117.17976182025464,119.18150695402728,116.14292054133664,118.1362028017,1133.4220633424768
2026-01-19 09:00:00+00:00,BTCUSDT,1h,118.1362028017,119.39054811533109,116.9813924608886,118.23477421479411,927.818125114214
2026-01-19 10:00:00+00:00,BTCUSDT,1h,118.23477421479411,120.08178374630953,117.57982344195182,119.42026604932514,1341.152084542388
2026-01-19 11:00:00+00:00,BTCUSDT,1h,119.42026604932514,120.69526019538932,118.01818625165272,119.2918089212351,1036.1609472464609
2026-01-19 12:00:00+00:00,BTCUSDT,1h,119.2918089212351,121.1097445424836,117.80100826735844,119.61490611342576,1037.7476838644172
2026-01-19 13:00:00+00:00,BTCUSDT,1h,119.61490611342576,120.67402468103596,117.91491261465691,118.96830592369348,1136.985441662232
2026-01-19 14:00:00+00:00,BTCUSDT,1h,118.96830592369348,120.2789273998,115.98113613697068,117.27308207792674,1223.721357666367
2026-01-19 15:00:00+00:00,BTCUSDT,1h,117.27308207792674,118.17683725670788,115.17736546024416,116.07186354910289,1171.2545094946745
2026-01-19 16:00:00+00:00,BTCUSDT,1h,116.07186354910289,116.87549954571988,114.49997928244322,115.29825914600212,944.0995796207538
2026-01-19 17:00:00+00:00,BTCUSDT,1h,115.29825914600212,117.01418044950356,113.98030312673215,115.6917267646125,1004.5899556719228
2026-01-19 18:00:00+00:00,BTCUSDT,1h,115.6917267646125,117.00974301191384,114.4323261719579,115.7497112103785,1117.072231010687
2026-01-19 19:00:00+00:00,BTCUSDT,1h,115.7497112103785,117.14746203969412,114.29300847612292,115.6900387224792,732.9414715880491
2026-01-19 20:00:00+00:00,BTCUSDT,1h,115.6900387224792,116.60926708107456,114.88960409869328,115.80801619639024,911.5003582363336
2026-01-19 21:00:00+00:00,BTCUSDT,1h,115.80801619639024,116.91560628680348,114.85044209681784,115.95680193243612,1493.380557763708
2026-01-19 22:00:00+00:00,BTCUSDT,1h,115.95680193243612,117.48035138302969,114.89105678835752,116.41043693372916,1334.9280903440026
2026-01-19 23:00:00+00:00,BTCUSDT,1h,116.41043693372916,117.43181218715826,116.10122688526158,117.1207154928411,1034.0899532132116
2026-01-20 00:00:00+00:00,BTCUSDT,1h,117.1207154928411,118.3957963271335,116.3755379066392,117.64726856037454,1067.9762865520806
2026-01-20 01:00:00+00:00,BTCUSDT,1h,117.64726856037454,118.7353222615391,116.25551859202112,117.34073735775873,688.4860261065083
2026-01-20 02:00:00+00:00,BTCUSDT,1h,117.34073735775873,118.10439149338823,115.2432076636409,115.99812406490187,1052.9843054280518
2026-01-20 03:00:00+00:00,BTCUSDT,1h,115.99812406490187,117.7708697132137,115.15100658877198,116.91704151621308,860.3787564408909
2026-01-20 04:00:00+00:00,BTCUSDT,1h,116.91704151621308,118.52089731979753,115.95616963235857,117.55478420667092,1363.0836516013003
2026-01-20 05:00:00+00:00,BTCUSDT,1h,117.55478420667092,117.83062028376794,117.22003424533536,117.4957317589905,849.7614049835141
2026-01-20 06:00:00+00:00,BTCUSDT,1h,117.4957317589905,117.96339546570935,116.3693221032346,116.83435335111312,853.5022620013319
2026-01-20 07:00:00+00:00,BTCUSDT,1h,116.83435335111312,117.68122272873784,115.5129826228396,116.35638748300316,897.6672541880828
2026-01-20 08:00:00+00:00,BTCUSDT,1h,116.35638748300316,117.72010813630918,115.27337763805494,116.63450961519304,1040.4359636245788
2026-01-20 09:00:00+00:00,BTCUSDT,1h,116.63450961519304,117.058376374078,116.34324130871408,116.76677775783024,675.69811505791
2026-01-20 10:00:00+00:00,BTCUSDT,1h,116.76677775783024,117.79785215098669,115.12670739622664,116.152356323167,715.6855176848331
2026-01-20 11:00:00+00:00,BTCUSDT,1h,116.152356323167,117.17556244572258,114.83579741714614,115.85639637754004,1397.3415196838948
2026-01-20 12:00:00+00:00,BTCUSDT,1h,115.85639637754004,116.78124408613088,115.10538953040688,116.02911762160072,1220.4801946070268
2026-01-20 13:00:00+00:00,BTCUSDT,1h,116.02911762160072,116.99532475440368,115.19684951735024,116.16210275780723,1223.96645506689
2026-01-20 14:00:00+00:00,BTCUSDT,1h,116.16210275780723,117.16299048057296,114.5227496338342,115.5180883340294,1018.749992382526
2026-01-20 15:00:00+00:00,BTCUSDT,1h,115.5180883340294,116.66115129858784,114.98354450102468,116.12380459809997,745.4217868785136
2026-01-20 16:00:00+00:00,BTCUSDT,1h,116.12380459809997,116.95999180777146,115.00284592103574,115.8369676681354,1009.1249826768344
2026-01-20 17:00:00+00:00,BTCUSDT,1h,115.8369676681354,116.91278296485618,114.48428375368886,115.5575035772205,1136.9191773602358
2026-01-20 18:00:00+00:00,BTCUSDT,1h,115.5575035772205,116.25010175829622,114.9958167176031,115.68778165994574,1228.2355719663594
2026-01-20 19:00:00+00:00,BTCUSDT,1h,115.68778165994574,116.5407639171363,113.76176104542098,114.60677287304792,1175.480828964359
2026-01-20 20:00:00+00:00,BTCUSDT,1h,114.60677287304792,115.96189226552296,112.80898412008798,114.15880672601368,1378.1565186144646
2026-01-20 21:00:00+00:00,BTCUSDT,1h,114.15880672601368,116.26912054548896,113.1006299584611,115.2012807321695,1193.0027812161602
2026-01-20 22:00:00+00:00,BTCUSDT,1h,115.2012807321695,116.25709535838072,113.76771029619114,114.82003078353996,1088.621458448382
2026-01-20 23:00:00+00:00,BTCUSDT,1h,114.82003078353996,115.82332150544492,113.85173141545609,114.85472951628472,956.970392323113
2026-01-21 00:00:00+00:00,BTCUSDT,1h,114.85472951628472,115.90730787590444,112.44271799077715,113.48272268709424,1060.442245973587
2026-01-21 01:00:00+00:00,BTCUSDT,1h,113.48272268709424,116.00110592842296,112.33732489334932,114.84198886146731,1011.6216149107884
2026-01-21 02:00:00+00:00,BTCUSDT,1h,114.84198886146731,116.5459687803041,113.71312822446704,115.41150993029036,994.8883619238466
2026-01-21 03:00:00+00:00,BTCUSDT,1h,115.41150993029036,115.8265300322046,114.70654466827592,115.12051836372962,1022.6807058770142
2026-01-21 04:00:00+00:00,BTCUSDT,1h,115.12051836372962,116.48810628028784,114.84318870868402,116.20815646418409,809.271331133685
2026-01-21 05:00:00+00:00,BTCUSDT,1h,116.20815646418409,122.38958662758472,115.21448394674024,121.35193073339038,3245.626808673488
2026-01-21 06:00:00+00:00,BTCUSDT,1h,121.35193073339038,122.1062821093252,119.22972633181112,119.97552163375612,1098.9079532653384
2026-01-21 07:00:00+00:00,BTCUSDT,1h,119.97552163375612,121.4342767433311,118.91284595371526,120.36812361578627,822.7830955691029
2026-01-21 08:00:00+00:00,BTCUSDT,1h,120.36812361578627,121.25914756901588,119.8373543424496,120.72679670870107,811.1921278884258
2026-01-21 09:00:00+00:00,BTCUSDT,1h,120.72679670870107,122.20906989589116,118.385953406008,119.8575541075866,916.1194087197956
2026-01-21 10:00:00+00:00,BTCUSDT,1h,119.8575541075866,120.03588878424893,119.6891868425185,119.86750753731911,1216.260950234645
2026-01-21 11:00:00+00:00,BTCUSDT,1h,119.86750753731911,120.5333068335683,119.5047967597368,120.16968169790012,678.0355690410609
2026-01-21 12:00:00+00:00,BTCUSDT,1h,120.16968169790012,121.95567756576044,119.55123914616432,121.33125706994612,1364.8078862552898
2026-01-21 13:00:00+00:00,BTCUSDT,1h,121.33125706994612,121.3970782233256,120.89460909868414,120.9602289725426,1218.6682773977986
2026-01-21 14:00:00+00:00,BTCUSDT,1h,120.9602289725426,122.50600752728823,119.7500810007482,121.29253499614164,896.2181969784186
2026-01-21 15:00:00+00:00,BTCUSDT,1h,121.29253499614164,122.60570160492212,119.7945108678146,121.10565422271974,833.4048857232132
2026-01-21 16:00:00+00:00,BTCUSDT,1h,121.10565422271974,122.39870413715008,118.37015950831112,119.6476421697304,873.5505073307653
2026-01-21 17:00:00+00:00,BTCUSDT,1h,119.6476421697304,121.31334091216756,118.8683638242032,120.52832657158716,911.8492303831192
2026-01-21 18:00:00+00:00,BTCUSDT,1h,120.52832657158716,120.63692909574618,120.20507473976916,120.31348367889213,1231.7280137032285
2026-01-21 19:00:00+00:00,BTCUSDT,1h,120.31348367889213,121.19993314962998,118.94405036896744,119.8269148828196,1289.328056033363
2026-01-21 20:00:00+00:00,BTCUSDT,1h,119.8269148828196,121.15194474375971,118.55228945528552,119.8767887963634,1064.0486039087918
2026-01-21 21:00:00+00:00,BTCUSDT,1h,119.8767887963634,121.45712628518189,118.82344525952551,120.39919244762604,1227.7587038387844
2026-01-21 22:00:00+00:00,BTCUSDT,1h,120.39919244762604,121.52366576946696,119.09269910936382,120.21545642085478,855.7156764612074
2026-01-21 23:00:00+00:00,BTCUSDT,1h,120.21545642085478,121.21044471509566,120.0449015542308,121.03872184621142,1034.550907721548
2026-01-22 00:00:00+00:00,BTCUSDT,1h,121.03872184621142,122.35961615865612,119.95093165753616,121.26974969371172,996.0418126358804
2026-01-22 01:00:00+00:00,BTCUSDT,1h,121.26974969371172,123.96126750869306,119.53507240761616,122.213096321828,878.5208356217415
2026-01-22 02:00:00+00:00,BTCUSDT,1h,122.213096321828,122.7877989130123,120.2156378499204,120.78361837362094,835.1234441930305
2026-01-22 03:00:00+00:00,BTCUSDT,1h,120.78361837362094,121.72537899866296,119.71442895015062,120.65518819364604,1213.0930802806265
2026-01-22 04:00:00+00:00,BTCUSDT,1h,120.65518819364604,121.602465572232,119.37163988615268,120.31625627231249,1019.4266828300736
2026-01-22 05:00:00+00:00,BTCUSDT,1h,120.31625627231249,121.15955219191024,118.81395956195612,119.65260394637625,1548.5182529853814
2026-01-22 06:00:00+00:00,BTCUSDT,1h,119.65260394637625,120.25972669144043,118.95011122165972,119.5567475872053,561.9607240337472
2026-01-22 07:00:00+00:00,BTCUSDT,1h,119.5567475872053,121.11228231236588,118.72067407803968,120.27121247154123,870.5093382385484
2026-01-22 08:00:00+00:00,BTCUSDT,1h,120.27121247154123,123.50041672535768,118.79730889954564,122.00526265864872,654.9339479117491
2026-01-22 09:00:00+00:00,BTCUSDT,1h,122.00526265864872,123.3414034441272,120.38746070631449,121.72048272398494,1164.1503584751424
2026-01-22 10:00:00+00:00,BTCUSDT,1h,121.72048272398494,123.33769549885372,119.27136469934476,120.87737571594351,1367.16143041853
2026-01-22 11:00:00+00:00,BTCUSDT,1h,120.87737571594351,121.19878985180524,119.72425823748584,120.04345496984752,718.8622589557127
2026-01-22 12:00:00+00:00,BTCUSDT,1h,120.04345496984752,121.84081017672573,118.70058199671188,120.49290935639505,1033.48341023606
2026-01-22 13:00:00+00:00,BTCUSDT,1h,120.49290935639505,121.4166738814192,119.11040190571649,120.03062228528889,1109.0509716283802
2026-01-22 14:00:00+00:00,BTCUSDT,1h,120.03062228528889,120.37264867328314,118.78457355544542,119.12401657704682,978.8771857682232
2026-01-22 15:00:00+00:00,BTCUSDT,1h,119.12401657704682,120.99363952289424,118.11032804192106,119.97272885131966,1034.5263875347682
2026-01-22 16:00:00+00:00,BTCUSDT,1h,119.97272885131966,121.25562620356834,118.1758055937864,119.45314693113014,653.9597667750531
2026-01-22 17:00:00+00:00,BTCUSDT,1h,119.45314693113014,120.1875465561776,118.63777261943672,119.37167133135245,964.2651008680956
2026-01-22 18:00:00+00:00,BTCUSDT,1h,119.37167133135245,120.5854276035794,117.46518970661192,118.67183008024568,979.0901515770944
2026-01-22 19:00:00+00:00,BTCUSDT,1h,118.67183008024568,119.79225509957556,117.0936129444136,118.20967458126654,983.6810353609455
2026-01-22 20:00:00+00:00,BTCUSDT,1h,118.20967458126654,118.93494361453898,111.20530600864402,111.89181214030847,1149.2466522291245
2026-01-22 21:00:00+00:00,BTCUSDT,1h,111.89181214030847,112.7011177242738,110.41876421785534,111.22323402346538,939.5034061989118
2026-01-22 22:00:00+00:00,BTCUSDT,1h,111.22323402346538,112.20836830523535,110.40967789428444,111.39356625980244,1424.2474949992638
2026-01-22 23:00:00+00:00,BTCUSDT,1h,111.39356625980244,112.47062375805282,109.12139111165004,110.1867802708588,986.2009937990932
2026-01-23 00:00:00+00:00,BTCUSDT,1h,110.1867802708588,111.21470263874536,109.85451759878588,110.88034854655848,1235.8522093630963
2026-01-23 01:00:00+00:00,BTCUSDT,1h,110.88034854655848,111.98449247726978,108.82580678880056,109.92039148947504,1094.5961038246646
2026-01-23 02:00:00+00:00,BTCUSDT,1h,109.92039148947504,110.54385827653,109.2772633604963,109.90061799257788,828.9021782075569
2026-01-23 03:00:00+00:00,BTCUSDT,1h,109.90061799257788,110.54361590440156,109.28204619537918,109.92490739514722,601.9266815237172
2026-01-23 04:00:00+00:00,BTCUSDT,1h,109.92490739514722,111.0551615380287,107.5749756810891,108.69255874513912,1157.100136016513
2026-01-23 05:00:00+00:00,BTCUSDT,1h,108.69255874513912,109.8669902923618,107.81902086427598,108.99105347584454,1069.2518984139024
2026-01-23 06:00:00+00:00,BTCUSDT,1h,108.99105347584454,110.22609294060804,108.04723143284212,109.27977071355878,835.4936500666917
2026-01-23 07:00:00+00:00,BTCUSDT,1h,109.27977071355878,109.76695175500026,108.28142297633846,108.76631497655066,1024.737844963679
2026-01-23 08:00:00+00:00,BTCUSDT,1h,108.76631497655066,109.57601146974667,107.28411330097518,108.08876586916246,1257.9192265537115
2026-01-23 09:00:00+00:00,BTCUSDT,1h,108.08876586916246,109.26078354226186,106.64719173628085,107.81625454084848,1307.3293355031049
2026-01-23 10:00:00+00:00,BTCUSDT,1h,107.81625454084848,108.2081653839046,106.22211851760964,106.60964334286304,1090.7156702189195
2026-01-23 11:00:00+00:00,BTCUSDT,1h,106.60964334286304,107.62802442817735,105.11853164373169,106.1323534510786,1138.1754335167243
2026-01-23 12:00:00+00:00,BTCUSDT,1h,106.1323534510786,107.2400597026621,104.6798160860358,105.7838853667719,1346.1793012080625
2026-01-23 13:00:00+00:00,BTCUSDT,1h,105.7838853667719,106.94055303301896,105.21855550766496,106.37207974762076,969.0758794796038
2026-01-23 14:00:00+00:00,BTCUSDT,1h,106.37207974762076,107.72130609355013,104.66876056324186,106.01343788606748,960.2791609057648
2026-01-23 15:00:00+00:00,BTCUSDT,1h,106.01343788606748,106.87543477987528,104.70266682783074,105.56098481879036,1102.4937176108035
2026-01-23 16:00:00+00:00,BTCUSDT,1h,105.56098481879036,106.4393761146268,104.43588869098794,105.31220988739577,1000.4983577636336
2026-01-23 17:00:00+00:00,BTCUSDT,1h,105.31220988739577,106.92714717636343,104.16075780250364,105.77068229184876,1055.937039984147
2026-01-23 18:00:00+00:00,BTCUSDT,1h,105.77068229184876,106.74820117825143,104.49392928846652,105.46865689544508,823.4840566057668
2026-01-23 19:00:00+00:00,BTCUSDT,1h,105.46865689544508,107.10946162460036,104.51088568407164,106.14554353926552,1051.4886653055114
2026-01-23 20:00:00+00:00,BTCUSDT,1h,106.14554353926552,107.7539200297286,103.01619119743502,104.60116642430005,1294.2318546647125
2026-01-23 21:00:00+00:00,BTCUSDT,1h,104.60116642430005,106.2906350557759,103.7182093482036,105.40092705772888,1138.7689661269928
2026-01-23 22:00:00+00:00,BTCUSDT,1h,105.40092705772888,107.86112113944382,104.76514406517808,107.2143992037538,1155.187609377686
2026-01-23 23:00:00+00:00,BTCUSDT,1h,107.2143992037538,108.53180709909904,106.2999228469478,107.61392303677964,1078.2929325655248
2026-01-24 00:00:00+00:00,BTCUSDT,1h,107.61392303677964,108.69809213669116,105.92135867140335,106.99933604249762,747.3646743456952
2026-01-24 01:00:00+00:00,BTCUSDT,1h,106.99933604249762,109.34200686297042,105.86980763206344,108.19980580656912,840.6502764715447
2026-01-24 02:00:00+00:00,BTCUSDT,1h,108.19980580656912,109.1184565354346,105.96280957022545,106.8701712795006,1113.6087923712453
2026-01-24 03:00:00+00:00,BTCUSDT,1h,106.8701712795006,108.2834753969142,104.85951711641978,106.26481571174844,1067.810744682698
2026-01-24 04:00:00+00:00,BTCUSDT,1h,106.26481571174844,106.69244974246398,105.57970528848378,106.0062989885158,990.5291219751324
2026-01-24 05:00:00+00:00,BTCUSDT,1h,106.0062989885158,107.08525151352733,104.8425550048904,105.9206356317604,1225.157255261602
2026-01-24 06:00:00+00:00,BTCUSDT,1h,105.9206356317604,107.0022851785405,104.90202426739069,105.98307336661952,1300.6126052427994
2026-01-24 07:00:00+00:00,BTCUSDT,1h,105.98307336661952,107.21445491169624,105.19213935211329,106.4202582591934,1139.6602123406597
2026-01-24 08:00:00+00:00,BTCUSDT,1h,106.4202582591934,107.44124220746924,105.11397881325642,106.13219915499388,1026.071097224955
2026-01-24 09:00:00+00:00,BTCUSDT,1h,106.13219915499388,107.19873104634252,104.41823779548471,105.4781975668138,1032.645603417354
2026-01-24 10:00:00+00:00,BTCUSDT,1h,105.4781975668138,106.43724439183552,105.02947690519032,105.98636191999876,1237.2351717685733
2026-01-24 11:00:00+00:00,BTCUSDT,1h,105.98636191999876,107.5295147289916,105.2256422081131,106.76321910560462,995.5100227620774
2026-01-24 12:00:00+00:00,BTCUSDT,1h,106.76321910560462,107.70895318346574,105.89232189786269,106.8374504500461,1181.4765117294503
2026-01-24 13:00:00+00:00,BTCUSDT,1h,106.8374504500461,107.34570863995452,105.9150305569168,106.4213090357681,964.7967129176473
2026-01-24 14:00:00+00:00,BTCUSDT,1h,106.4213090357681,108.42670852624532,105.67453224754463,107.67116130779586,811.8942664463165
2026-01-24 15:00:00+00:00,BTCUSDT,1h,107.67116130779586,108.6038935774408,106.18292047730152,107.11079844315506,1245.6387469984936
2026-01-24 16:00:00+00:00,BTCUSDT,1h,107.11079844315506,108.03913108966762,105.74240678247637,106.6668920786173,1052.096551499577
2026-01-24 17:00:00+00:00,BTCUSDT,1h,106.6668920786173,107.9079626478598,105.75309134366016,106.99138205150489,1218.8337717072145
2026-01-24 18:00:00+00:00,BTCUSDT,1h,106.99138205150489,108.13251009380204,106.31947815525402,107.45767786846322,1493.4492801180522
2026-01-24 19:00:00+00:00,BTCUSDT,1h,107.45767786846322,107.90558509009615,106.1592506793148,106.60359790793687,1215.100078609648
2026-01-24 20:00:00+00:00,BTCUSDT,1h,106.60359790793687,107.53378030883752,105.81759020087684,106.74671735606844,1047.8987723298617
2026-01-24 21:00:00+00:00,BTCUSDT,1h,106.74671735606844,107.94332730549804,106.0162088594984,107.20965077896744,880.3339383939069
2026-01-24 22:00:00+00:00,BTCUSDT,1h,107.20965077896744,107.80147707622017,105.9693670434298,106.55759380968014,846.804268635406
2026-01-24 23:00:00+00:00,BTCUSDT,1h,106.55759380968014,108.26973692608414,105.60552102054208,107.31093318614587,1115.131395602362
2026-01-25 00:00:00+00:00,BTCUSDT,1h,107.31093318614587,108.51679098809176,105.76636148546004,106.9683698881576,693.8280938683802
2026-01-25 01:00:00+00:00,BTCUSDT,1h,106.9683698881576,108.38323289611036,105.88046527597636,107.2920364848328,889.7537479502869
2026-01-25 02:00:00+00:00,BTCUSDT,1h,107.2920364848328,108.3263287629023,105.62160060325996,106.64970078284516,863.1288748836594
2026-01-25 03:00:00+00:00,BTCUSDT,1h,106.64970078284516,107.50354424999712,105.24455233916792,106.09394640570478,780.8566957656211
2026-01-25 04:00:00+00:00,BTCUSDT,1h,106.09394640570478,107.59488927011031,104.5229621426122,106.0228998906714,917.0148411432002
2026-01-25 05:00:00+00:00,BTCUSDT,1h,106.0228998906714,107.13935542715753,105.50271448576774,106.61625879606804,1021.0662995619168
2026-01-25 06:00:00+00:00,BTCUSDT,1h,106.61625879606804,111.56100295943445,105.809910342819,110.72359038416089,3466.953542204569
2026-01-25 07:00:00+00:00,BTCUSDT,1h,110.72359038416089,113.02942534840948,109.87311309660237,112.1678545453493,1264.9415910090054
2026-01-25 08:00:00+00:00,BTCUSDT,1h,112.1678545453493,113.57483963497144,111.0159483543851,112.42034054264002,910.2606129118512
2026-01-25 09:00:00+00:00,BTCUSDT,1h,112.42034054264002,113.25846697678055,111.12570196948283,111.96039940829226,849.2676570294409
2026-01-25 10:00:00+00:00,BTCUSDT,1h,111.96039940829226,112.51777251423646,111.4132054602102,111.97052905861972,1004.6291365552496
2026-01-25 11:00:00+00:00,BTCUSDT,1h,111.97052905861972,113.61931725972774,110.45873601722325,112.10569919109072,1348.3995152843827
2026-01-25 12:00:00+00:00,BTCUSDT,1h,112.10569919109072,113.20241987918034,111.37152913091003,112.46589095578868,1125.3592986417425
2026-01-25 13:00:00+00:00,BTCUSDT,1h,112.46589095578868,113.87954271730544,111.62577533454994,113.03517457066802,834.1257316825099
2026-01-25 14:00:00+00:00,BTCUSDT,1h,113.03517457066802,113.93301293657436,110.9512360434478,111.83957778435234,1388.3353886561847
2026-01-25 15:00:00+00:00,BTCUSDT,1h,111.83957778435234,112.87040980079036,110.69063087852868,111.72036409532994,1077.1353607948438
2026-01-25 16:00:00+00:00,BTCUSDT,1h,111.72036409532994,113.22907643610831,110.56030206069744,112.06543135348966,603.2657823409925
2026-01-25 17:00:00+00:00,BTCUSDT,1h,112.06543135348966,113.09604252897635,110.9558844010714,111.9857629046474,986.5899104228724
2026-01-25 18:00:00+00:00,BTCUSDT,1h,111.9857629046474,113.61018664757412,111.20681025789874,112.82539368149422,1189.389866629902
2026-01-25 19:00:00+00:00,BTCUSDT,1h,112.82539368149422,114.88157498235609,111.99908591014886,114.0463253822284,1011.5519379709616
2026-01-25 20:00:00+00:00,BTCUSDT,1h,114.0463253822284,115.23153751925594,112.69172000317634,113.87515325533728,578.4013441624073
2026-01-25 21:00:00+00:00,BTCUSDT,1h,113.87515325533728,114.6973050044384,112.09133537741552,112.90649363249769,1181.495873125574
2026-01-25 22:00:00+00:00,BTCUSDT,1h,112.90649363249769,113.981762136847,112.26806636798358,113.34087865187344,1328.9522493391923
2026-01-25 23:00:00+00:00,BTCUSDT,1h,113.34087865187344,114.1615245547641,112.6330843271578,113.45302986498078,1114.4768565731235
2026-01-26 00:00:00+00:00,BTCUSDT,1h,113.45302986498078,115.2868979623155,112.5537733472508,114.38029173972969,704.8017687193449
2026-01-26 01:00:00+00:00,BTCUSDT,1h,114.38029173972969,115.34269802215816,113.08275627120868,114.04231881842892,1197.238860153266
2026-01-26 02:00:00+00:00,BTCUSDT,1h,114.04231881842892,115.06030436047796,112.38545997709907,113.39769132655071,772.1092537507177
2026-01-26 03:00:00+00:00,BTCUSDT,1h,113.39769132655071,113.96270612370984,112.92828317878532,113.49290384506368,916.6955631340022
2026-01-26 04:00:00+00:00,BTCUSDT,1h,113.49290384506368,114.08320129545888,111.91339159825684,112.4985170602378,691.0302231680579
2026-01-26 05:00:00+00:00,BTCUSDT,1h,112.4985170602378,113.82845418620391,109.8974868535642,111.21221757966816,1245.7477482945706
2026-01-26 06:00:00+00:00,BTCUSDT,1h,111.21221757966816,112.36817671549886,110.42494059314954,111.57830815503952,1304.4629993553233
2026-01-26 07:00:00+00:00,BTCUSDT,1h,111.57830815503952,112.63161492854408,110.3853657758571,111.43734181760465,1238.2723117752698
2026-01-26 08:00:00+00:00,BTCUSDT,1h,111.43734181760465,113.04498966210662,110.03206267451438,111.63719033193736,982.6762412469326
2026-01-26 09:00:00+00:00,BTCUSDT,1h,111.63719033193736,112.59450925457524,110.63052830742762,111.58742043985949,780.8127886343354
2026-01-26 10:00:00+00:00,BTCUSDT,1h,111.58742043985949,112.76116739461844,109.75551493360106,110.9222653672663,666.6852264912825
2026-01-26 11:00:00+00:00,BTCUSDT,1h,110.9222653672663,112.73968236318596,109.92205808186029,111.73217199479052,1250.388834082913
2026-01-26 12:00:00+00:00,BTCUSDT,1h,111.73217199479052,113.42805929329614,110.6143943451738,112.30455547325052,1362.6259851056193
2026-01-26 13:00:00+00:00,BTCUSDT,1h,112.30455547325052,113.20280328346368,111.41754182680585,112.31570160169402,1239.929096617588
2026-01-26 14:00:00+00:00,BTCUSDT,1h,112.31570160169402,113.62072554919176,110.6332404944134,111.93382735042948,1152.2276076470437
2026-01-26 15:00:00+00:00,BTCUSDT,1h,111.93382735042948,112.42448764907486,111.1706850824505,111.66014570158222,608.8008518309938
2026-01-26 16:00:00+00:00,BTCUSDT,1h,111.66014570158222,113.40150873098824,111.24433935855085,112.98078451870668,771.7363004732158
2026-01-26 17:00:00+00:00,BTCUSDT,1h,112.98078451870668,114.72311406947776,111.89428170546488,113.63036443813418,1054.90325603075
2026-01-26 18:00:00+00:00,BTCUSDT,1h,113.63036443813418,114.53320576971991,112.84598726085063,113.74801645426562,827.0609194720015
2026-01-26 19:00:00+00:00,BTCUSDT,1h,113.74801645426562,114.88080234437788,112.17056418016242,113.29887721342332,1226.692209218157
2026-01-26 20:00:00+00:00,BTCUSDT,1h,113.29887721342332,115.078089007268,112.3875927788289,114.15987936845856,559.9896955181924
2026-01-26 21:00:00+00:00,BTCUSDT,1h,114.15987936845856,115.4450425568106,113.28063214264766,114.56269290407292,471.8006913634041
2026-01-26 22:00:00+00:00,BTCUSDT,1h,114.56269290407292,116.58987378995866,113.5526369162528,115.57092856913592,999.3290175089134
2026-01-26 23:00:00+00:00,BTCUSDT,1h,115.57092856913592,116.75088147729318,114.58621807970984,115.76452149875394,1058.473094458502
2026-01-27 00:00:00+00:00,BTCUSDT,1h,115.76452149875394,116.85933134890196,114.81072410347316,115.90438162968924,1126.1121124788824
2026-01-27 01:00:00+00:00,BTCUSDT,1h,115.90438162968924,118.0036959764681,114.11462550660562,116.20923245047648,1040.8315423034462
2026-01-27 02:00:00+00:00,BTCUSDT,1h,116.20923245047648,116.95327167245576,115.17737220832922,115.91955675772772,1091.1658245345425
2026-01-27 03:00:00+00:00,BTCUSDT,1h,115.91955675772772,117.11863393461796,114.88019299019068,116.07785086250692,975.0177403883464
2026-01-27 04:00:00+00:00,BTCUSDT,1h,116.07785086250692,117.29674012242626,114.80946376871148,116.02782775504956,1289.0356078852597
2026-01-27 05:00:00+00:00,BTCUSDT,1h,116.02782775504956,117.26810233284824,115.1094167148838,116.3471636096254,783.0862443140696
2026-01-27 06:00:00+00:00,BTCUSDT,1h,116.3471636096254,117.31999481141712,114.646666106211,115.61336165834878,964.9289697986554
2026-01-27 07:00:00+00:00,BTCUSDT,1h,115.61336165834878,116.1789717673238,115.05167076042716,115.617261920539,987.4924536912685
2026-01-27 08:00:00+00:00,BTCUSDT,1h,115.617261920539,116.1468525009438,113.80504871786866,114.32873714688698,851.5614906895357
2026-01-27 09:00:00+00:00,BTCUSDT,1h,114.32873714688698,115.51562360006892,113.6083203600986,114.79228586543604,819.2322224601228
2026-01-27 10:00:00+00:00,BTCUSDT,1h,114.79228586543604,115.92998069782529,113.89568544169224,115.03151176833398,1191.566587200423
2026-01-27 11:00:00+00:00,BTCUSDT,1h,115.03151176833398,116.3076556813189,114.0281617331752,115.30194680552678,966.7362643553588
2026-01-27 12:00:00+00:00,BTCUSDT,1h,115.30194680552678,116.47924118254365,114.62719502656736,115.80156561358,696.8825052801819
2026-01-27 13:00:00+00:00,BTCUSDT,1h,115.80156561358,117.23641235762422,115.03671249558732,116.46716306173144,1011.1403849681936
2026-01-27 14:00:00+00:00,BTCUSDT,1h,116.46716306173144,118.23262670310524,115.17697470836777,116.93723107704172,419.36458027782464
2026-01-27 15:00:00+00:00,BTCUSDT,1h,116.93723107704172,118.30554280195412,114.87104876817688,116.23109785199296,658.8964262391481
2026-01-27 16:00:00+00:00,BTCUSDT,1h,116.23109785199296,117.39777419159478,115.42772037598074,116.59190286816496,821.5799305371926
2026-01-27 17:00:00+00:00,BTCUSDT,1h,116.59190286816496,116.93123983477572,116.19022845823362,116.52938346413876,1081.1791635778582
2026-01-27 18:00:00+00:00,BTCUSDT,1h,116.52938346413876,117.81624831093676,116.0979226773478,117.38163199537787,865.2575521564869
2026-01-27 19:00:00+00:00,BTCUSDT,1h,117.38163199537787,119.33472866541322,116.3129070042654,118.2580243812134,934.414183036607
2026-01-27 20:00:00+00:00,BTCUSDT,1h,118.2580243812134,119.65799736357437,117.91050695710348,119.30739621640204,943.8002792094634
2026-01-27 21:00:00+00:00,BTCUSDT,1h,119.30739621640204,120.242054664675,118.4689793700529,119.40296621289646,1158.9962762983391
2026-01-27 22:00:00+00:00,BTCUSDT,1h,119.40296621289646,120.37321378363592,117.26798797646224,118.22869361392593,840.9783716865006
2026-01-27 23:00:00+00:00,BTCUSDT,1h,118.22869361392593,120.43762695255988,116.91234396335408,119.11144877046722,849.1844439425064
2026-01-28 00:00:00+00:00,BTCUSDT,1h,119.11144877046722,120.0456020855795,117.42241748793631,118.35060373676016,826.1036694198834
2026-01-28 01:00:00+00:00,BTCUSDT,1h,118.35060373676016,119.44784586134558,116.87926980707148,117.97301122787002,906.2894910281858
2026-01-28 02:00:00+00:00,BTCUSDT,1h,117.97301122787002,120.2663297741234,117.00816172598644,119.29070344568632,893.5351552319577
2026-01-28 03:00:00+00:00,BTCUSDT,1h,119.29070344568632,120.05493768468148,117.75711592514476,118.51638953278412,1220.409215378548
2026-01-28 04:00:00+00:00,BTCUSDT,1h,118.51638953278412,120.3965950488516,117.06149348559865,118.93654125861022,1261.2702550090833
2026-01-28 05:00:00+00:00,BTCUSDT,1h,118.93654125861022,120.06475116845348,118.23780032898746,119.36350188553398,967.9001864531784
2026-01-28 06:00:00+00:00,BTCUSDT,1h,119.36350188553398,119.79946168051823,119.00626674556904,119.4419916337706,1064.3309545752213
2026-01-28 07:00:00+00:00,BTCUSDT,1h,119.4419916337706,120.36318190944142,111.88297734564895,112.7525758428149,894.5401530532206
2026-01-28 08:00:00+00:00,BTCUSDT,1h,112.7525758428149,114.9749578453621,110.95988063395257,113.17553780666368,758.6182615806763
2026-01-28 09:00:00+00:00,BTCUSDT,1h,113.17553780666368,114.79282182303788,111.5754747117814,113.1925186548236,812.3658278150463
2026-01-28 10:00:00+00:00,BTCUSDT,1h,113.1925186548236,114.05946041272038,112.2038564170762,113.06985872227052,1061.3332342889253
2026-01-28 11:00:00+00:00,BTCUSDT,1h,113.06985872227052,114.07719358894164,111.00279371984898,112.00060262656244,1120.693044089986
2026-01-28 12:00:00+00:00,BTCUSDT,1h,112.00060262656244,114.63598988256848,111.13155348203512,113.75334067282752,883.8475569771865
2026-01-28 13:00:00+00:00,BTCUSDT,1h,113.75334067282752,113.89548565348235,113.7388246794456,113.88095337552242,1067.8021517339098
2026-01-28 14:00:00+00:00,BTCUSDT,1h,113.88095337552242,115.89680869728592,112.98121550811346,114.98832185714224,993.198977859964
2026-01-28 15:00:00+00:00,BTCUSDT,1h,114.98832185714224,115.95712231486868,113.89184147309328,114.85955706070672,750.8527764967945
2026-01-28 16:00:00+00:00,BTCUSDT,1h,114.85955706070672,116.74015402726302,114.09778822100806,115.97101381037784,909.9985228716596
2026-01-28 17:00:00+00:00,BTCUSDT,1h,115.97101381037784,118.12249776546952,115.03232705328278,117.1740732649428,917.8503270107924
2026-01-28 18:00:00+00:00,BTCUSDT,1h,117.1740732649428,119.40723401093211,116.16660604066426,118.38931806475487,1192.3894338827834
2026-01-28 19:00:00+00:00,BTCUSDT,1h,118.38931806475487,118.71329780031964,117.71529523736102,118.03831442963738,1039.5426527646785
2026-01-28 20:00:00+00:00,BTCUSDT,1h,118.03831442963738,119.91006070905809,117.2496103121347,119.11416799233798,1078.1368684412644
2026-01-28 21:00:00+00:00,BTCUSDT,1h,119.11416799233798,120.7564204725899,118.0571221378712,119.69422704394132,1020.0671075097124
2026-01-28 22:00:00+00:00,BTCUSDT,1h,119.69422704394132,121.36652134551416,118.6490249180539,120.3158906858026,898.9764841023716
2026-01-28 23:00:00+00:00,BTCUSDT,1h,120.3158906858026,122.4233794728274,119.05003531129664,121.14876138341462,1082.508898685361
2026-01-29 00:00:00+00:00,BTCUSDT,1h,121.14876138341462,121.76483760442734,121.12961610846124,121.74559801071082,1061.1703119891797
2026-01-29 01:00:00+00:00,BTCUSDT,1h,121.74559801071082,122.10586886415716,121.48752796829592,121.84758263998266,1424.3565421319863
2026-01-29 02:00:00+00:00,BTCUSDT,1h,121.84758263998266,123.00936248652502,121.01983183829796,122.1793578266122,932.2266327174432
2026-01-29 03:00:00+00:00,BTCUSDT,1h,122.1793578266122,123.44019164256618,121.19293714056982,122.4515732130342,684.5977713495439
2026-01-29 04:00:00+00:00,BTCUSDT,1h,122.4515732130342,123.6117172323893,121.0756556828861,122.23373584373324,1131.9370543613577
2026-01-29 05:00:00+00:00,BTCUSDT,1h,122.23373584373324,123.55764397167168,121.63066874123923,122.95103790122876,881.9827344762823
2026-01-29 06:00:00+00:00,BTCUSDT,1h,122.95103790122876,124.08670284660508,122.1755313176446,123.3089388235857,1052.8176129149597
2026-01-29 07:00:00+00:00,BTCUSDT,1h,123.3089388235857,128.97615297822847,122.08537913613009,127.70893339045736,3069.3822828449274
2026-01-29 08:00:00+00:00,BTCUSDT,1h,127.70893339045736,129.31244406979857,126.65131523208792,128.25034224827473,854.0084432222393
2026-01-29 09:00:00+00:00,BTCUSDT,1h,128.25034224827473,129.31798757994386,126.3451053914302,127.4057194939826,890.2381211664457
2026-01-29 10:00:00+00:00,BTCUSDT,1h,127.4057194939826,128.24011636383062,125.53788972175565,126.36547388584168,1172.790080461693
2026-01-29 11:00:00+00:00,BTCUSDT,1h,126.36547388584168,128.75332247340108,125.03677714507371,127.41360493505168,1288.1751289399415
2026-01-29 12:00:00+00:00,BTCUSDT,1h,127.41360493505168,128.40507684106947,126.24934042472168,127.23945719609146,824.3724178610747
2026-01-29 13:00:00+00:00,BTCUSDT,1h,127.23945719609146,128.90624751433535,125.09918232409626,126.75968783936788,1103.846458111462
2026-01-29 14:00:00+00:00,BTCUSDT,1h,126.75968783936788,129.4247796051198,124.71712164935684,127.37234130764443,1404.6114609707538
2026-01-29 15:00:00+00:00,BTCUSDT,1h,127.37234130764443,128.80098137142195,125.4057867994809,126.8283250406302,865.841005016869
2026-01-29 16:00:00+00:00,BTCUSDT,1h,126.8283250406302,128.03898824118767,126.49863721507364,127.70701627443384,829.1841488563625
2026-01-29 17:00:00+00:00,BTCUSDT,1h,127.70701627443384,129.53586238007875,125.3040977609892,127.12460334114064,660.7975627830479
2026-01-29 18:00:00+00:00,BTCUSDT,1h,127.12460334114064,129.5778673981788,125.65967440257558,128.10167906166444,1042.2467503851938
2026-01-29 19:00:00+00:00,BTCUSDT,1h,128.10167906166444,130.94368518897065,126.04293312779777,128.8725504377007,1069.4510352146788
2026-01-29 20:00:00+00:00,BTCUSDT,1h,128.8725504377007,130.46674984256873,127.19209240286948,128.78521139260457,1176.35756929868
2026-01-29 21:00:00+00:00,BTCUSDT,1h,128.78521139260457,129.92424537768073,126.8851370178552,128.01737995845627,1075.7515726357626
2026-01-29 22:00:00+00:00,BTCUSDT,1h,128.01737995845627,128.70780038000402,126.57188401103888,127.2582100949478,884.4143569012812
2026-01-29 23:00:00+00:00,BTCUSDT,1h,127.2582100949478,128.5091281718907,125.2126248436914,126.45565398406896,1078.3245747952578
2026-01-30 00:00:00+00:00,BTCUSDT,1h,126.45565398406896,127.3375636172482,124.00405858795745,124.87494425269053,1048.0750412533894
2026-01-30 01:00:00+00:00,BTCUSDT,1h,124.87494425269053,125.79833492116695,123.05236911504836,123.96906121038025,1074.4710890625186
2026-01-30 02:00:00+00:00,BTCUSDT,1h,123.96906121038025,124.87313264310106,121.90728416537442,122.8028507538381,535.1082977600532
2026-01-30 03:00:00+00:00,BTCUSDT,1h,122.8028507538381,124.20503969563028,122.07050485530137,123.46872280891624,718.340387565967
2026-01-30 04:00:00+00:00,BTCUSDT,1h,123.46872280891624,123.8569236153552,121.79824488027408,122.1824013342451,1269.2668452447506
2026-01-30 05:00:00+00:00,BTCUSDT,1h,122.1824013342451,122.96238363024833,120.86955062280764,121.6461093632225,927.432957364802
2026-01-30 06:00:00+00:00,BTCUSDT,1h,121.6461093632225,122.91271071500168,119.35633332815186,120.61216910646782,497.0849094377869
2026-01-30 07:00:00+00:00,BTCUSDT,1h,120.61216910646782,122.04060494498736,119.9178130424612,121.34204702339574,1012.453155575963
2026-01-30 08:00:00+00:00,BTCUSDT,1h,121.34204702339574,122.91857252667256,120.05650914921114,121.62998415109848,750.9611119006797
2026-01-30 09:00:00+00:00,BTCUSDT,1h,121.62998415109848,123.11067132367276,120.67246486313354,122.14906562129931,970.0553291387422
2026-01-30 10:00:00+00:00,BTCUSDT,1h,122.14906562129931,123.5441176696309,120.60984565819167,122.00323215737204,1096.8549092679357
2026-01-30 11:00:00+00:00,BTCUSDT,1h,122.00323215737204,124.3412261873232,120.68473051766512,123.01182458418876,598.1690731601708
2026-01-30 12:00:00+00:00,BTCUSDT,1h,123.01182458418876,124.37492269864973,121.63360597087583,122.99653465714732,816.8440410835527
2026-01-30 13:00:00+00:00,BTCUSDT,1h,122.99653465714732,123.1193171984619,121.67361192386028,121.79519521586276,1403.9520534576843
2026-01-30 14:00:00+00:00,BTCUSDT,1h,121.79519521586276,122.8313636614697,120.13559460828104,121.16641371685296,780.0677180901347
2026-01-30 15:00:00+00:00,BTCUSDT,1h,121.16641371685296,123.12120658696692,119.58614946699537,121.53612058389412,703.2050564842572
2026-01-30 16:00:00+00:00,BTCUSDT,1h,121.53612058389412,122.23004948532076,120.85060613851172,121.54448784509296,615.6068634955043
2026-01-30 17:00:00+00:00,BTCUSDT,1h,121.54448784509296,122.52499384907838,119.96014265018977,120.93573783468254,1250.7969030889242
2026-01-30 18:00:00+00:00,BTCUSDT,1h,120.93573783468254,122.90743865586782,119.97592884320169,121.93966199943246,661.2547281459
2026-01-30 19:00:00+00:00,BTCUSDT,1h,121.93966199943246,123.46956974220916,120.9672739260218,122.49277099078228,996.0869592193726
2026-01-30 20:00:00+00:00,BTCUSDT,1h,122.49277099078228,123.41295153979756,120.7787534411062,121.69292545345672,1400.9893828397996
2026-01-30 21:00:00+00:00,BTCUSDT,1h,121.69292545345672,124.32865117866504,120.24426780276283,122.8660286656989,1136.625701537209
2026-01-30 22:00:00+00:00,BTCUSDT,1h,122.8660286656989,123.84965802164652,121.64770377661652,122.62943906568157,1030.9116883340384
2026-01-30 23:00:00+00:00,BTCUSDT,1h,122.62943906568157,123.83873350601394,121.77946199800296,122.98628305826652,823.2629556817939
2026-01-31 00:00:00+00:00,BTCUSDT,1h,122.98628305826652,124.74443996351056,122.1426487723122,123.8945751748356,1172.4708475934506
2026-01-31 01:00:00+00:00,BTCUSDT,1h,123.8945751748356,125.14421438265214,122.57854780123633,123.82751057464289,1105.8101685589634
2026-01-31 02:00:00+00:00,BTCUSDT,1h,123.82751057464289,125.71658344941704,122.5742484686488,124.45695075963124,806.8687245190816
2026-01-31 03:00:00+00:00,BTCUSDT,1h,124.45695075963124,125.43627306292056,122.51691271730748,123.48861541887526,1338.8689773103995
2026-01-31 04:00:00+00:00,BTCUSDT,1h,123.48861541887526,124.1263552707342,122.29097615479864,122.92580947329704,1466.0793251688262
2026-01-31 05:00:00+00:00,BTCUSDT,1h,122.92580947329704,123.69470848226425,121.0659205170628,121.82795244756464,917.0008693060076
2026-01-31 06:00:00+00:00,BTCUSDT,1h,121.82795244756464,122.56246619761566,120.65621892191535,121.3880806377982,1220.7684555052074
2026-01-31 07:00:00+00:00,BTCUSDT,1h,121.3880806377982,122.6490350033623,120.3485510381135,121.60762529184834,662.118431350415
2026-01-31 08:00:00+00:00,BTCUSDT,1h,121.60762529184834,123.3068099234286,120.5726925750866,122.26627184381417,1031.3414398978982
2026-01-31 09:00:00+00:00,BTCUSDT,1h,122.26627184381417,124.05378391315352,121.16993937489944,122.95130888067978,994.6852101735336
2026-01-31 10:00:00+00:00,BTCUSDT,1h,122.95130888067978,124.05546743911609,122.23268004677158,123.33459834551748,816.0571316178341
2026-01-31 11:00:00+00:00,BTCUSDT,1h,123.33459834551748,124.68715470683112,121.0404071998164,122.3825225642674,867.6156018784332
2026-01-31 12:00:00+00:00,BTCUSDT,1h,122.3825225642674,123.98251215352968,120.98650494024074,122.584194062412,1369.5605923575372
2026-01-31 13:00:00+00:00,BTCUSDT,1h,122.584194062412,123.62915418169266,121.34234208204144,122.38560938052689,1020.5921378040628
2026-01-31 14:00:00+00:00,BTCUSDT,1h,122.38560938052689,123.18779423225467,120.683234299519,121.47947986331836,1570.6380257505791
2026-01-31 15:00:00+00:00,BTCUSDT,1h,121.47947986331836,123.13609650997206,119.8478959763416,121.50418086526298,1156.9928743661635
2026-01-31 16:00:00+00:00,BTCUSDT,1h,121.50418086526298,124.36678915960778,120.03676613150142,122.88272564140723,1047.7262091982254
2026-01-31 17:00:00+00:00,BTCUSDT,1h,122.88272564140723,124.40655779148652,120.51301922294924,122.02623022802632,1145.7215303660928
2026-01-31 18:00:00+00:00,BTCUSDT,1h,122.02623022802632,123.76814774046372,120.72368947450713,122.46096649527266,839.6551197641716
2026-01-31 19:00:00+00:00,BTCUSDT,1h,122.46096649527266,123.61316954594103,121.4804199513663,122.63125946402953,698.2829274192288
2026-01-31 20:00:00+00:00,BTCUSDT,1h,122.63125946402953,123.5671205419532,120.87447957911644,121.80402763313133,549.1359643727218
2026-01-31 21:00:00+00:00,BTCUSDT,1h,121.80402763313133,123.69184692820612,120.54164644594852,122.42305016987991,985.092020177286
2026-01-31 22:00:00+00:00,BTCUSDT,1h,122.42305016987991,123.00317013001606,122.12338076371957,122.702815908108,1034.859239097727
2026-01-31 23:00:00+00:00,BTCUSDT,1h,122.702815908108,124.51080712641762,121.53229943521356,123.33426696241692,1186.9243260052483
2026-02-01 00:00:00+00:00,BTCUSDT,1h,123.33426696241692,125.09022241018305,121.59779683786049,123.35348175326698,1087.4781770158702
2026-02-01 01:00:00+00:00,BTCUSDT,1h,123.35348175326698,125.41890282891904,121.96055353947912,124.01846550700444,843.1429757919204
2026-02-01 02:00:00+00:00,BTCUSDT,1h,124.01846550700444,125.30488059972728,121.95544826373236,123.23372340666918,744.0092079796054
2026-02-01 03:00:00+00:00,BTCUSDT,1h,123.23372340666918,124.58917230826792,121.49734746153992,122.8485599465596,776.3900226259735
2026-02-01 04:00:00+00:00,BTCUSDT,1h,122.8485599465596,123.36345731134392,121.66604035331883,122.17812772354524,786.4590773154305
2026-02-01 05:00:00+00:00,BTCUSDT,1h,122.17812772354524,124.83517064905269,120.99845312595704,123.64136793103,1194.4580794771657
2026-02-01 06:00:00+00:00,BTCUSDT,1h,123.64136793103,123.71892134416284,122.16572330682624,122.24239922402138,764.1749544124782
2026-02-01 07:00:00+00:00,BTCUSDT,1h,122.24239922402138,124.51048047592866,120.82931337976328,123.08762408322472,595.0848943272277
2026-02-01 08:00:00+00:00,BTCUSDT,1h,123.08762408322472,124.31273126182748,120.62279072237388,121.83543469667109,1048.05432977487
2026-02-01 09:00:00+00:00,BTCUSDT,1h,121.83543469667109,123.43882800386396,120.62052254792464,122.2200802667502,790.7020039679107
2026-02-01 10:00:00+00:00,BTCUSDT,1h,122.2200802667502,123.23615033511004,121.35492248993836,122.36993180605266,1246.3513804680383
2026-02-01 11:00:00+00:00,BTCUSDT,1h,122.36993180605266,122.63405473163424,121.93080607131324,122.19455045426557,1252.8508054525005
2026-02-01 12:00:00+00:00,BTCUSDT,1h,122.19455045426557,124.9458454581742,120.8623499289706,123.5983404065733,928.2181445910378
2026-02-01 13:00:00+00:00,BTCUSDT,1h,123.5983404065733,124.95784135000538,121.5845863779708,122.936810929624,887.074922236393
2026-02-01 14:00:00+00:00,BTCUSDT,1h,122.936810929624,124.6536643095363,121.66929541295252,123.38156326247164,967.2051214505364
2026-02-01 15:00:00+00:00,BTCUSDT,1h,123.38156326247164,124.54679287075834,120.77306612283266,121.92453539311929,790.0540283606823
2026-02-01 16:00:00+00:00,BTCUSDT,1h,121.92453539311929,122.87136192151306,119.87291040191695,120.8110902754606,1021.5327563505092
2026-02-01 17:00:00+00:00,BTCUSDT,1h,120.8110902754606,121.99958936701992,119.6028600284148,120.79116308292012,604.4659012266001
2026-02-01 18:00:00+00:00,BTCUSDT,1h,120.79116308292012,122.828872590758,119.2362321563036,121.26780589533963,976.7930514581958
2026-02-01 19:00:00+00:00,BTCUSDT,1h,121.26780589533963,122.16213377864165,120.05173272714693,120.94367016876396,1243.0532467051312
2026-02-01 20:00:00+00:00,BTCUSDT,1h,120.94367016876396,121.60687573028976,120.1909208757225,120.85363270868704,648.8153853374537
2026-02-01 21:00:00+00:00,BTCUSDT,1h,120.85363270868704,123.4421383837526,119.37012046592116,121.94522652073532,996.0784175696518
2026-02-01 22:00:00+00:00,BTCUSDT,1h,121.94522652073532,124.37272957301478,121.126335680891,123.54310857981666,1142.564446955377
2026-02-01 23:00:00+00:00,BTCUSDT,1h,123.54310857981666,124.14256401789594,122.01417896579746,122.60910242247644,993.818859068543
2026-02-02 00:00:00+00:00,BTCUSDT,1h,122.60910242247644,124.23040068882877,121.40520209709707,123.02244177908592,813.3677985476611
2026-02-02 01:00:00+00:00,BTCUSDT,1h,123.02244177908592,123.95760280722747,121.75025794507648,122.68283745455612,938.7213649151922
2026-02-02 02:00:00+00:00,BTCUSDT,1h,122.68283745455612,123.9627071718691,121.26888825923076,122.54734446691694,1233.1054229519164
2026-02-02 03:00:00+00:00,BTCUSDT,1h,122.54734446691694,124.01424882687787,119.77436699016252,121.22544811436582,1033.3719883391157
2026-02-02 04:00:00+00:00,BTCUSDT,1h,121.22544811436582,122.62121056646502,120.13598626791402,121.5290204931478,1187.1887905045762
2026-02-02 05:00:00+00:00,BTCUSDT,1h,121.5290204931478,122.51141795947672,121.12877258158856,122.1092590699664,1174.151213392401
2026-02-02 06:00:00+00:00,BTCUSDT,1h,122.1092590699664,123.22614496326476,120.22590870974108,121.33571933599283,1042.023366502618
2026-02-02 07:00:00+00:00,BTCUSDT,1h,121.33571933599283,122.309184552341,119.29757410734462,120.2624284101959,946.8732063083224
2026-02-02 08:00:00+00:00,BTCUSDT,1h,120.2624284101959,126.41388859855412,118.5586877007708,124.64801786737742,3094.244254119092
2026-02-02 09:00:00+00:00,BTCUSDT,1h,124.64801786737742,126.3055614868004,122.78311782377686,124.43786689898866,992.9896404883732
2026-02-02 10:00:00+00:00,BTCUSDT,1h,124.43786689898866,124.67194945532933,124.1728592701897,124.40688354312093,1121.194657222219
2026-02-02 11:00:00+00:00,BTCUSDT,1h,124.40688354312093,126.96685911918972,122.6887365126637,125.237244220624,793.6419802364176
2026-02-02 12:00:00+00:00,BTCUSDT,1h,125.237244220624,127.6528854341157,123.7014110166801,126.10639351318228,1146.2493993947778
2026-02-02 13:00:00+00:00,BTCUSDT,1h,126.10639351318228,126.55630215795752,125.73265612333944,126.18233968892004,1037.5904432860482
2026-02-02 14:00:00+00:00,BTCUSDT,1h,126.18233968892004,126.5211616064778,125.49108475829588,125.82895778288392,1121.6300347382016
2026-02-02 15:00:00+00:00,BTCUSDT,1h,125.82895778288392,126.74409084145144,124.894103446962,125.80909202518154,1399.9976212841698
2026-02-02 16:00:00+00:00,BTCUSDT,1h,125.80909202518154,126.01771469644868,125.26392933227288,125.47199300978257,547.8675159947139
2026-02-02 17:00:00+00:00,BTCUSDT,1h,125.47199300978257,126.8647395029498,124.55412742953492,125.94342525324755,844.6801557097008
2026-02-02 18:00:00+00:00,BTCUSDT,1h,125.94342525324755,126.62880046129833,117.44443071731835,118.08705209860476,769.3354889477479
2026-02-02 19:00:00+00:00,BTCUSDT,1h,118.08705209860476,118.71695289122864,117.43810632056169,118.06790497848132,818.888902594299
2026-02-02 20:00:00+00:00,BTCUSDT,1h,118.06790497848132,118.74595833347507,117.41428762789828,118.09220645129112,1061.3621941112049
2026-02-02 21:00:00+00:00,BTCUSDT,1h,118.09220645129112,118.58220182782082,115.2107921917794,115.69082360432152,1240.755337875392
2026-02-02 22:00:00+00:00,BTCUSDT,1h,115.69082360432152,116.4185443697594,115.157805298347,115.88463313189236,956.0503204697646
2026-02-02 23:00:00+00:00,BTCUSDT,1h,115.88463313189236,116.6704891086602,114.74177070903664,115.5251891651258,1283.7447754034745
2026-02-03 00:00:00+00:00,BTCUSDT,1h,115.5251891651258,116.51135184308012,114.29484323180382,115.27890353102828,820.4571868263891
2026-02-03 01:00:00+00:00,BTCUSDT,1h,115.27890353102828,115.64630310179376,114.43688115461914,114.80276324272134,859.8640602787929
2026-02-03 02:00:00+00:00,BTCUSDT,1h,114.80276324272134,115.60083285744878,113.76255595735375,114.55893053031257,1003.949560276202
2026-02-03 03:00:00+00:00,BTCUSDT,1h,114.55893053031257,115.80380209501278,113.42564320714568,114.6694217250642,949.7179800055858
2026-02-03 04:00:00+00:00,BTCUSDT,1h,114.6694217250642,116.75609373132244,113.55214213247562,115.62946002164894,1273.3245302066398
2026-02-03 05:00:00+00:00,BTCUSDT,1h,115.62946002164894,116.98093443929808,114.28844885735602,115.63980331875104,1013.0497612551036
2026-02-03 06:00:00+00:00,BTCUSDT,1h,115.63980331875104,116.54704014007304,113.62765391832824,114.52615374886636,958.5183858120164
2026-02-03 07:00:00+00:00,BTCUSDT,1h,114.52615374886636,115.089041032628,113.00264008297582,113.56078264160172,871.2845755366625
2026-02-03 08:00:00+00:00,BTCUSDT,1h,113.56078264160172,116.20169106429287,112.55490836820086,115.18146149039542,1361.775484098887
2026-02-03 09:00:00+00:00,BTCUSDT,1h,115.18146149039542,117.18405035750446,113.89022084760752,115.88492356009324,1159.4441559079414
2026-02-03 10:00:00+00:00,BTCUSDT,1h,115.88492356009324,117.24468392749598,113.54322103384142,114.89132277537136,792.9593481481432
2026-02-03 11:00:00+00:00,BTCUSDT,1h,114.89132277537136,116.1310019914438,114.01428115065156,115.25121308542698,1323.8344739932772
2026-02-03 12:00:00+00:00,BTCUSDT,1h,115.25121308542698,117.71328795754783,113.69446181819606,116.1444710432784,1096.0241786811707
2026-02-03 13:00:00+00:00,BTCUSDT,1h,116.1444710432784,117.40682344112508,114.9484223016535,116.2100988681272,1481.5776037783187
2026-02-03 14:00:00+00:00,BTCUSDT,1h,116.2100988681272,117.58384052949994,115.26791247286062,116.63818339100696,750.5310345703222
2026-02-03 15:00:00+00:00,BTCUSDT,1h,116.63818339100696,117.53906969076264,115.27773819521208,116.17504733942864,1134.7705363858545
2026-02-03 16:00:00+00:00,BTCUSDT,1h,116.17504733942864,117.5724561559004,115.28235068939658,116.67591083803846,1025.704110108626
2026-02-03 17:00:00+00:00,BTCUSDT,1h,116.67591083803846,119.4200343125752,115.09373586596936,117.8223136310788,1240.4030435705135
2026-02-03 18:00:00+00:00,BTCUSDT,1h,117.8223136310788,120.37533504650308,116.43783716115207,118.97728700922084,1366.9253622826009
2026-02-03 19:00:00+00:00,BTCUSDT,1h,118.97728700922084,119.74571545067262,117.37993508702814,118.14297502895369,1047.4720050988597
2026-02-03 20:00:00+00:00,BTCUSDT,1h,118.14297502895369,119.9162363398407,116.72031753147648,118.48940716582688,630.3370976641329
2026-02-03 21:00:00+00:00,BTCUSDT,1h,118.48940716582688,119.71068871941722,117.4456924397771,118.66542355186782,864.6900329118813
2026-02-03 22:00:00+00:00,BTCUSDT,1h,118.66542355186782,119.97430328294524,117.32874767526228,118.63731739540808,1094.4624350921156
2026-02-03 23:00:00+00:00,BTCUSDT,1h,118.63731739540808,119.662342796512,117.59529012391286,118.62016734876136,976.418881868398
2026-02-04 00:00:00+00:00,BTCUSDT,1h,118.62016734876136,120.28587348498284,117.70455169955387,119.36451232116032,1198.9864387131756
2026-02-04 01:00:00+00:00,BTCUSDT,1h,119.36451232116032,120.31099022613957,118.09601749748528,119.039921623056,777.1771033024484
2026-02-04 02:00:00+00:00,BTCUSDT,1h,119.039921623056,120.29778263712994,117.71297007412666,118.97009323143544,798.7431231745301
2026-02-04 03:00:00+00:00,BTCUSDT,1h,118.97009323143544,119.96446514837852,117.80336616343956,118.79628536519652,931.4680221989448
2026-02-04 04:00:00+00:00,BTCUSDT,1h,118.79628536519652,119.98987218746475,118.28496359877,119.47562640821197,1175.8712031733558
2026-02-04 05:00:00+00:00,BTCUSDT,1h,119.47562640821197,122.08146491674204,117.9158602663345,120.50821818687224,990.7476541277296
2026-02-04 06:00:00+00:00,BTCUSDT,1h,120.50821818687224,120.90588122639392,119.6111874480506,120.00719717677956,1141.1233175142008
2026-02-04 07:00:00+00:00,BTCUSDT,1h,120.00719717677956,121.76413404704354,118.93436762111362,120.68524295863637,1073.472219131427
2026-02-04 08:00:00+00:00,BTCUSDT,1h,120.68524295863637,122.10515425287753,119.84322570341575,121.25913298446936,708.1850649237944
2026-02-04 09:00:00+00:00,BTCUSDT,1h,121.25913298446936,121.94886124047956,119.6137241001772,120.29798529815118,819.6471381438591
2026-02-04 10:00:00+00:00,BTCUSDT,1h,120.29798529815118,121.11136959638831,118.42090916733332,119.22705244683216,795.5844623533944
2026-02-04 11:00:00+00:00,BTCUSDT,1h,119.22705244683216,120.72319570608737,118.29150631446394,119.78328495044973,1164.3898501472725
2026-02-04 12:00:00+00:00,BTCUSDT,1h,119.78328495044973,120.35192058724442,118.34351017242837,118.907990608808,683.1989084119358
2026-02-04 13:00:00+00:00,BTCUSDT,1h,118.907990608808,121.27956565730749,116.8295591646914,119.1960982854012,1049.084016065435
2026-02-04 14:00:00+00:00,BTCUSDT,1h,119.1960982854012,120.2347865533536,117.93084023305872,118.96753679031872,998.4596582366764
2026-02-04 15:00:00+00:00,BTCUSDT,1h,118.96753679031872,120.70941855251634,118.0087253205508,119.7443464337008,827.3996975324493
2026-02-04 16:00:00+00:00,BTCUSDT,1h,119.7443464337008,120.84075277451326,117.3680863003944,118.45266572021434,1206.7899462731527
2026-02-04 17:00:00+00:00,BTCUSDT,1h,118.45266572021434,119.2818985308764,117.8140407603168,118.64225143971842,917.4704225284328
2026-02-04 18:00:00+00:00,BTCUSDT,1h,118.64225143971842,119.80835372568257,117.32878952989546,118.49342908154732,992.5372411681224
2026-02-04 19:00:00+00:00,BTCUSDT,1h,118.49342908154732,120.30611174317464,117.6087643874018,119.41456986825504,874.7326749868035
2026-02-04 20:00:00+00:00,BTCUSDT,1h,119.41456986825504,121.4419719581809,118.81146216104916,120.83170694767684,846.3070734073052
2026-02-04 21:00:00+00:00,BTCUSDT,1h,120.83170694767684,123.52973159073451,119.75350750326784,122.43720603714446,1364.5534481184689
2026-02-04 22:00:00+00:00,BTCUSDT,1h,122.43720603714446,123.89026710184568,119.24163967384474,120.67377265243182,1004.8464563541608
2026-02-04 23:00:00+00:00,BTCUSDT,1h,120.67377265243182,121.98848834406512,119.51971468904244,120.83290849253474,449.1823166752706
2026-02-05 00:00:00+00:00,BTCUSDT,1h,120.83290849253474,121.97169183743108,119.1267256528152,120.260110695215,1656.0968871721095
2026-02-05 01:00:00+00:00,BTCUSDT,1h,120.260110695215,122.08888391309472,117.97335957832242,119.79506086968392,1133.338038014031
2026-02-05 02:00:00+00:00,BTCUSDT,1h,119.79506086968392,121.24501429526036,119.17615306551852,120.6218350545966,1128.1648854784105
2026-02-05 03:00:00+00:00,BTCUSDT,1h,120.6218350545966,121.15389479772368,119.54793118393364,120.07759027765847,1262.4548699234956
2026-02-05 04:00:00+00:00,BTCUSDT,1h,120.07759027765847,120.8616803742121,118.86713086048935,119.64841852471211,1144.589435899827
2026-02-05 05:00:00+00:00,BTCUSDT,1h,119.64841852471211,120.15648641460994,118.6352006310574,119.14111433477797,1050.137982275486
2026-02-05 06:00:00+00:00,BTCUSDT,1h,119.14111433477797,120.92848022644378,117.63223263590974,119.4161157284396,777.3471356942975
2026-02-05 07:00:00+00:00,BTCUSDT,1h,119.4161157284396,121.23859948476644,118.19508730415215,120.01148343248086,915.7093345985352
2026-02-05 08:00:00+00:00,BTCUSDT,1h,120.01148343248086,120.986363385987,118.992213282511,119.96672969143168,795.6989684312217
2026-02-05 09:00:00+00:00,BTCUSDT,1h,119.96672969143168,121.18924995968108,117.86863180933884,119.0821376474569,788.0689580230774
2026-02-05 10:00:00+00:00,BTCUSDT,1h,119.0821376474569,120.32540369212664,117.2152232649978,118.45190947067512,893.1711151374774
2026-02-05 11:00:00+00:00,BTCUSDT,1h,118.45190947067512,118.90130593148209,117.78283094472552,118.2313907763789,752.529540173949
2026-02-05 12:00:00+00:00,BTCUSDT,1h,118.2313907763789,118.68560178007456,116.85475825381845,117.3054119130037,1251.7143379051588
2026-02-05 13:00:00+00:00,BTCUSDT,1h,117.3054119130037,117.41927893077757,116.56523523670164,116.67849371216911,774.7249471468921
2026-02-05 14:00:00+00:00,BTCUSDT,1h,116.67849371216911,117.74481146669864,116.16182642568886,117.22572098788328,986.0651918947234
2026-02-05 15:00:00+00:00,BTCUSDT,1h,117.22572098788328,117.52983506363113,116.29555997463582,116.5980456970724,882.5690105568741
2026-02-05 16:00:00+00:00,BTCUSDT,1h,116.5980456970724,117.5790355415827,114.93288717270944,115.9080719694963,1134.760510768236
2026-02-05 17:00:00+00:00,BTCUSDT,1h,115.9080719694963,117.74627671570556,114.05223861133678,115.89015927728065,777.8888643175957
2026-02-05 18:00:00+00:00,BTCUSDT,1h,115.89015927728065,117.92645956756007,114.83068049853456,116.85813149539766,1273.4161239737975
2026-02-05 19:00:00+00:00,BTCUSDT,1h,116.85813149539766,117.38532012455278,116.73421802754076,117.2609794866652,930.1364571305916
2026-02-05 20:00:00+00:00,BTCUSDT,1h,117.2609794866652,118.9518588283794,116.33259518519206,118.01748508417958,723.9575969536345
2026-02-05 21:00:00+00:00,BTCUSDT,1h,118.01748508417958,119.06014343629856,116.6081577112356,117.64754774890002,1236.7185098641264
2026-02-05 22:00:00+00:00,BTCUSDT,1h,117.64754774890002,118.6036789333189,116.28487219498118,117.23767228821124,799.9786980430308
2026-02-05 23:00:00+00:00,BTCUSDT,1h,117.23767228821124,117.96872065769256,115.67294955765529,116.3987668401662,1259.1912840638054
2026-02-06 00:00:00+00:00,BTCUSDT,1h,116.3987668401662,117.73050262053596,115.5887189341225,116.91684925042264,980.7561263287372
2026-02-06 01:00:00+00:00,BTCUSDT,1h,116.91684925042264,118.1712072352529,116.05101866349072,117.3025205500778,897.1556074051381
2026-02-06 02:00:00+00:00,BTCUSDT,1h,117.3025205500778,118.44041151262668,115.95461140426602,117.09044513309796,904.2814228862792
2026-02-06 03:00:00+00:00,BTCUSDT,1h,117.09044513309796,117.89135264552156,116.84274798843826,117.64248769109572,829.1717319253778
2026-02-06 04:00:00+00:00,BTCUSDT,1h,117.64248769109572,118.76133612596354,116.21520574161735,117.33109262844836,795.623572059998
2026-02-06 05:00:00+00:00,BTCUSDT,1h,117.33109262844836,118.34852705828013,115.92493365784463,116.93896778424146,959.6997472568444
2026-02-06 06:00:00+00:00,BTCUSDT,1h,116.93896778424146,117.72202213049036,115.66902615316314,116.4487981938175,793.7410200831307
2026-02-06 07:00:00+00:00,BTCUSDT,1h,116.4487981938175,118.05431919068688,115.39849915798212,116.99905714573823,1153.279026916158
2026-02-06 08:00:00+00:00,BTCUSDT,1h,116.99905714573823,119.94537081902808,115.65074326564216,118.5788511665276,1084.3567481324933
2026-02-06 09:00:00+00:00,BTCUSDT,1h,118.5788511665276,125.06463555281348,116.84103757218254,123.25824385913208,3116.801187142122
2026-02-06 10:00:00+00:00,BTCUSDT,1h,123.25824385913208,124.71364723895448,121.66948260581492,123.12329251294784,1082.3573557058137
2026-02-06 11:00:00+00:00,BTCUSDT,1h,123.12329251294784,124.272359837753,121.83602768160117,122.98379310644434,1396.0403006862075
2026-02-06 12:00:00+00:00,BTCUSDT,1h,122.98379310644434,124.30182360620655,121.845505157758,123.1618872902191,833.4695155514521
2026-02-06 13:00:00+00:00,BTCUSDT,1h,123.1618872902191,124.50083389787142,121.5709215026682,122.90709818682254,995.7348707430002
2026-02-06 14:00:00+00:00,BTCUSDT,1h,122.90709818682254,124.52893211158504,121.48730396435364,123.1068306264116,951.4051656449626
2026-02-06 15:00:00+00:00,BTCUSDT,1h,123.1068306264116,125.16532635787254,122.32726329587663,124.37771124472468,866.8417329478518
2026-02-06 16:00:00+00:00,BTCUSDT,1h,124.37771124472468,124.84667631932535,123.43180854935574,123.89896852872452,1128.9648168779493
2026-02-06 17:00:00+00:00,BTCUSDT,1h,123.89896852872452,125.570815112553,122.36430704622109,124.0344751910938,870.3060988887705
2026-02-06 18:00:00+00:00,BTCUSDT,1h,124.0344751910938,126.23940443611268,122.5138886450914,124.71052987458482,970.6456414972364
2026-02-06 19:00:00+00:00,BTCUSDT,1h,124.71052987458482,124.79941398299036,124.6023988024092,124.69126918327004,1401.7010161490864
2026-02-06 20:00:00+00:00,BTCUSDT,1h,124.69126918327004,125.97475703589154,123.41237488163104,124.69581609887469,907.7727162699005
2026-02-06 21:00:00+00:00,BTCUSDT,1h,124.69581609887469,125.64025776341116,124.10799906632488,125.05076748729655,1161.4033869634102
2026-02-06 22:00:00+00:00,BTCUSDT,1h,125.05076748729655,126.1035366193836,124.16893216908149,125.22050434763314,1097.6868316907955
2026-02-06 23:00:00+00:00,BTCUSDT,1h,125.22050434763314,126.30281838898335,122.89015265481962,123.96158552679738,922.0183902736344
2026-02-07 00:00:00+00:00,BTCUSDT,1h,123.96158552679738,126.4336126502605,122.66610664197756,125.12596524299212,971.183599387066
2026-02-07 01:00:00+00:00,BTCUSDT,1h,125.12596524299212,127.26355756201548,122.8508806457361,124.98608328815112,807.4896716292566
2026-02-07 02:00:00+00:00,BTCUSDT,1h,124.98608328815112,127.8672041555759,123.62648456255069,126.49123241641436,1163.3413549054717
2026-02-07 03:00:00+00:00,BTCUSDT,1h,126.49123241641436,127.82991254605427,123.78995786356025,125.11406315596524,904.7286216204596
2026-02-07 04:00:00+00:00,BTCUSDT,1h,125.11406315596524,126.34840623651898,123.27129499612728,124.49957570193406,861.8347407507284
2026-02-07 05:00:00+00:00,BTCUSDT,1h,124.49957570193406,125.64526436082063,123.8491436510735,124.99225835269836,1121.7165929172372
2026-02-07 06:00:00+00:00,BTCUSDT,1h,124.99225835269836,126.07106935800743,124.305743833627,125.38241193741476,810.2646532813865
2026-02-07 07:00:00+00:00,BTCUSDT,1h,125.38241193741476,126.18605630594035,124.12310832995044,124.9238132892293,879.4990733498627
2026-02-07 08:00:00+00:00,BTCUSDT,1h,124.9238132892293,127.528017996563,123.76909666755122,126.36002593467624,929.5679115512684
2026-02-07 09:00:00+00:00,BTCUSDT,1h,126.36002593467624,127.06047206741924,125.45323242213664,126.1525283423419,1052.8550448568408
2026-02-07 10:00:00+00:00,BTCUSDT,1h,126.1525283423419,126.89838744860158,125.39392241530147,126.13970570954564,857.719837120644
2026-02-07 11:00:00+00:00,BTCUSDT,1h,126.13970570954564,126.7411556441976,125.26508331099012,125.86522448474246,1019.6346127194972
2026-02-07 12:00:00+00:00,BTCUSDT,1h,125.86522448474246,127.06952911628927,124.01071007042844,125.20873325744728,930.4653629509075
2026-02-07 13:00:00+00:00,BTCUSDT,1h,125.20873325744728,126.42290205538065,124.43116561350136,125.6426397777466,622.7942353138743
2026-02-07 14:00:00+00:00,BTCUSDT,1h,125.6426397777466,126.53460291699508,123.7992510769743,124.68441155547988,1075.5147767028138
2026-02-07 15:00:00+00:00,BTCUSDT,1h,124.68441155547988,126.22304348839052,123.49409412177988,125.029432265507,1137.4275741340773
2026-02-07 16:00:00+00:00,BTCUSDT,1h,125.029432265507,126.52062221358926,123.86247852928562,125.35067022463788,956.1407069928092
2026-02-07 17:00:00+00:00,BTCUSDT,1h,125.35067022463788,126.7865498483673,124.38631664041488,125.8185963928658,986.8983247615744
2026-02-07 18:00:00+00:00,BTCUSDT,1h,125.8185963928658,127.89095016591271,123.94111126293627,126.01059992864884,708.1642589934512
2026-02-07 19:00:00+00:00,BTCUSDT,1h,126.01059992864884,126.92350011038984,124.78988363950518,125.7005375338967,1087.8910196617385
2026-02-07 20:00:00+00:00,BTCUSDT,1h,125.7005375338967,127.39589440688113,124.071088827329,125.7656022699504,692.1177222585378
2026-02-07 21:00:00+00:00,BTCUSDT,1h,125.7656022699504,127.74047429009512,125.22401694273918,127.19274325528528,861.3534438011733
2026-02-07 22:00:00+00:00,BTCUSDT,1h,127.19274325528528,128.74279975796148,126.13326964984792,127.67927351590212,1000.560498391306
2026-02-07 23:00:00+00:00,BTCUSDT,1h,127.67927351590212,128.98018059450496,126.4982527169682,127.79806102274463,1198.1602424816504
2026-02-08 00:00:00+00:00,BTCUSDT,1h,127.79806102274463,128.72790066067364,127.24652238021469,128.1747363986013,858.5441589857498
2026-02-08 01:00:00+00:00,BTCUSDT,1h,128.1747363986013,131.08404387176458,126.39813869319696,129.29196060333643,1192.8227151091849
2026-02-08 02:00:00+00:00,BTCUSDT,1h,129.29196060333643,131.35794764732307,128.1270267664091,130.1849677245658,1420.0907869350367
2026-02-08 03:00:00+00:00,BTCUSDT,1h,130.1849677245658,131.10583032773832,128.88079613298137,129.79892808704943,850.0566774364402
2026-02-08 04:00:00+00:00,BTCUSDT,1h,129.79892808704943,131.93257288538845,128.9537483523393,131.07905764608634,1107.1174474304005
2026-02-08 05:00:00+00:00,BTCUSDT,1h,131.07905764608634,131.5622853396227,123.04445730589408,123.49974358362564,1203.6613029421712
2026-02-08 06:00:00+00:00,BTCUSDT,1h,123.49974358362564,125.40304167624288,122.18616827637516,124.08325993769272,1047.3325786663904
2026-02-08 07:00:00+00:00,BTCUSDT,1h,124.08325993769272,124.9367103137784,123.07458112812613,123.9269564415674,785.526089669697
2026-02-08 08:00:00+00:00,BTCUSDT,1h,123.9269564415674,125.43122004917568,122.20367468187484,123.70524711329706,975.6798117927927
2026-02-08 09:00:00+00:00,BTCUSDT,1h,123.70524711329706,124.6192180924335,121.88829164433793,122.7955414487762,810.7583553183496
2026-02-08 10:00:00+00:00,BTCUSDT,1h,122.7955414487762,123.74977177973032,121.0649350782328,122.01308502841616,854.0713044889192
2026-02-08 11:00:00+00:00,BTCUSDT,1h,122.01308502841616,123.55618839270213,119.61790677305184,121.1500958862282,1349.3643418639056
2026-02-08 12:00:00+00:00,BTCUSDT,1h,121.1500958862282,122.82530646913423,119.6342393641068,121.3074807135978,914.259740921514
2026-02-08 13:00:00+00:00,BTCUSDT,1h,121.3074807135978,122.78971628542072,119.85297402940918,121.33488106425362,1064.4838894864145
2026-02-08 14:00:00+00:00,BTCUSDT,1h,121.33488106425362,122.0000383844732,121.31368043804687,121.9787252605245,1061.7148201064388
2026-02-08 15:00:00+00:00,BTCUSDT,1h,121.9787252605245,122.92118669527476,120.77380336233011,121.71422112143208,699.9833569199734
2026-02-08 16:00:00+00:00,BTCUSDT,1h,121.71422112143208,122.910726584572,120.00059021541318,121.19196163320424,1119.206663010643
2026-02-08 17:00:00+00:00,BTCUSDT,1h,121.19196163320424,123.08030538887716,119.90977964132726,121.79177748859291,1221.0934708295076
2026-02-08 18:00:00+00:00,BTCUSDT,1h,121.79177748859291,123.0031697515162,120.90101517730729,122.11007943921872,886.7820031912119
2026-02-08 19:00:00+00:00,BTCUSDT,1h,122.11007943921872,122.73502832682972,121.21476755423572,121.83832562921238,802.3990388842377
2026-02-08 20:00:00+00:00,BTCUSDT,1h,121.83832562921238,121.98201230545163,121.66275685786964,121.80640589044344,755.3488868221043
2026-02-08 21:00:00+00:00,BTCUSDT,1h,121.80640589044344,122.97450984114369,120.0886446191606,121.25142640536268,1216.0561576815078
2026-02-08 22:00:00+00:00,BTCUSDT,1h,121.25142640536268,122.48107400454457,120.29549554940058,121.52300208042996,902.8898521424042
2026-02-08 23:00:00+00:00,BTCUSDT,1h,121.52300208042996,123.60781755852724,120.29028428355284,122.36654296301488,870.0546872392507
2026-02-09 00:00:00+00:00,BTCUSDT,1h,122.36654296301488,123.51562604673455,121.2325764043958,122.38152069003266,1184.7811549926637
2026-02-09 01:00:00+00:00,BTCUSDT,1h,122.38152069003266,123.91681801733712,120.64286690869226,122.17558068301771,1237.5973430255178
2026-02-09 02:00:00+00:00,BTCUSDT,1h,122.17558068301771,123.08972413481014,120.9947693509993,121.90690249595322,820.2073426400852
2026-02-09 03:00:00+00:00,BTCUSDT,1h,121.90690249595322,123.00792049809174,120.19780840699414,121.2932844380518,1291.5179444164305
2026-02-09 04:00:00+00:00,BTCUSDT,1h,121.2932844380518,123.4556950228254,120.23798202539116,122.39084338728296,935.0783901776034
2026-02-09 05:00:00+00:00,BTCUSDT,1h,122.39084338728296,123.54762017353998,120.82664875009162,121.97953808519335,919.1828685021256
2026-02-09 06:00:00+00:00,BTCUSDT,1h,121.97953808519335,123.52806927106757,121.02528319628112,122.56920140269683,1071.148864223151
2026-02-09 07:00:00+00:00,BTCUSDT,1h,122.56920140269683,124.3161371416064,120.51798693296236,122.2605231898183,1240.645047407324
2026-02-09 08:00:00+00:00,BTCUSDT,1h,122.2605231898183,123.08246644635985,121.57854200426723,122.3997088694412,1126.6208234972053
2026-02-09 09:00:00+00:00,BTCUSDT,1h,122.3997088694412,123.62266557885728,121.80888021710412,123.0288002752819,1029.8925320082956
2026-02-09 10:00:00+00:00,BTCUSDT,1h,123.0288002752819,125.7028856057037,121.95008944270975,124.61030818490111,936.8866334671848
2026-02-09 11:00:00+00:00,BTCUSDT,1h,124.61030818490111,126.84758355362,122.90375892330565,125.13386414653064,928.0467391532648
2026-02-09 12:00:00+00:00,BTCUSDT,1h,125.13386414653064,126.07773932469912,123.95246625388133,124.8945361996288,1033.0433620207407
2026-02-09 13:00:00+00:00,BTCUSDT,1h,124.8945361996288,127.04248974797945,123.73555112642232,125.87441171418774,576.3191486730814
2026-02-09 14:00:00+00:00,BTCUSDT,1h,125.87441171418774,127.49632590695629,124.67936906185744,126.2972686808605,1147.3539422653191
2026-02-09 15:00:00+00:00,BTCUSDT,1h,126.2972686808605,127.6090267135132,125.2945238794868,126.60384780861703,1122.788519887106
2026-02-09 16:00:00+00:00,BTCUSDT,1h,126.60384780861703,127.01776538017904,125.77545541114571,126.18801345732332,952.878965025552
2026-02-09 17:00:00+00:00,BTCUSDT,1h,126.18801345732332,127.8695110501295,123.78009514916415,125.4517822137763,995.4814991643444
2026-02-09 18:00:00+00:00,BTCUSDT,1h,125.4517822137763,127.24370224356898,124.92203255727443,126.70864518754776,774.6417844219045
2026-02-09 19:00:00+00:00,BTCUSDT,1h,126.70864518754776,127.50302380386464,126.31518229809262,127.10831982200982,885.8048363928423
2026-02-09 20:00:00+00:00,BTCUSDT,1h,127.10831982200982,128.30876131781545,124.51508706321236,125.70224929127622,667.9764444087073
2026-02-09 21:00:00+00:00,BTCUSDT,1h,125.70224929127622,126.06230173337008,125.29844075481118,125.6583675050867,1105.922000251512
2026-02-09 22:00:00+00:00,BTCUSDT,1h,125.6583675050867,127.58721898560448,124.59118253936671,126.51277772837793,811.336183878086
2026-02-09 23:00:00+00:00,BTCUSDT,1h,126.51277772837793,128.28094469602024,125.11649817160976,126.88060554566076,1159.7895885972953
2026-02-10 00:00:00+00:00,BTCUSDT,1h,126.88060554566076,129.64634775897787,125.13081521116275,127.88273718575864,1051.9588794085162
2026-02-10 01:00:00+00:00,BTCUSDT,1h,127.88273718575864,128.6747175480619,126.93377472033724,127.72477683098784,1003.755321572374
2026-02-10 02:00:00+00:00,BTCUSDT,1h,127.72477683098784,128.55524178670942,126.75685734911606,127.58642272813256,1073.9283688395278
2026-02-10 03:00:00+00:00,BTCUSDT,1h,127.58642272813256,129.874757552439,126.85803385014768,129.1375135215428,908.0744944129332
2026-02-10 04:00:00+00:00,BTCUSDT,1h,129.1375135215428,129.78186409834515,128.25194658197705,128.89508753875822,1213.5990410780962
2026-02-10 05:00:00+00:00,BTCUSDT,1h,128.89508753875822,130.16152717489624,127.5370174598104,128.80254786101915,681.385839003083
2026-02-10 06:00:00+00:00,BTCUSDT,1h,128.80254786101915,130.24503750006545,127.81838352083814,129.25739770844802,711.7338456584115
2026-02-10 07:00:00+00:00,BTCUSDT,1h,129.25739770844802,131.35175660252028,127.85542968668696,129.94235926364817,1046.4319665391
2026-02-10 08:00:00+00:00,BTCUSDT,1h,129.94235926364817,131.00134607107114,129.26919741273116,130.32619576855484,1207.032234582478
2026-02-10 09:00:00+00:00,BTCUSDT,1h,130.32619576855484,131.55798742891324,128.93071874483874,130.16094855387678,1121.057047404906
2026-02-10 10:00:00+00:00,BTCUSDT,1h,130.16094855387678,136.55528940063977,129.40050023213857,135.7621169847676,3170.2171043173826
2026-02-10 11:00:00+00:00,BTCUSDT,1h,135.7621169847676,137.47123969907247,134.19186620090858,135.89940106115412,851.9630044367374
2026-02-10 12:00:00+00:00,BTCUSDT,1h,135.89940106115412,137.99302637484402,134.61322493027922,136.69928004681654,1013.5139565437682
2026-02-10 13:00:00+00:00,BTCUSDT,1h,136.69928004681654,139.7139360187805,135.26847103369803,138.26672085896698,893.4663307152643
2026-02-10 14:00:00+00:00,BTCUSDT,1h,138.26672085896698,139.33958766470974,137.46646542680315,138.53776350114472,769.2697525617998
2026-02-10 15:00:00+00:00,BTCUSDT,1h,138.53776350114472,139.44759021278583,137.2333747369244,138.14059308936746,1343.5246271013386
2026-02-10 16:00:00+00:00,BTCUSDT,1h,138.14059308936746,138.92897173030707,138.03373284629976,138.82158469835542,970.929429396724
2026-02-10 17:00:00+00:00,BTCUSDT,1h,138.82158469835542,139.87681979323116,137.2058786539522,138.25682076569163,1037.0992497137297
2026-02-10 18:00:00+00:00,BTCUSDT,1h,138.25682076569163,139.59032188389736,136.97237923718052,138.30542877444637,845.14011073746
2026-02-10 19:00:00+00:00,BTCUSDT,1h,138.30542877444637,140.55406081164853,137.25134945957535,139.49094620860524,1247.406910451597
2026-02-10 20:00:00+00:00,BTCUSDT,1h,139.49094620860524,140.81675434716155,138.09657727699246,139.42172751834917,809.5303562689036
2026-02-10 21:00:00+00:00,BTCUSDT,1h,139.42172751834917,141.6075130224995,138.1830040964983,140.36044931753813,920.7097933377278
2026-02-10 22:00:00+00:00,BTCUSDT,1h,140.36044931753813,142.0175910247544,139.03739094306226,140.69141293819376,692.9091178764421
2026-02-10 23:00:00+00:00,BTCUSDT,1h,140.69141293819376,141.3981460726475,139.36353938433032,140.06713660050963,1166.2098634815586
2026-02-11 00:00:00+00:00,BTCUSDT,1h,140.06713660050963,141.07254058119753,139.22580263794814,140.23022699208883,858.4477038851538
2026-02-11 01:00:00+00:00,BTCUSDT,1h,140.23022699208883,140.3848947351577,140.0473887519128,140.20202538986072,966.2457841024896
2026-02-11 02:00:00+00:00,BTCUSDT,1h,140.20202538986072,142.0584372301042,139.67075060487403,141.5221599908069,760.6262558956386
2026-02-11 03:00:00+00:00,BTCUSDT,1h,141.5221599908069,142.84140998527542,139.25496758461065,140.56529784252402,849.3098500623488
2026-02-11 04:00:00+00:00,BTCUSDT,1h,140.56529784252402,143.19714525032325,139.52612780885036,142.14628729023508,900.4102634496056
2026-02-11 05:00:00+00:00,BTCUSDT,1h,142.14628729023508,143.57367102608535,139.791966699877,141.2099480416149,1214.3217065658591
2026-02-11 06:00:00+00:00,BTCUSDT,1h,141.2099480416149,143.04108387700882,139.52768340768884,141.35706658803915,1248.5593077505507
2026-02-11 07:00:00+00:00,BTCUSDT,1h,141.35706658803915,142.82733516433146,140.19767527473442,141.66541482102193,891.4537103409544
2026-02-11 08:00:00+00:00,BTCUSDT,1h,141.66541482102193,142.85340045102024,140.67569545029266,141.86230553949136,1297.8663739846654
2026-02-11 09:00:00+00:00,BTCUSDT,1h,141.86230553949136,143.59165870526354,140.79248263675896,142.5168993296182,925.3367011696886
2026-02-11 10:00:00+00:00,BTCUSDT,1h,142.5168993296182,144.4854549829991,140.92096319564487,142.8853923813636,1060.156906232224
2026-02-11 11:00:00+00:00,BTCUSDT,1h,142.8853923813636,144.74502234977896,141.92395021456844,143.7775768835098,1049.8433855272983
2026-02-11 12:00:00+00:00,BTCUSDT,1h,143.7775768835098,145.61565749338683,142.52937932174606,144.36238296799235,1083.72740102808
2026-02-11 13:00:00+00:00,BTCUSDT,1h,144.36238296799235,146.44858593569052,143.1923579844793,145.2711952310578,1207.4436903960186
2026-02-11 14:00:00+00:00,BTCUSDT,1h,145.2711952310578,146.6685584540791,143.46622296473868,144.8596273171403,924.541178793407
2026-02-11 15:00:00+00:00,BTCUSDT,1h,144.8596273171403,146.30344681756316,143.13246289897168,144.57342986225922,1266.7214824095638
2026-02-11 16:00:00+00:00,BTCUSDT,1h,144.57342986225922,145.80069654006437,143.29323075278694,144.52004424643903,1278.9855920629766
2026-02-11 17:00:00+00:00,BTCUSDT,1h,144.52004424643903,146.10513981332858,142.31074835299302,143.88892176977433,783.7686460480364
2026-02-11 18:00:00+00:00,BTCUSDT,1h,143.88892176977433,145.2261879367963,141.0084242006547,142.33121343204806,959.4209812465424
2026-02-11 19:00:00+00:00,BTCUSDT,1h,142.33121343204806,142.48259107177256,141.8127819610994,141.96376880178892,1089.1577700894345
2026-02-11 20:00:00+00:00,BTCUSDT,1h,141.96376880178892,142.63202136490645,140.96864194789086,141.63534856964773,992.141438785616
2026-02-11 21:00:00+00:00,BTCUSDT,1h,141.63534856964773,142.47070476759936,139.84971200863353,140.6794302617408,851.3422983653792
2026-02-11 22:00:00+00:00,BTCUSDT,1h,140.6794302617408,142.6603127866837,139.5752196651366,141.54927467156497,1269.2369123335752
2026-02-11 23:00:00+00:00,BTCUSDT,1h,141.54927467156497,142.1993357399315,140.25848507906613,140.90559004385847,1362.1816220207054
2026-02-12 00:00:00+00:00,BTCUSDT,1h,140.90559004385847,142.5677808912768,138.12934937580994,139.77824147135848,790.179906654205
2026-02-12 01:00:00+00:00,BTCUSDT,1h,139.77824147135848,141.2493998965102,138.94767749009472,140.41505197959617,1311.8681166054305
2026-02-12 02:00:00+00:00,BTCUSDT,1h,140.41505197959617,143.71956065275745,138.82955857758807,142.1148737514354,1082.147893389539
2026-02-12 03:00:00+00:00,BTCUSDT,1h,142.1148737514354,143.61356175197494,140.35069345372577,141.846551836054,1432.627662042613
2026-02-12 04:00:00+00:00,BTCUSDT,1h,141.846551836054,142.52712313141777,140.8312589406471,141.51021651922122,1371.0801098989548
2026-02-12 05:00:00+00:00,BTCUSDT,1h,141.51021651922122,142.98464787664426,139.90036302772126,141.37336853074046,1053.3867661761196
2026-02-12 06:00:00+00:00,BTCUSDT,1h,141.37336853074046,142.70945373550978,140.32619432001334,141.6601552515821,988.6753011617528
2026-02-12 07:00:00+00:00,BTCUSDT,1h,141.6601552515821,142.5875498143232,139.38165721529887,140.30014833573608,843.5344692667451
2026-02-12 08:00:00+00:00,BTCUSDT,1h,140.30014833573608,142.37445893150445,139.27407080155166,141.34077086085756,1038.1262760106497
2026-02-12 09:00:00+00:00,BTCUSDT,1h,141.34077086085756,142.53932609092956,138.7954208481139,139.9824577221835,1321.8942720800917
2026-02-12 10:00:00+00:00,BTCUSDT,1h,139.9824577221835,141.7120060814263,138.45764027372527,140.1849825466405,954.7776734656128
2026-02-12 11:00:00+00:00,BTCUSDT,1h,140.1849825466405,141.74655911323222,138.17489698119311,139.73142114600924,927.2759334710898
2026-02-12 12:00:00+00:00,BTCUSDT,1h,139.73142114600924,140.8429309829016,137.81071516307057,138.91573654193542,940.427393009527
2026-02-12 13:00:00+00:00,BTCUSDT,1h,138.91573654193542,141.31126076295592,137.4668417122164,139.85259448000602,729.3811957867802
2026-02-12 14:00:00+00:00,BTCUSDT,1h,139.85259448000602,140.9374488596565,139.2580782624802,140.34085702812905,1053.0212006121783
2026-02-12 15:00:00+00:00,BTCUSDT,1h,140.34085702812905,141.82528977957307,139.39970610607557,140.8805197824365,912.0724533668396
2026-02-12 16:00:00+00:00,BTCUSDT,1h,140.8805197824365,142.62692529196096,139.84446850905474,141.5856881308042,792.1432178173015
2026-02-12 17:00:00+00:00,BTCUSDT,1h,141.5856881308042,144.59054344417433,140.0433576049473,143.0324529249508,1112.435173715115
2026-02-12 18:00:00+00:00,BTCUSDT,1h,143.0324529249508,145.0170684488293,141.41195930563964,143.39249570609132,1035.8876444787095
2026-02-12 19:00:00+00:00,BTCUSDT,1h,143.39249570609132,145.4758242970793,142.06232787589798,144.13873405272844,885.1670497317859
2026-02-12 20:00:00+00:00,BTCUSDT,1h,144.13873405272844,146.41321479878104,142.86469816183862,145.13041349717227,860.4797026346812
2026-02-12 21:00:00+00:00,BTCUSDT,1h,145.13041349717227,145.29642137856035,144.66119702613918,144.8268576842529,689.2733776642418
2026-02-12 22:00:00+00:00,BTCUSDT,1h,144.8268576842529,146.3311883369907,142.1478618918255,143.63986311657362,1152.4928328677763
2026-02-12 23:00:00+00:00,BTCUSDT,1h,143.63986311657362,146.07151316757555,142.27142128698858,144.69303785332716,1361.931597774221
2026-02-13 00:00:00+00:00,BTCUSDT,1h,144.69303785332716,145.55537718039358,143.49333454243416,144.35365119816706,828.6511501766065
2026-02-13 01:00:00+00:00,BTCUSDT,1h,144.35365119816706,145.4657599595714,143.4528087012487,144.5636072269118,828.5952399757456
2026-02-13 02:00:00+00:00,BTCUSDT,1h,144.5636072269118,145.80868163434505,142.88730267331326,144.12863078493854,751.7775433344428
2026-02-13 03:00:00+00:00,BTCUSDT,1h,144.12863078493854,145.2988552268829,142.967667272128,144.1378177128965,1341.315988917822
2026-02-13 04:00:00+00:00,BTCUSDT,1h,144.1378177128965,144.88898340129634,143.52759433223713,144.27816584132472,1056.760673450872
2026-02-13 05:00:00+00:00,BTCUSDT,1h,144.27816584132472,145.07196927602754,143.65748777565062,144.45054962321393,395.99494008760007
2026-02-13 06:00:00+00:00,BTCUSDT,1h,144.45054962321393,146.1944569960636,143.3650162470684,145.10401289995997,860.1396693810087
2026-02-13 07:00:00+00:00,BTCUSDT,1h,145.10401289995997,146.83151395656236,143.22827727212805,144.9539922943575,1353.254167444563
2026-02-13 08:00:00+00:00,BTCUSDT,1h,144.9539922943575,146.78571431595233,142.72178449464735,144.5483809783527,994.1826019465644
2026-02-13 09:00:00+00:00,BTCUSDT,1h,144.5483809783527,145.67595950382946,143.4244100444113,144.55196073462642,991.33169667683
2026-02-13 10:00:00+00:00,BTCUSDT,1h,144.55196073462642,145.4184465256838,143.55659835330286,144.42230696257266,1006.8153249846066
2026-02-13 11:00:00+00:00,BTCUSDT,1h,144.42230696257266,145.82776763694704,142.1426471042541,143.53951681465122,873.5686075141823
2026-02-13 12:00:00+00:00,BTCUSDT,1h,143.53951681465122,145.05875446778208,142.4373491556127,143.9534087410882,645.0145035148978
2026-02-13 13:00:00+00:00,BTCUSDT,1h,143.9534087410882,146.25434763004745,142.66953816044813,144.96148635441745,989.0353983988788
2026-02-13 14:00:00+00:00,BTCUSDT,1h,144.96148635441745,146.90613204455198,142.71714723351073,144.6577178962862,953.1954739956165
2026-02-13 15:00:00+00:00,BTCUSDT,1h,144.6577178962862,146.73291311752493,143.40879811061052,145.47692064649175,735.7927881917401
2026-02-13 16:00:00+00:00,BTCUSDT,1h,145.47692064649175,145.97948726754854,138.33785504962518,138.81741565083564,1090.7401827863744
2026-02-13 17:00:00+00:00,BTCUSDT,1h,138.81741565083564,140.3534929706411,137.60795230633428,139.14120854183244,851.2884106707777
2026-02-13 18:00:00+00:00,BTCUSDT,1h,139.14120854183244,142.154311728611,137.2891757409058,140.28702755521925,816.887883938891
2026-02-13 19:00:00+00:00,BTCUSDT,1h,140.28702755521925,142.0949566260871,138.14169211450465,139.9452161394745,913.534148754454
2026-02-13 20:00:00+00:00,BTCUSDT,1h,139.9452161394745,141.44328709906506,139.23642449453698,140.73051807308764,873.3198830580264
2026-02-13 21:00:00+00:00,BTCUSDT,1h,140.73051807308764,142.24659591700362,139.4137836913592,140.9280136826353,710.8590730744279
2026-02-13 22:00:00+00:00,BTCUSDT,1h,140.9280136826353,142.2715941047233,138.68290749138993,140.01781020963125,1255.1495194474626
2026-02-13 23:00:00+00:00,BTCUSDT,1h,140.01781020963125,141.7026607286085,138.74658316927878,140.42771217269626,1087.1600185662548
2026-02-14 00:00:00+00:00,BTCUSDT,1h,140.42771217269626,141.71807065575902,138.09703027434884,139.3777408080404,1179.8342538560737
2026-02-14 01:00:00+00:00,BTCUSDT,1h,139.3777408080404,140.48201834859694,138.75065067488686,139.85279086409034,808.3002012119541
2026-02-14 02:00:00+00:00,BTCUSDT,1h,139.85279086409034,141.31074517444927,139.31503180561018,140.76946135356494,786.3700334337747
2026-02-14 03:00:00+00:00,BTCUSDT,1h,140.76946135356494,142.83522012424362,140.02416549089784,142.08296996534975,853.6503615763525
2026-02-14 04:00:00+00:00,BTCUSDT,1h,142.08296996534975,144.08001991171113,140.61175812851312,142.60341903471365,966.5188953741668
2026-02-14 05:00:00+00:00,BTCUSDT,1h,142.60341903471365,143.52272503462913,140.44227986566457,141.3535283306961,1032.608308850531
2026-02-14 06:00:00+00:00,BTCUSDT,1h,141.3535283306961,142.0706427452879,139.83612024332066,140.54915390732535,1250.0054423587712
2026-02-14 07:00:00+00:00,BTCUSDT,1h,140.54915390732535,142.4393749342188,139.0952683474834,140.98102199229,1179.223326382214
2026-02-14 08:00:00+00:00,BTCUSDT,1h,140.98102199229,142.31343022896735,138.78195983364247,140.10609919608666,1238.5900169945955
2026-02-14 09:00:00+00:00,BTCUSDT,1h,140.10609919608666,141.28960897248737,139.47141333311407,140.65244812844253,689.058842979989
2026-02-14 10:00:00+00:00,BTCUSDT,1h,140.65244812844253,142.00835389416923,138.60053201011607,139.94966284493574,962.9108957256864
2026-02-14 11:00:00+00:00,BTCUSDT,1h,139.94966284493574,146.3699766382984,139.36030555356652,145.75616694412477,3499.068863607104
2026-02-14 12:00:00+00:00,BTCUSDT,1h,145.75616694412477,147.41583616597998,143.43767530348063,145.0897563652597,994.6158077875
2026-02-14 13:00:00+00:00,BTCUSDT,1h,145.0897563652597,146.16298652910672,141.41252053454136,142.46634530442265,824.308331659535
2026-02-14 14:00:00+00:00,BTCUSDT,1h,142.46634530442265,143.53665336286718,140.65077347020568,141.7154401978151,1213.7592582821871
2026-02-14 15:00:00+00:00,BTCUSDT,1h,141.7154401978151,144.14224293395435,139.9886269002216,142.40700289290697,998.6449355165038
2026-02-14 16:00:00+00:00,BTCUSDT,1h,142.40700289290697,143.30583356513205,139.89119265232029,140.77975260441949,817.944532987864
2026-02-14 17:00:00+00:00,BTCUSDT,1h,140.77975260441949,143.02976472376852,137.92907784556,140.16933394996377,1159.119776674008
2026-02-14 18:00:00+00:00,BTCUSDT,1h,140.16933394996377,141.79122063832952,137.7138508604559,139.32597916688678,940.2791318207578
2026-02-14 19:00:00+00:00,BTCUSDT,1h,139.32597916688678,140.92906599616182,136.5801096308216,138.16989453276352,904.0248479860198
2026-02-14 20:00:00+00:00,BTCUSDT,1h,138.16989453276352,140.30659733198655,136.1120138493399,138.24755991260758,796.2204006911724
2026-02-14 21:00:00+00:00,BTCUSDT,1h,138.24755991260758,140.06140525020362,137.2726999994529,139.08067061328651,776.5012380208341
2026-02-14 22:00:00+00:00,BTCUSDT,1h,139.08067061328651,140.26435311187942,137.65933095229633,138.84097344531955,1036.7937691559623
2026-02-14 23:00:00+00:00,BTCUSDT,1h,138.84097344531955,140.29960594658556,136.08467232000885,137.52952705611307,828.5596409699795
2026-02-15 00:00:00+00:00,BTCUSDT,1h,137.52952705611307,138.9391690616729,136.34639829624015,137.7541082910985,888.1920893967497
2026-02-15 01:00:00+00:00,BTCUSDT,1h,137.7541082910985,139.02545939787538,136.95035977083535,138.21899840142623,810.044528771892
2026-02-15 02:00:00+00:00,BTCUSDT,1h,138.21899840142623,138.5501825306639,136.6822633030753,137.01055189473362,859.473560262163
2026-02-15 03:00:00+00:00,BTCUSDT,1h,137.01055189473362,137.95544429989897,134.24443456051122,135.17667967752155,890.4649764586358
2026-02-15 04:00:00+00:00,BTCUSDT,1h,135.17667967752155,137.08914860743627,134.5701610778518,136.4767965675796,1227.2826164058229
2026-02-15 05:00:00+00:00,BTCUSDT,1h,136.4767965675796,137.95409015937145,135.26827710404896,136.74321155708395,871.360782559638
2026-02-15 06:00:00+00:00,BTCUSDT,1h,136.74321155708395,137.69888960952733,135.07757373530615,136.028255062703,987.1505985168518
2026-02-15 07:00:00+00:00,BTCUSDT,1h,136.028255062703,137.33361314685945,135.15611963550765,136.45871783836904,1309.4930544907263
2026-02-15 08:00:00+00:00,BTCUSDT,1h,136.45871783836904,137.87448507858244,136.383560372358,137.79858965041134,1024.0028141419143
2026-02-15 09:00:00+00:00,BTCUSDT,1h,137.79858965041134,138.4889108426103,136.9741607333291,137.66380671165825,459.1867803282634
2026-02-15 10:00:00+00:00,BTCUSDT,1h,137.66380671165825,138.68193407006822,135.1859548622963,136.19320602288565,1135.7047596580314
2026-02-15 11:00:00+00:00,BTCUSDT,1h,136.19320602288565,137.82093490088778,134.89889086341483,136.52348096615532,953.312763367837
2026-02-15 12:00:00+00:00,BTCUSDT,1h,136.52348096615532,138.61691957827054,135.23899309534036,137.32489159621198,1224.000012110777
2026-02-15 13:00:00+00:00,BTCUSDT,1h,137.32489159621198,138.1492820146896,136.35803019169114,137.18156016119755,691.9687833930977
2026-02-15 14:00:00+00:00,BTCUSDT,1h,137.18156016119755,139.2847292433457,136.32611101468322,138.4215476708727,790.1571868795895
2026-02-15 15:00:00+00:00,BTCUSDT,1h,138.4215476708727,139.76263900694056,135.29091904384293,136.61450290276454,723.4500250989003
2026-02-15 16:00:00+00:00,BTCUSDT,1h,136.61450290276454,137.8485112213651,135.40703130609245,136.6408071339156,1284.916769061365
2026-02-15 17:00:00+00:00,BTCUSDT,1h,136.6408071339156,136.93493741821206,135.72971533065967,136.02251469093832,1173.2384385011017
2026-02-15 18:00:00+00:00,BTCUSDT,1h,136.02251469093832,137.03283526507764,135.19516113481336,136.20437554484053,992.5784485333654
2026-02-15 19:00:00+00:00,BTCUSDT,1h,136.20437554484053,138.84140956918952,135.09240934816142,137.71709361245635,867.6516299188663
2026-02-15 20:00:00+00:00,BTCUSDT,1h,137.71709361245635,139.05804224488423,136.282481000286,137.6225086609005,1072.9647476139355
2026-02-15 21:00:00+00:00,BTCUSDT,1h,137.6225086609005,139.11360285057592,136.3861016070889,137.87492804917548,765.8904489557451
2026-02-15 22:00:00+00:00,BTCUSDT,1h,137.87492804917548,139.88680265747266,136.34089884304734,138.34751533294687,1132.5333370490027
2026-02-15 23:00:00+00:00,BTCUSDT,1h,138.34751533294687,139.42151764125066,137.19349334386,138.26686959313776,1038.5436898264566
2026-02-16 00:00:00+00:00,BTCUSDT,1h,138.26686959313776,138.71381713498548,137.84485713658057,138.29172880416613,975.1538127497264
2026-02-16 01:00:00+00:00,BTCUSDT,1h,138.29172880416613,140.29541769936998,137.31870098261732,139.31518876015468,895.5110941580963
2026-02-16 02:00:00+00:00,BTCUSDT,1h,139.31518876015468,140.96739435416404,138.15906825543436,139.80719092214125,862.7245113904968
2026-02-16 03:00:00+00:00,BTCUSDT,1h,139.80719092214125,141.78442705352188,137.9631589133974,139.9386609780982,1371.3512921892295
2026-02-16 04:00:00+00:00,BTCUSDT,1h,139.9386609780982,141.11865178325175,138.87869836421157,140.05778685278844,1244.1787799329247
2026-02-16 05:00:00+00:00,BTCUSDT,1h,140.05778685278844,141.8074882045824,138.69612169842523,140.44208682184907,992.499277105444
2026-02-16 06:00:00+00:00,BTCUSDT,1h,140.44208682184907,140.96668024407006,138.81834563959103,139.33881802111185,989.4365478847736
2026-02-16 07:00:00+00:00,BTCUSDT,1h,139.33881802111185,140.8023643418557,136.96643038784717,138.42032935600434,1192.888423562095
2026-02-16 08:00:00+00:00,BTCUSDT,1h,138.42032935600434,140.82383693442682,137.25440966122127,139.64758006032008,1397.3082812178488
2026-02-16 09:00:00+00:00,BTCUSDT,1h,139.64758006032008,142.0288252611795,138.35071965207078,140.72198719293758,1160.2955752364323
2026-02-16 10:00:00+00:00,BTCUSDT,1h,140.72198719293758,140.91260201755983,140.06840017030376,140.25838702579117,1219.6613797145783
2026-02-16 11:00:00+00:00,BTCUSDT,1h,140.25838702579117,142.5476182250604,138.4054371194113,140.68897976913715,1108.2230131384044
2026-02-16 12:00:00+00:00,BTCUSDT,1h,140.68897976913715,141.6285517013586,139.61528111866613,140.55395128177256,886.9975977874955
2026-02-16 13:00:00+00:00,BTCUSDT,1h,140.55395128177256,141.08618567786488,140.17689569265582,140.70871491370764,783.701391496542
2026-02-16 14:00:00+00:00,BTCUSDT,1h,140.70871491370764,141.7008985276694,140.43053162871894,141.42130643831993,694.2563645285064
2026-02-16 15:00:00+00:00,BTCUSDT,1h,141.42130643831993,142.39222152665533,139.95104861985735,140.91851181755527,1019.6834893189422
2026-02-16 16:00:00+00:00,BTCUSDT,1h,140.91851181755527,142.9042606348911,139.65715991770793,141.6364822312884,1124.7186599287056
2026-02-16 17:00:00+00:00,BTCUSDT,1h,141.6364822312884,142.7913915553139,139.98288100165303,141.13369054291212,862.7961193875564
2026-02-16 18:00:00+00:00,BTCUSDT,1h,141.13369054291212,142.5197571017507,139.6480189098877,141.0330975502309,1105.1019973385453
2026-02-16 19:00:00+00:00,BTCUSDT,1h,141.0330975502309,141.6875683701192,138.7751831126073,139.4221783852304,1403.6411569205184
2026-02-16 20:00:00+00:00,BTCUSDT,1h,139.4221783852304,140.57516853440595,136.56111653941105,137.699863530979,770.0885784401709
2026-02-16 21:00:00+00:00,BTCUSDT,1h,137.699863530979,138.56855739439865,136.64714397674842,137.51466952458102,1018.2380343092472
2026-02-16 22:00:00+00:00,BTCUSDT,1h,137.51466952458102,139.05613306406374,135.06010399182202,136.59121612846573,1442.8063588505977
2026-02-16 23:00:00+00:00,BTCUSDT,1h,136.59121612846573,137.34544515036242,133.82447620991695,134.56753085171678,699.4511368313466
2026-02-17 00:00:00+00:00,BTCUSDT,1h,134.56753085171678,136.31089962285068,132.91477106123415,134.65704047426823,1283.0591384407094
2026-02-17 01:00:00+00:00,BTCUSDT,1h,134.65704047426823,136.90485068391928,133.47947161313195,135.71800375372476,892.7255618074503
2026-02-17 02:00:00+00:00,BTCUSDT,1h,135.71800375372476,137.48219698665503,134.8734375691803,136.63194340249726,846.4138566515874
2026-02-17 03:00:00+00:00,BTCUSDT,1h,136.63194340249726,137.27369371246058,136.03905601167244,136.6805952067197,966.1285701506594
2026-02-17 04:00:00+00:00,BTCUSDT,1h,136.6805952067197,137.82379952097145,134.76442650003088,135.90111116518523,1198.4095814428288
2026-02-17 05:00:00+00:00,BTCUSDT,1h,135.90111116518523,137.19103663558857,134.15555927387794,135.44111865744918,1197.602684112663
2026-02-17 06:00:00+00:00,BTCUSDT,1h,135.44111865744918,136.50444833788737,133.74521908248738,134.8035432456528,932.0642798516734
2026-02-17 07:00:00+00:00,BTCUSDT,1h,134.8035432456528,137.16094494752986,133.9198809707148,136.26768495164478,1029.3032039300292
2026-02-17 08:00:00+00:00,BTCUSDT,1h,136.26768495164478,136.98700556377204,134.396029903065,135.1092353701203,1124.0368317779278
2026-02-17 09:00:00+00:00,BTCUSDT,1h,135.1092353701203,136.5016860706142,133.4819349598018,134.87194006871374,1018.0100125319358
2026-02-17 10:00:00+00:00,BTCUSDT,1h,134.87194006871374,137.99924169977314,133.87905321450148,136.99075675132735,1196.0088736844634
2026-02-17 11:00:00+00:00,BTCUSDT,1h,136.99075675132735,137.91706127317894,135.47446536240784,136.39675335022838,697.9228101172515
2026-02-17 12:00:00+00:00,BTCUSDT,1h,136.39675335022838,138.80277110104305,136.15580304203203,138.55800285933643,1029.502669866229
2026-02-17 13:00:00+00:00,BTCUSDT,1h,138.55800285933643,140.0108243763934,136.74099916431734,138.18996166088297,897.0412953222549
2026-02-17 14:00:00+00:00,BTCUSDT,1h,138.18996166088297,141.38037257602372,136.596867103807,139.76907355222042,1115.0505182508252
2026-02-17 15:00:00+00:00,BTCUSDT,1h,139.76907355222042,141.79316081147587,138.18464428073057,140.20380342026246,1098.2457147314049
2026-02-17 16:00:00+00:00,BTCUSDT,1h,140.20380342026246,143.11458725309842,138.68157318453544,141.57744304415905,1006.0071706961986
2026-02-17 17:00:00+00:00,BTCUSDT,1h,141.57744304415905,143.2591170596452,140.3200934074825,141.99803216985902,1256.5462098173678
2026-02-17 18:00:00+00:00,BTCUSDT,1h,141.99803216985902,143.220281189527,140.6150967769782,141.83595067912142,766.1137342071072
2026-02-17 19:00:00+00:00,BTCUSDT,1h,141.83595067912142,143.7645917047435,140.552935784514,142.4757889822328,887.0437508417173
2026-02-17 20:00:00+00:00,BTCUSDT,1h,142.4757889822328,145.22377210879316,141.2802682096062,144.01533295325478,789.6013742635917
2026-02-17 21:00:00+00:00,BTCUSDT,1h,144.01533295325478,146.20606523624252,142.8958334327058,145.07830274709048,399.5312132938076
2026-02-17 22:00:00+00:00,BTCUSDT,1h,145.07830274709048,146.65237260398473,143.87874103996128,145.44973971696692,1036.4539187817406
2026-02-17 23:00:00+00:00,BTCUSDT,1h,145.44973971696692,146.3021590080462,144.4850932996304,145.3368509977623,1044.104030809979
2026-02-18 00:00:00+00:00,BTCUSDT,1h,145.3368509977623,146.4630428856912,142.80707275227016,143.92230353940627,1192.6827200322418
2026-02-18 01:00:00+00:00,BTCUSDT,1h,143.92230353940627,145.83325330047583,142.9449173463971,144.84956997775296,1407.5229044591686
2026-02-18 02:00:00+00:00,BTCUSDT,1h,144.84956997775296,146.18926975319573,143.84148274186788,145.17889059534525,1051.9868052569905
2026-02-18 03:00:00+00:00,BTCUSDT,1h,145.17889059534525,146.76034690080652,143.0667045828175,144.64231589636867,830.8997930709075
2026-02-18 04:00:00+00:00,BTCUSDT,1h,144.64231589636867,145.34013788668267,143.3958475755765,144.0910098082025,856.7981102774993
2026-02-18 05:00:00+00:00,BTCUSDT,1h,144.0910098082025,146.09078496691626,141.91163269053934,143.90888015261615,1067.7547639661336
2026-02-18 06:00:00+00:00,BTCUSDT,1h,143.90888015261615,146.213971640476,142.69504370683498,144.99100771160488,1208.3062654351693
2026-02-18 07:00:00+00:00,BTCUSDT,1h,144.99100771160488,145.7006982207979,143.43512880257842,144.1406570828149,1392.1515539262698
2026-02-18 08:00:00+00:00,BTCUSDT,1h,144.1406570828149,145.03872288066975,143.63139894264165,144.52809589444962,1139.3508947909393
2026-02-18 09:00:00+00:00,BTCUSDT,1h,144.52809589444962,145.60529347943628,143.33902469489882,144.415382201581,1183.3029125920673
2026-02-18 10:00:00+00:00,BTCUSDT,1h,144.415382201581,146.14190966217595,141.6931643505159,143.40764401098997,1069.8166002233168
2026-02-18 11:00:00+00:00,BTCUSDT,1h,143.40764401098997,144.01050027344436,142.4464661404834,143.04780973358834,1368.8676523524357
2026-02-18 12:00:00+00:00,BTCUSDT,1h,143.04780973358834,149.114898835502,142.4622921790063,148.5070357958696,2953.753550693362
2026-02-18 13:00:00+00:00,BTCUSDT,1h,148.5070357958696,150.48291612451632,147.006500122694,148.9776255472675,1311.5390951467357
2026-02-18 14:00:00+00:00,BTCUSDT,1h,148.9776255472675,150.73281977140738,147.77854305065037,149.5292970133987,1464.027337594967
2026-02-18 15:00:00+00:00,BTCUSDT,1h,149.5292970133987,152.12785176105848,148.8061672983607,151.39569606488365,1211.5721756641792
2026-02-18 16:00:00+00:00,BTCUSDT,1h,151.39569606488365,153.32628796158647,148.98497526008725,150.9093654886181,826.0501439135306
2026-02-18 17:00:00+00:00,BTCUSDT,1h,150.9093654886181,153.2062711265871,148.94589311251573,151.2385161911492,1084.2194105789265
2026-02-18 18:00:00+00:00,BTCUSDT,1h,151.2385161911492,153.22992605571966,150.31179910522678,152.29672477516235,767.0438336259859
2026-02-18 19:00:00+00:00,BTCUSDT,1h,152.29672477516235,153.83427534602535,149.749407688032,151.27665993315975,886.4672545674227
2026-02-18 20:00:00+00:00,BTCUSDT,1h,151.27665993315975,153.7830247611192,150.18275652548843,152.67898096722772,1287.7253511241925
2026-02-18 21:00:00+00:00,BTCUSDT,1h,152.67898096722772,153.82347518111823,151.9193144803795,153.06190343290143,1027.7200426247882
2026-02-18 22:00:00+00:00,BTCUSDT,1h,153.06190343290143,155.07701717368064,151.5697465560527,153.57981136004412,997.0511328698263
2026-02-18 23:00:00+00:00,BTCUSDT,1h,153.57981136004412,156.40243602821772,151.86776693943185,154.6781478057208,1208.3573402499278
2026-02-19 00:00:00+00:00,BTCUSDT,1h,154.6781478057208,154.96786834808654,153.73064800024338,154.01913417441037,1134.2837622669188
2026-02-19 01:00:00+00:00,BTCUSDT,1h,154.01913417441037,155.03927122578335,152.29661603743864,153.31206988837843,967.6730023420826
2026-02-19 02:00:00+00:00,BTCUSDT,1h,153.31206988837843,154.1328571652394,152.85698709865454,153.67669205191572,990.27767157551
2026-02-19 03:00:00+00:00,BTCUSDT,1h,153.67669205191572,154.26891529280942,146.75527635692706,147.32301445640496,957.7607812744056
2026-02-19 04:00:00+00:00,BTCUSDT,1h,147.32301445640496,150.2796211548461,145.73459860341654,148.67661101568157,1142.130012602853
2026-02-19 05:00:00+00:00,BTCUSDT,1h,148.67661101568157,149.4720459719167,148.08799686162055,148.88261623839722,1040.5632762793762
2026-02-19 06:00:00+00:00,BTCUSDT,1h,148.88261623839722,150.17000636014356,146.81222075109747,148.09278115755146,863.9031003830635
2026-02-19 07:00:00+00:00,BTCUSDT,1h,148.09278115755146,149.314813658228,145.89617281995487,147.11009639929762,1232.1076803898954
2026-02-19 08:00:00+00:00,BTCUSDT,1h,147.11009639929762,148.40915734356213,145.4425027180569,146.73828032725834,1162.7770971762325
2026-02-19 09:00:00+00:00,BTCUSDT,1h,146.73828032725834,147.91590134796124,146.08779363207483,147.2630881941727,905.0073157640346
2026-02-19 10:00:00+00:00,BTCUSDT,1h,147.2630881941727,148.8780153653705,146.03616646265704,147.64788767874626,1371.5687378313426
2026-02-19 11:00:00+00:00,BTCUSDT,1h,147.64788767874626,149.06975055345734,146.82293278369048,148.24147907773147,1153.952662219615
2026-02-19 12:00:00+00:00,BTCUSDT,1h,148.24147907773147,150.84017708401308,146.72549589706776,149.31323366510586,1119.7720288984783
2026-02-19 13:00:00+00:00,BTCUSDT,1h,149.31323366510586,150.51950021620934,146.91377040283996,148.11031888794284,1136.551244240009
2026-02-19 14:00:00+00:00,BTCUSDT,1h,148.11031888794284,149.18137625579288,146.75847022096258,147.82748226032925,1107.0123893030732
2026-02-19 15:00:00+00:00,BTCUSDT,1h,147.82748226032925,148.64704516797244,146.50331435388478,147.32006411008788,984.1378754150704
2026-02-19 16:00:00+00:00,BTCUSDT,1h,147.32006411008788,148.90911763620866,145.71082142567798,147.2996548088584,980.852590057068
2026-02-19 17:00:00+00:00,BTCUSDT,1h,147.2996548088584,148.72242055687178,144.91869630319056,146.33211661037117,854.5498798456671
2026-02-19 18:00:00+00:00,BTCUSDT,1h,146.33211661037117,147.9927610963213,145.38455212875283,147.04060881766506,1129.8490778380817
2026-02-19 19:00:00+00:00,BTCUSDT,1h,147.04060881766506,148.49740627134597,145.91980109606263,147.37405686315,759.6078054831665
2026-02-19 20:00:00+00:00,BTCUSDT,1h,147.37405686315,149.21025062713576,145.24711964459206,147.0796452131898,1051.9286573451252
2026-02-19 21:00:00+00:00,BTCUSDT,1h,147.0796452131898,149.40968301916774,145.842123161517,148.16304528410726,1015.6590911175598
2026-02-19 22:00:00+00:00,BTCUSDT,1h,148.16304528410726,149.5502785832005,145.97848961851324,147.35818712460377,845.5038055634011
2026-02-19 23:00:00+00:00,BTCUSDT,1h,147.35818712460377,149.0283581033706,145.01624044770605,146.6787101734465,813.6497493368307
2026-02-20 00:00:00+00:00,BTCUSDT,1h,146.6787101734465,149.98183307131748,145.4765066018799,148.76254999534635,900.7173863966894
2026-02-20 01:00:00+00:00,BTCUSDT,1h,148.76254999534635,150.8042784972151,147.97979083243018,150.01492956032715,1039.6223209498205
2026-02-20 02:00:00+00:00,BTCUSDT,1h,150.01492956032715,151.76422611786745,148.35652398682925,150.1048267367607,1359.7176990032726
2026-02-20 03:00:00+00:00,BTCUSDT,1h,150.1048267367607,151.1250787150478,149.4558929559899,150.4745465600742,747.6220096086445
2026-02-20 04:00:00+00:00,BTCUSDT,1h,150.4745465600742,152.07246491936573,148.49394114606548,150.0877520596284,1039.3927211131263
2026-02-20 05:00:00+00:00,BTCUSDT,1h,150.0877520596284,151.48107983543704,148.99998532125787,150.39111446639066,1283.7595420113057
2026-02-20 06:00:00+00:00,BTCUSDT,1h,150.39111446639066,152.49233878332464,147.33979255097154,149.4275542631697,1252.530579933319
2026-02-20 07:00:00+00:00,BTCUSDT,1h,149.4275542631697,151.33416702720072,148.21449473058544,150.11552253756165,952.9124762348152
2026-02-20 08:00:00+00:00,BTCUSDT,1h,150.11552253756165,151.15541758688298,149.13144314051542,150.1709746744288,927.3848091518186
2026-02-20 09:00:00+00:00,BTCUSDT,1h,150.1709746744288,151.74282227854698,147.93100623722793,149.49578661187144,1031.88872208443
2026-02-20 10:00:00+00:00,BTCUSDT,1h,149.49578661187144,150.84434012157593,148.6024218375981,149.94827136514607,764.4052643651111
2026-02-20 11:00:00+00:00,BTCUSDT,1h,149.94827136514607,151.27469963041264,147.85197202698518,149.1715293052528,774.9159998951844
2026-02-20 12:00:00+00:00,BTCUSDT,1h,149.1715293052528,150.54562125085394,148.37892321423374,149.749941830142,919.2688378064194
2026-02-20 13:00:00+00:00,BTCUSDT,1h,149.749941830142,150.69278602252876,149.06729691622877,150.0089603557089,594.0849452733581
2026-02-20 14:00:00+00:00,BTCUSDT,1h,150.0089603557089,152.23409021220573,148.87002360428673,151.0869687273524,878.6535180349817
2026-02-20 15:00:00+00:00,BTCUSDT,1h,151.0869687273524,154.79603834089295,148.8809919371234,152.56843114966549,1010.4622681722554
2026-02-20 16:00:00+00:00,BTCUSDT,1h,152.56843114966549,155.3291990461212,150.1314636004525,152.88714076493835,882.7169414736245
2026-02-20 17:00:00+00:00,BTCUSDT,1h,152.88714076493835,155.71827782601903,151.20341426772276,154.02205268915822,891.812795483455
2026-02-20 18:00:00+00:00,BTCUSDT,1h,154.02205268915822,154.91374621270785,152.2688403041761,153.15551711651744,1034.2398309795208
2026-02-20 19:00:00+00:00,BTCUSDT,1h,153.15551711651744,155.95611490693275,150.71722816050467,153.51214825942387,801.7273840641178
2026-02-20 20:00:00+00:00,BTCUSDT,1h,153.51214825942387,154.61607887180645,152.63010287850832,153.73276587299097,1180.8790278781153
2026-02-20 21:00:00+00:00,BTCUSDT,1h,153.73276587299097,154.81697703114105,153.09067412079307,154.17304637053272,919.0117177640228
2026-02-20 22:00:00+00:00,BTCUSDT,1h,154.17304637053272,155.87432479734463,152.58237938499516,154.28252824212703,1116.2650335863916
2026-02-20 23:00:00+00:00,BTCUSDT,1h,154.28252824212703,156.24108067751035,153.01242711986797,154.96535828874497,1131.4040955371183
2026-02-21 00:00:00+00:00,BTCUSDT,1h,154.96535828874497,156.8251964740782,153.2460381497108,155.10433441333657,1128.5974592490531
2026-02-21 01:00:00+00:00,BTCUSDT,1h,155.10433441333657,156.3522134519576,153.1111236756215,154.35295757429793,859.5765970660266
2026-02-21 02:00:00+00:00,BTCUSDT,1h,154.35295757429793,155.88053100539395,152.78751545693498,154.31471036976757,1032.38914102822
2026-02-21 03:00:00+00:00,BTCUSDT,1h,154.31471036976757,155.30018102877125,153.30128165028802,154.28657261852734,1309.2584859498097
2026-02-21 04:00:00+00:00,BTCUSDT,1h,154.28657261852734,155.19332141082307,153.46615183816738,154.3724440082737,918.9291396617252
2026-02-21 05:00:00+00:00,BTCUSDT,1h,154.3724440082737,157.5458116777103,152.1673511199312,155.3270825049041,1268.544509404362
2026-02-21 06:00:00+00:00,BTCUSDT,1h,155.3270825049041,157.0018074802469,153.42734685483555,155.09961933935594,682.0654423311752
2026-02-21 07:00:00+00:00,BTCUSDT,1h,155.09961933935594,157.13028177067284,153.93085006378763,155.95506618662083,1067.5963272191184
2026-02-21 08:00:00+00:00,BTCUSDT,1h,155.95506618662083,157.413314979576,153.44093661537033,154.88921926859243,760.0231754126371
2026-02-21 09:00:00+00:00,BTCUSDT,1h,154.88921926859243,156.85424356085073,151.50915429419098,153.45599579127173,766.4887099206036
2026-02-21 10:00:00+00:00,BTCUSDT,1h,153.45599579127173,155.39535766580445,152.45399033342483,154.38727135595985,992.0510545335368
2026-02-21 11:00:00+00:00,BTCUSDT,1h,154.38727135595985,156.24930725074304,152.6057883950752,154.4669053885083,1100.2480914508294
2026-02-21 12:00:00+00:00,BTCUSDT,1h,154.4669053885083,155.49427607694747,152.7099351620014,153.73242073930427,1277.5921558440623
2026-02-21 13:00:00+00:00,BTCUSDT,1h,153.73242073930427,156.1074520899037,152.69040075740304,155.0564575998355,1190.7727812546627
2026-02-21 14:00:00+00:00,BTCUSDT,1h,155.0564575998355,156.8099362010014,153.31760663438257,155.07092301590862,811.9176603752645
2026-02-21 15:00:00+00:00,BTCUSDT,1h,155.07092301590862,156.91814862365152,154.06246893364877,155.9042751029964,756.0512148551413
2026-02-21 16:00:00+00:00,BTCUSDT,1h,155.9042751029964,158.09130857919695,154.3645419699536,156.54524513357788,712.3907841296997
2026-02-21 17:00:00+00:00,BTCUSDT,1h,156.54524513357788,157.76495765168107,153.242408505333,154.44576303958695,1098.8620011039195
2026-02-21 18:00:00+00:00,BTCUSDT,1h,154.44576303958695,155.74363199813004,152.7216784536441,154.01593540017905,923.4972664083268
2026-02-21 19:00:00+00:00,BTCUSDT,1h,154.01593540017905,155.44570459104438,152.14029327153358,153.565884525399,1252.993898004247
2026-02-21 20:00:00+00:00,BTCUSDT,1h,153.565884525399,155.15014747411746,152.4675073720449,154.04831971199974,869.2309650360559
2026-02-21 21:00:00+00:00,BTCUSDT,1h,154.04831971199974,154.51777564331314,153.8194815405675,154.28858056533076,1027.5185275525707
2026-02-21 22:00:00+00:00,BTCUSDT,1h,154.28858056533076,155.52585417014785,152.99886788494243,154.2357175699293,951.2142708351142
2026-02-21 23:00:00+00:00,BTCUSDT,1h,154.2357175699293,154.80890151400928,153.52757163446262,154.10025215038286,1135.511093860374
2026-02-22 00:00:00+00:00,BTCUSDT,1h,154.10025215038286,155.3509143169207,152.60394400471213,153.85259622060178,905.2185138209136
2026-02-22 01:00:00+00:00,BTCUSDT,1h,153.85259622060178,155.38009362981876,151.02319867581704,152.53764079014394,960.3148156811692
2026-02-22 02:00:00+00:00,BTCUSDT,1h,152.53764079014394,153.9413677461276,150.94967891872025,152.3516947067041,1342.9603309343418
2026-02-22 03:00:00+00:00,BTCUSDT,1h,152.3516947067041,153.8488360299974,150.87199927691196,152.36897278914367,1374.3762934027377
2026-02-22 04:00:00+00:00,BTCUSDT,1h,152.36897278914367,154.15837893175993,150.35827882030912,152.14505529806223,1015.0430655537668
2026-02-22 05:00:00+00:00,BTCUSDT,1h,152.14505529806223,154.42110441090125,150.85605125551447,153.12380817370487,1199.158058780851
2026-02-22 06:00:00+00:00,BTCUSDT,1h,153.12380817370487,154.145327300582,151.4908635214513,152.5082763138824,885.348861792411
2026-02-22 07:00:00+00:00,BTCUSDT,1h,152.5082763138824,154.25038722715948,150.561073577864,152.3008146444207,1095.5590385227813
2026-02-22 08:00:00+00:00,BTCUSDT,1h,152.3008146444207,154.1247138631135,151.1594704664872,152.97829265662494,1027.8389082463707
2026-02-22 09:00:00+00:00,BTCUSDT,1h,152.97829265662494,154.85627853000386,151.56678464572465,153.44050574748687,898.8972555457608
2026-02-22 10:00:00+00:00,BTCUSDT,1h,153.44050574748687,154.2047720540788,152.39867123270488,153.16154808911077,1160.703867999614
2026-02-22 11:00:00+00:00,BTCUSDT,1h,153.16154808911077,156.3457163748233,151.04182939832495,154.21146706003788,395.48017754316686
2026-02-22 12:00:00+00:00,BTCUSDT,1h,154.21146706003788,156.5930959473802,152.69048812509507,155.06371137519463,1538.3376919919283
2026-02-22 13:00:00+00:00,BTCUSDT,1h,155.06371137519463,161.85474732905286,154.1621677914383,160.9191600471713,3157.129816970852
2026-02-22 14:00:00+00:00,BTCUSDT,1h,160.9191600471713,161.54802108461325,158.9802368906857,159.6039582095771,1122.7024337233345
2026-02-22 15:00:00+00:00,BTCUSDT,1h,159.6039582095771,160.36202709434167,157.32625815653438,158.07707482275,1243.7112108954702
2026-02-22 16:00:00+00:00,BTCUSDT,1h,158.07707482275,159.3636373768101,157.41398672274397,158.69794490445412,1283.9470991579185
2026-02-22 17:00:00+00:00,BTCUSDT,1h,158.69794490445412,159.9432680051163,157.5842494957516,158.82865530931315,1032.602018342981
2026-02-22 18:00:00+00:00,BTCUSDT,1h,158.82865530931315,160.6614997245122,156.9587452509087,158.7911569440067,1118.145516823357
2026-02-22 19:00:00+00:00,BTCUSDT,1h,158.7911569440067,159.81365401241948,156.97956675711518,157.99694972111087,1156.4451063945403
2026-02-22 20:00:00+00:00,BTCUSDT,1h,157.99694972111087,158.80351660860038,156.65894425687006,157.46278425515035,524.1542522866753
2026-02-22 21:00:00+00:00,BTCUSDT,1h,157.46278425515035,159.57277278077134,156.1989835966305,158.30223467002034,958.5191850173572
2026-02-22 22:00:00+00:00,BTCUSDT,1h,158.30223467002034,159.30544195801892,156.50768881388285,157.50584917545063,992.7730995293356
2026-02-22 23:00:00+00:00,BTCUSDT,1h,157.50584917545063,158.81303453104184,155.17599915378872,156.4746260989398,1342.427368729088
2026-02-23 00:00:00+00:00,BTCUSDT,1h,156.4746260989398,157.73386995858135,154.7703988244344,156.0260325867729,1316.4752083918274
2026-02-23 01:00:00+00:00,BTCUSDT,1h,156.0260325867729,158.14764217497657,154.04204790293895,156.16192946334343,1204.5073502843084
2026-02-23 02:00:00+00:00,BTCUSDT,1h,156.16192946334343,158.25515601131647,154.98953009043697,157.07589496231813,909.2151951309625
2026-02-23 03:00:00+00:00,BTCUSDT,1h,157.07589496231813,159.71269073423417,155.74935857318476,158.3751816173741,979.2316323956466
2026-02-23 04:00:00+00:00,BTCUSDT,1h,158.3751816173741,159.57979282283478,155.15251191093876,156.341655997605,1501.7970716312177
2026-02-23 05:00:00+00:00,BTCUSDT,1h,156.341655997605,159.1107087996592,154.24423770080583,157.0043993975165,1053.1370455807355
2026-02-23 06:00:00+00:00,BTCUSDT,1h,157.0043993975165,158.34724258299693,154.4325773346725,155.76481850671604,1363.520492626766
2026-02-23 07:00:00+00:00,BTCUSDT,1h,155.76481850671604,157.15460090695657,154.63253187592903,156.02045599448246,974.9095119488502
2026-02-23 08:00:00+00:00,BTCUSDT,1h,156.02045599448246,157.12502641324326,153.91335661263818,155.01077886946288,1036.816714564255
2026-02-23 09:00:00+00:00,BTCUSDT,1h,155.01077886946288,157.62440109720413,153.39019369285353,155.99354147055286,788.736065973324
2026-02-23 10:00:00+00:00,BTCUSDT,1h,155.99354147055286,157.09838933512742,153.18370712148072,154.27639302230784,856.35615086496
2026-02-23 11:00:00+00:00,BTCUSDT,1h,154.27639302230784,155.92582497419372,153.49441850352048,155.13947578269716,1130.0109722578752
2026-02-23 12:00:00+00:00,BTCUSDT,1h,155.13947578269716,156.93001574650305,153.0363941151053,154.82328476495934,1019.5294458614408
2026-02-23 13:00:00+00:00,BTCUSDT,1h,154.82328476495934,154.98140163385077,152.91642901354874,153.07275811651732,1067.9864561072477
2026-02-23 14:00:00+00:00,BTCUSDT,1h,153.07275811651732,154.7553617105464,150.53132070639143,152.20437891835655,995.8260351917556
2026-02-23 15:00:00+00:00,BTCUSDT,1h,152.20437891835655,155.12826340775248,150.9927809250219,153.90314268409725,850.7555198328953
2026-02-23 16:00:00+00:00,BTCUSDT,1h,153.90314268409725,155.36532702920778,150.65352727027886,152.09856692045236,957.2157690103174
2026-02-23 17:00:00+00:00,BTCUSDT,1h,152.09856692045236,154.54749749143434,149.41407113862087,151.85914681987254,1159.521082329475
2026-02-23 18:00:00+00:00,BTCUSDT,1h,151.85914681987254,153.3794906763129,149.5402846118835,151.0525532246336,690.139492666701
2026-02-23 19:00:00+00:00,BTCUSDT,1h,151.0525532246336,152.64978974917966,148.92346327053707,150.5150158505963,736.6606992790861
2026-02-23 20:00:00+00:00,BTCUSDT,1h,150.5150158505963,151.7970782293641,149.2822816965163,150.5639433537753,1034.7790552302506
2026-02-23 21:00:00+00:00,BTCUSDT,1h,150.5639433537753,151.12663203286323,149.17023756322644,149.72980890891765,996.9937525911724
2026-02-23 22:00:00+00:00,BTCUSDT,1h,149.72980890891765,151.103710085212,148.9820649155169,150.35285462924818,1161.682879185402
2026-02-23 23:00:00+00:00,BTCUSDT,1h,150.35285462924818,152.7602186033339,149.00369910243523,151.4016519436448,1205.2369708521271
2026-02-24 00:00:00+00:00,BTCUSDT,1h,151.4016519436448,154.12610704973295,149.63775824555995,152.35115128016787,1055.4522986905065
2026-02-24 01:00:00+00:00,BTCUSDT,1h,152.35115128016787,154.07123117419854,150.96729929023763,152.68435261488423,1243.8709965866467
2026-02-24 02:00:00+00:00,BTCUSDT,1h,152.68435261488423,154.59619606877828,150.3771231624604,152.28395299591892,816.3356443753752
2026-02-24 03:00:00+00:00,BTCUSDT,1h,152.28395299591892,155.6967916838248,150.7591165920762,154.15323791913093,1548.215374013463
2026-02-24 04:00:00+00:00,BTCUSDT,1h,154.15323791913093,156.0513467419461,152.58840564770645,154.48316532868927,692.8991158587862
2026-02-24 05:00:00+00:00,BTCUSDT,1h,154.48316532868927,155.82578704241874,152.97547142097113,154.31664590520313,1090.254535939262
2026-02-24 06:00:00+00:00,BTCUSDT,1h,154.31664590520313,156.34957157369925,152.99605723493136,155.0229386931725,995.9155091221792
2026-02-24 07:00:00+00:00,BTCUSDT,1h,155.0229386931725,156.5533547800324,154.47223431378362,155.99918238692865,917.0058637480446
2026-02-24 08:00:00+00:00,BTCUSDT,1h,155.99918238692865,157.97605753048427,154.77073940435622,156.7417669353569,1247.7997910445583
2026-02-24 09:00:00+00:00,BTCUSDT,1h,156.7417669353569,157.83414106736151,155.10874833713288,156.19732813355498,1133.3330324369108
2026-02-24 10:00:00+00:00,BTCUSDT,1h,156.19732813355498,158.62780174000093,155.54040853974232,157.96345434363613,663.2920864046395
2026-02-24 11:00:00+00:00,BTCUSDT,1h,157.96345434363613,158.64970057871952,156.22808022212118,156.90974880688358,1058.9013613436905
2026-02-24 12:00:00+00:00,BTCUSDT,1h,156.90974880688358,159.15553921824304,155.6483980621012,157.886337964043,1054.4040187657356
2026-02-24 13:00:00+00:00,BTCUSDT,1h,157.886337964043,160.04284240896845,156.42730174323816,158.577419862818,1065.9623088083213
2026-02-24 14:00:00+00:00,BTCUSDT,1h,158.577419862818,160.40551731172968,149.22995348648195,150.97035588866572,780.5511857333684
2026-02-24 15:00:00+00:00,BTCUSDT,1h,150.97035588866572,152.31492936378876,149.27410291199817,150.61551611004936,1548.9816534026731
2026-02-24 16:00:00+00:00,BTCUSDT,1h,150.61551611004936,152.19083779039173,148.36184752086453,149.92999922537334,859.6427564551069
2026-02-24 17:00:00+00:00,BTCUSDT,1h,149.92999922537334,150.79493006450747,149.01394388693652,149.87857808275535,1383.8720574635724
2026-02-24 18:00:00+00:00,BTCUSDT,1h,149.87857808275535,151.31398731493096,148.8863506054181,150.318845177511,1204.6637138990775
2026-02-24 19:00:00+00:00,BTCUSDT,1h,150.318845177511,151.662696160725,148.44486793809935,149.7839368389614,740.0720765888185
2026-02-24 20:00:00+00:00,BTCUSDT,1h,149.7839368389614,151.15603653448335,148.23903032694926,149.6095323858887,1076.8795899409104
2026-02-24 21:00:00+00:00,BTCUSDT,1h,149.6095323858887,150.47991894607884,148.082792885593,148.94933862247706,658.4985275440703
2026-02-24 22:00:00+00:00,BTCUSDT,1h,148.94933862247706,150.0531459896075,146.05968694615075,147.15016128868248,1232.362090502609
2026-02-24 23:00:00+00:00,BTCUSDT,1h,147.15016128868248,149.120237535628,145.70012685870356,147.6651285595761,1009.619698059693
2026-02-25 00:00:00+00:00,BTCUSDT,1h,147.6651285595761,148.9212631453097,146.4854418838889,147.74097057293258,1343.1968576853203
2026-02-25 01:00:00+00:00,BTCUSDT,1h,147.74097057293258,149.4757561313004,145.81428708211314,147.546792588017,725.7656070626798
2026-02-25 02:00:00+00:00,BTCUSDT,1h,147.546792588017,148.71347259195926,145.53764698889867,146.69761236647162,709.3099214448229
2026-02-25 03:00:00+00:00,BTCUSDT,1h,146.69761236647162,149.47049690954955,145.4006629896845,148.16061318455698,1093.971924312376
2026-02-25 04:00:00+00:00,BTCUSDT,1h,148.16061318455698,149.58866300094743,146.4388012200612,147.8639920461087,882.7052578418163
2026-02-25 05:00:00+00:00,BTCUSDT,1h,147.8639920461087,150.98444465629393,146.0714135610755,149.17596096523383,880.5767637220364
2026-02-25 06:00:00+00:00,BTCUSDT,1h,149.17596096523383,149.734149690409,147.9908348805503,148.54666891180028,726.3043036953662
2026-02-25 07:00:00+00:00,BTCUSDT,1h,148.54666891180028,151.42501387641045,146.96160365089227,149.82629438881764,1337.413289734037
2026-02-25 08:00:00+00:00,BTCUSDT,1h,149.82629438881764,152.13414056828853,148.17169690356397,150.472407769575,1161.5907166611046
2026-02-25 09:00:00+00:00,BTCUSDT,1h,150.472407769575,151.83195149256866,148.87046252020153,150.22779613559825,1218.1269508431035
2026-02-25 10:00:00+00:00,BTCUSDT,1h,150.22779613559825,151.4039782765459,149.39041411525957,150.56471822492995,833.8812658283072
2026-02-25 11:00:00+00:00,BTCUSDT,1h,150.56471822492995,154.35208620926932,149.68137544601993,153.45180528220482,898.6493396207322
2026-02-25 12:00:00+00:00,BTCUSDT,1h,153.45180528220482,154.9920916386862,152.1894882224797,153.72750661932002,1236.1336870179368
2026-02-25 13:00:00+00:00,BTCUSDT,1h,153.72750661932002,155.33793067510433,151.96597257325556,153.5747968668086,1049.5710527494552
2026-02-25 14:00:00+00:00,BTCUSDT,1h,153.5747968668086,155.104503329242,152.35182942687436,153.8791125220275,859.0490483276056
2026-02-25 15:00:00+00:00,BTCUSDT,1h,153.8791125220275,154.6537142799762,152.85861082244688,153.6319684986496,944.1700606466262
2026-02-25 16:00:00+00:00,BTCUSDT,1h,153.6319684986496,155.37517639401682,152.22402773813124,153.96419102216538,803.7512721087647
2026-02-25 17:00:00+00:00,BTCUSDT,1h,153.96419102216538,155.11175399736453,152.34267203377988,153.48667587814649,1293.5258657874176
2026-02-25 18:00:00+00:00,BTCUSDT,1h,153.48667587814649,155.36146407557297,152.02125738006688,153.89217407170707,1275.782270067927
2026-02-25 19:00:00+00:00,BTCUSDT,1h,153.89217407170707,155.62879527687883,152.82772513548656,154.55972896424194,1364.2887262963309
2026-02-25 20:00:00+00:00,BTCUSDT,1h,154.55972896424194,156.51262696952702,152.70412176329882,154.65586557538555,1111.1946158118308
2026-02-25 21:00:00+00:00,BTCUSDT,1h,154.65586557538555,157.38107468868338,152.74691085080553,155.46216758355698,940.537653636156
2026-02-25 22:00:00+00:00,BTCUSDT,1h,155.46216758355698,156.91948816563735,152.90042925330965,154.34729892590923,1017.3616501014286
2026-02-25 23:00:00+00:00,BTCUSDT,1h,154.34729892590923,155.65032402312113,153.0073727632874,154.31008368334562,713.266862778607
2026-02-26 00:00:00+00:00,BTCUSDT,1h,154.31008368334562,155.65165524435014,153.15277396650453,154.49297386996702,1082.1933791531042
2026-02-26 01:00:00+00:00,BTCUSDT,1h,154.49297386996702,155.70922869502033,153.37428551223542,154.58983893438912,1150.5154709935523
2026-02-26 02:00:00+00:00,BTCUSDT,1h,154.58983893438912,157.0144980415706,153.3488643144463,155.7640970291629,847.0336820715771
2026-02-26 03:00:00+00:00,BTCUSDT,1h,155.7640970291629,157.60973756323045,153.44832227181897,155.28832541321322,680.8944898601372
2026-02-26 04:00:00+00:00,BTCUSDT,1h,155.28832541321322,156.84689532201233,153.90125616321905,155.45830775262476,1099.4926130637054
2026-02-26 05:00:00+00:00,BTCUSDT,1h,155.45830775262476,156.80595945074404,152.36025002058173,153.69259494028344,563.8339557237362
2026-02-26 06:00:00+00:00,BTCUSDT,1h,153.69259494028344,154.44842568366894,152.48382922704548,153.23742151470864,583.3426584385784
2026-02-26 07:00:00+00:00,BTCUSDT,1h,153.23742151470864,155.82248101120922,152.23263710676926,154.80740217212016,649.6846587982992
2026-02-26 08:00:00+00:00,BTCUSDT,1h,154.80740217212016,155.90172902908267,152.61773921738023,153.704268066875,1106.1507605439092
2026-02-26 09:00:00+00:00,BTCUSDT,1h,153.704268066875,154.3066468338223,153.04674301236756,153.64890480646852,1281.9955835240933
2026-02-26 10:00:00+00:00,BTCUSDT,1h,153.64890480646852,155.84535169154697,151.72684505231118,153.91990191880296,1253.5864520184568
2026-02-26 11:00:00+00:00,BTCUSDT,1h,153.91990191880296,156.0214109038726,152.1025420456373,154.20073518202673,964.9161700783444
2026-02-26 12:00:00+00:00,BTCUSDT,1h,154.20073518202673,155.63985030099607,153.7483197807972,155.18454845259745,623.7740589488363
2026-02-26 13:00:00+00:00,BTCUSDT,1h,155.18454845259745,156.63764056378855,152.74484551236932,154.18861203433744,1015.6293262860938
2026-02-26 14:00:00+00:00,BTCUSDT,1h,154.18861203433744,160.67410621331192,153.2585855584794,159.71077147676198,2625.496164131136
2026-02-26 15:00:00+00:00,BTCUSDT,1h,159.71077147676198,161.63248521530969,157.94447249920464,159.86448625067268,1185.0435594584194
2026-02-26 16:00:00+00:00,BTCUSDT,1h,159.86448625067268,161.1083036544206,158.47253475477234,159.71519057117325,1107.405462398562
2026-02-26 17:00:00+00:00,BTCUSDT,1h,159.71519057117325,160.97506053977517,157.47751247391668,158.72960794121653,1107.5757062416794
2026-02-26 18:00:00+00:00,BTCUSDT,1h,158.72960794121653,160.25536611781655,157.6904273743578,159.21302071506565,830.3646030437696
2026-02-26 19:00:00+00:00,BTCUSDT,1h,159.21302071506565,161.14660854996788,156.48523712065656,158.4090611407294,1000.8371486083096
2026-02-26 20:00:00+00:00,BTCUSDT,1h,158.4090611407294,158.71046561680473,157.00980315773162,157.3091147689322,999.755399019294
2026-02-26 21:00:00+00:00,BTCUSDT,1h,157.3091147689322,159.93221771612934,156.18524893898206,158.7977168444051,820.3910392152485
2026-02-26 22:00:00+00:00,BTCUSDT,1h,158.7977168444051,160.75501127270766,157.6860093484977,159.63742516561103,968.1850587393412
2026-02-26 23:00:00+00:00,BTCUSDT,1h,159.63742516561103,161.10382525331082,158.52160125175322,159.9855679125665,1132.2109384343712
2026-02-27 00:00:00+00:00,BTCUSDT,1h,159.9855679125665,162.0826586329668,158.75603779879938,160.84651194355368,886.3025251517399
2026-02-27 01:00:00+00:00,BTCUSDT,1h,160.84651194355368,161.2797937461097,160.7891353434998,161.2222831022943,912.5296287796872
2026-02-27 02:00:00+00:00,BTCUSDT,1h,161.2222831022943,162.85454100579764,159.12946788139882,160.75701528798737,782.9668583775095
2026-02-27 03:00:00+00:00,BTCUSDT,1h,160.75701528798737,163.08264673592663,159.5461586556638,161.86345615154804,1078.3538809507834
2026-02-27 04:00:00+00:00,BTCUSDT,1h,161.86345615154804,164.56874471710688,160.5017396149301,163.19581934413227,875.0835093779851
2026-02-27 05:00:00+00:00,BTCUSDT,1h,163.19581934413227,165.00318168655255,161.74758178008486,163.5517851989218,1382.7837623007294
2026-02-27 06:00:00+00:00,BTCUSDT,1h,163.5517851989218,165.334684577597,161.79454823659063,163.57717482346078,1265.044838054537
2026-02-27 07:00:00+00:00,BTCUSDT,1h,163.57717482346078,165.96068600222625,162.37742897820078,164.75232112503585,768.525728788286
2026-02-27 08:00:00+00:00,BTCUSDT,1h,164.75232112503585,168.07552532253703,162.5870686426249,165.89525190631173,1136.2764976856267
2026-02-27 09:00:00+00:00,BTCUSDT,1h,165.89525190631173,168.62553362975024,164.4717458748171,167.1909098783883,1178.0418920818652
2026-02-27 10:00:00+00:00,BTCUSDT,1h,167.1909098783883,170.06274986949825,165.8145205476968,168.6741498529665,1259.3866075407748
2026-02-27 11:00:00+00:00,BTCUSDT,1h,168.6741498529665,169.747511902942,167.7450629793639,168.81763468963155,1093.9433770341618
2026-02-27 12:00:00+00:00,BTCUSDT,1h,168.81763468963155,170.46132796525413,167.19570114935607,168.83918735542926,1130.102215649831
2026-02-27 13:00:00+00:00,BTCUSDT,1h,168.83918735542926,170.44821013476397,167.23688536610246,168.8458449640179,928.7093762800116
2026-02-27 14:00:00+00:00,BTCUSDT,1h,168.8458449640179,170.79396572683785,167.91241699375965,169.85495908600674,743.9974359210532
2026-02-27 15:00:00+00:00,BTCUSDT,1h,169.85495908600674,171.47363843297484,169.45996686703168,171.07580717122585,961.3202581733022
2026-02-27 16:00:00+00:00,BTCUSDT,1h,171.07580717122585,172.90320394185306,169.20332427748528,171.03023424746496,963.3441781360004
2026-02-27 17:00:00+00:00,BTCUSDT,1h,171.03023424746496,171.48649883756093,170.48539611235694,170.94142377900974,1199.8118099630035
2026-02-27 18:00:00+00:00,BTCUSDT,1h,170.94142377900974,172.3060409170238,168.6358397680875,169.9928847649196,844.5129382834635
2026-02-27 19:00:00+00:00,BTCUSDT,1h,169.9928847649196,172.14018925227597,169.10471833450978,171.24547836216385,730.1868056102909
2026-02-27 20:00:00+00:00,BTCUSDT,1h,171.24547836216385,173.72151693354567,170.2123313302547,172.6797169471103,1045.6907503389916
2026-02-27 21:00:00+00:00,BTCUSDT,1h,172.6797169471103,173.81700747399958,172.07979469762915,173.2152247682797,1200.614093857371
2026-02-27 22:00:00+00:00,BTCUSDT,1h,173.2152247682797,174.63270848435633,170.83336439965387,172.2428911531256,1087.0369047637969
2026-02-27 23:00:00+00:00,BTCUSDT,1h,172.2428911531256,173.17195073490782,171.32569604306823,172.25469278106422,1185.9410022330094
2026-02-28 00:00:00+00:00,BTCUSDT,1h,172.25469278106422,172.9495043070871,170.7464993027208,171.43801666025044,1234.287908288478
2026-02-28 01:00:00+00:00,BTCUSDT,1h,171.43801666025044,173.21430997360153,171.0325828054738,172.80564182136996,955.802975818255
2026-02-28 02:00:00+00:00,BTCUSDT,1h,172.80564182136996,172.98542303468014,172.71536777845822,172.89510225744215,884.8210861875073
2026-02-28 03:00:00+00:00,BTCUSDT,1h,172.89510225744215,175.03796236801392,172.04071719122638,174.17724143368682,1260.1876201984269
2026-02-28 04:00:00+00:00,BTCUSDT,1h,174.17724143368682,177.66788201596066,172.8689990715661,176.34336989898117,851.3303549071167
2026-02-28 05:00:00+00:00,BTCUSDT,1h,176.34336989898117,177.15228049494473,175.70130122228207,176.50960654828,1256.2858615486073
2026-02-28 06:00:00+00:00,BTCUSDT,1h,176.50960654828,177.7983820094468,175.85319184734624,177.13962435981227,839.5475826438276
2026-02-28 07:00:00+00:00,BTCUSDT,1h,177.13962435981227,179.13537819521804,174.90758386466717,176.9006452278441,1167.2339963740085
2026-02-28 08:00:00+00:00,BTCUSDT,1h,176.9006452278441,178.4070529134704,174.8118660002607,176.3132718740887,910.3954343065336
2026-02-28 09:00:00+00:00,BTCUSDT,1h,176.3132718740887,178.19299265532572,175.04969503264266,176.9250315418366,1423.5596983494972
2026-02-28 10:00:00+00:00,BTCUSDT,1h,176.9250315418366,178.80459861302373,175.65261453553703,177.5278462580745,786.6547666637906
2026-02-28 11:00:00+00:00,BTCUSDT,1h,177.5278462580745,179.3365935213154,174.33419534313845,176.12868723684818,1165.5509673301533
2026-02-28 12:00:00+00:00,BTCUSDT,1h,176.12868723684818,178.7795607521015,175.26679932036174,177.90896104365095,1151.3380802386362
2026-02-28 13:00:00+00:00,BTCUSDT,1h,177.90896104365095,179.70000975619607,174.9119179913403,176.6907022239073,1114.7578227368438
2026-02-28 14:00:00+00:00,BTCUSDT,1h,176.6907022239073,178.30063642737338,175.44120676222883,177.04860996607854,902.748043070731
2026-02-28 15:00:00+00:00,BTCUSDT,1h,177.04860996607854,177.4303845681854,176.37719230071625,176.7583409881459,1135.823393607229
2026-02-28 16:00:00+00:00,BTCUSDT,1h,176.7583409881459,178.25715380466903,174.1622079614982,175.651636537336,989.2408817633672
2026-02-28 17:00:00+00:00,BTCUSDT,1h,175.651636537336,177.97478899903714,174.2058950521972,176.52188473451395,1005.9016690756227
2026-02-28 18:00:00+00:00,BTCUSDT,1h,176.52188473451395,178.9032223380981,174.5743895624978,176.95099298679955,924.343687556591
2026-02-28 19:00:00+00:00,BTCUSDT,1h,176.95099298679955,178.393778551247,174.6992487901267,176.1353842163615,983.5394199413256
2026-02-28 20:00:00+00:00,BTCUSDT,1h,176.1353842163615,178.6958165901977,174.49755723996037,177.04948963790957,1039.9461662975136
2026-02-28 21:00:00+00:00,BTCUSDT,1h,177.04948963790957,180.0140848778027,175.4495376275467,178.40191137008514,1135.0770123371774
2026-02-28 22:00:00+00:00,BTCUSDT,1h,178.40191137008514,180.66820517779388,175.86903696299453,178.131900743489,1142.8633887883243
2026-02-28 23:00:00+00:00,BTCUSDT,1h,178.131900743489,179.11191354671024,176.32506439396818,177.30050316938312,1368.766053603922
2026-03-01 00:00:00+00:00,BTCUSDT,1h,177.30050316938312,180.1101482534233,174.9194202950252,177.72338620981637,1487.8235340448125
2026-03-01 01:00:00+00:00,BTCUSDT,1h,177.72338620981637,179.69328267376878,176.09714450689546,178.06392490247185,1179.5442288845943
2026-03-01 02:00:00+00:00,BTCUSDT,1h,178.06392490247185,178.55800825867885,176.80660063466487,177.2985602933571,1391.6393243340124
2026-03-01 03:00:00+00:00,BTCUSDT,1h,177.2985602933571,178.69491466324192,175.24270255069416,176.63382162286513,1319.560088255378
2026-03-01 04:00:00+00:00,BTCUSDT,1h,176.63382162286513,178.89138574845674,174.67048911353237,176.92481872791197,1085.0268246658654
2026-03-01 05:00:00+00:00,BTCUSDT,1h,176.92481872791197,177.98659616816337,174.7200921122167,175.77496896869022,1038.945299467192
2026-03-01 06:00:00+00:00,BTCUSDT,1h,175.77496896869022,177.7515707373466,172.99775562285112,174.9652520685694,1093.4055803498477
2026-03-01 07:00:00+00:00,BTCUSDT,1h,174.9652520685694,176.6689584639517,171.82117325870246,173.5107162591735,915.3929681912664
2026-03-01 08:00:00+00:00,BTCUSDT,1h,173.5107162591735,175.32119513448444,171.57367392263717,173.38281826005564,642.7985534060034
2026-03-01 09:00:00+00:00,BTCUSDT,1h,173.38281826005564,174.9536319917742,171.03099728281774,172.59467055360514,718.344188442374
2026-03-01 10:00:00+00:00,BTCUSDT,1h,172.59467055360514,174.3990462225739,172.30631474312014,174.10816180564208,1227.3596163185227
2026-03-01 11:00:00+00:00,BTCUSDT,1h,174.10816180564208,176.1232230532608,173.03372883186893,175.04302100160206,1023.1637290653084
2026-03-01 12:00:00+00:00,BTCUSDT,1h,175.04302100160206,177.45701957427428,171.99946754308033,174.40466258680664,1003.3530674044102
2026-03-01 13:00:00+00:00,BTCUSDT,1h,174.40466258680664,176.63357002055236,172.83986175879747,175.06286365332988,726.4293224644614
2026-03-01 14:00:00+00:00,BTCUSDT,1h,175.06286365332988,176.56615136285097,171.66165575302944,173.14850461104416,1291.1682600398494
2026-03-01 15:00:00+00:00,BTCUSDT,1h,173.14850461104416,175.26842256540465,171.84008924185446,173.95392098046213,1093.224323527216
2026-03-01 16:00:00+00:00,BTCUSDT,1h,173.95392098046213,176.03616260410115,171.63062830209307,173.70994956944386,1128.0530595754035
2026-03-01 17:00:00+00:00,BTCUSDT,1h,173.70994956944386,176.69395704300894,171.19649036625952,174.17378645063422,889.0955650888977
2026-03-01 18:00:00+00:00,BTCUSDT,1h,174.17378645063422,175.4561533489143,172.05608166383473,173.33225271005983,899.2109699798297
2026-03-01 19:00:00+00:00,BTCUSDT,1h,173.33225271005983,175.05670573395602,171.13997459520618,172.85972653678422,1112.423942472984
2026-03-01 20:00:00+00:00,BTCUSDT,1h,172.85972653678422,173.896972810262,170.15613648498478,171.18332348757002,897.7150388503317
2026-03-01 21:00:00+00:00,BTCUSDT,1h,171.18332348757002,172.87574276560895,167.7085119113568,169.383133449154,1025.250376897683
2026-03-01 22:00:00+00:00,BTCUSDT,1h,169.383133449154,170.99410931533703,168.36364954716808,169.97108663827223,879.0430932333962
2026-03-01 23:00:00+00:00,BTCUSDT,1h,169.97108663827223,171.70412473625424,168.57953718466356,170.3098022257685,905.7826121400178
2026-01-01 00:00:00+00:00,ETHUSDT,1h,120.0,120.80704307492164,117.95065665957466,118.74928824901838,3947.73112451598
2026-01-01 01:00:00+00:00,ETHUSDT,1h,118.74928824901838,120.1220533512337,116.09057376310106,117.44829917603413,1286.5301693373883
2026-01-01 02:00:00+00:00,ETHUSDT,1h,117.44829917603413,118.3388386471085,116.1714004607984,117.05898802066746,1038.1455172186245
2026-01-01 03:00:00+00:00,ETHUSDT,1h,117.05898802066746,118.35534161659302,116.16899328588708,117.46228066421244,1104.5823604045054
2026-01-01 04:00:00+00:00,ETHUSDT,1h,117.46228066421244,118.3189576901618,116.74945253163608,117.60526186608018,1277.9293261390258
2026-01-01 05:00:00+00:00,ETHUSDT,1h,117.60526186608018,119.06624527436703,115.77734793970951,117.23371571469934,1442.75293014603
2026-01-01 06:00:00+00:00,ETHUSDT,1h,117.23371571469934,118.62268299614186,116.10944187286512,117.49589485078344,1519.212206127795
2026-01-01 07:00:00+00:00,ETHUSDT,1h,117.49589485078344,119.74092850114891,116.52970896193148,118.76431223108597,1471.549108197976
2026-01-01 08:00:00+00:00,ETHUSDT,1h,118.76431223108597,120.47933221989658,117.49531746801551,119.20562206832412,1464.9299723501626
2026-01-01 09:00:00+00:00,ETHUSDT,1h,119.20562206832412,120.2546925609308,117.72229015705004,118.76750499515153,1123.847838854268
2026-01-01 10:00:00+00:00,ETHUSDT,1h,118.76750499515153,119.62858957630904,117.50761386128742,118.365785910861,1090.1978605368154
2026-01-01 11:00:00+00:00,ETHUSDT,1h,118.365785910861,120.17052790624408,117.57141871333938,119.36942516352816,1553.3796075916184
2026-01-01 12:00:00+00:00,ETHUSDT,1h,119.36942516352816,120.50874448384388,118.57111603129424,119.7081699219676,1546.7053552289783
2026-01-01 13:00:00+00:00,ETHUSDT,1h,119.7081699219676,120.31298625394356,116.96647136628631,117.56043643984302,1771.2658343278888
2026-01-01 14:00:00+00:00,ETHUSDT,1h,117.56043643984302,118.45761446480792,116.771771196817,117.66822610467902,1507.2000046947137
2026-01-01 15:00:00+00:00,ETHUSDT,1h,117.66822610467902,118.0092903497142,116.50292424448,116.8415924716154,1121.1858451400544
2026-01-01 16:00:00+00:00,ETHUSDT,1h,116.8415924716154,117.57798799220546,115.12239510968828,115.85255722391416,1200.2850694395324
2026-01-01 17:00:00+00:00,ETHUSDT,1h,115.85255722391416,116.63187542584583,114.95154475525185,115.73003879895228,876.3923339437695
2026-01-01 18:00:00+00:00,ETHUSDT,1h,115.73003879895228,115.9675297773335,115.3492236458017,115.5864199021499,1119.5932240523596
2026-01-01 19:00:00+00:00,ETHUSDT,1h,115.5864199021499,117.89018771650424,114.5117587826124,116.80420428480303,1012.98016872271
2026-01-01 20:00:00+00:00,ETHUSDT,1h,116.80420428480303,117.87783434947472,115.8997707773074,116.9721007926494,1155.4324432398575
2026-01-01 21:00:00+00:00,ETHUSDT,1h,116.9721007926494,117.96104552422418,115.05905167544334,116.04011691662804,1363.2996792354445
2026-01-01 22:00:00+00:00,ETHUSDT,1h,116.04011691662804,117.71310853353512,114.95298811572783,116.62054198553554,1813.621530599493
2026-01-01 23:00:00+00:00,ETHUSDT,1h,116.62054198553554,117.00749831347808,116.31955840745135,116.7062934212625,982.3089312527782
2026-01-02 00:00:00+00:00,ETHUSDT,1h,116.7062934212625,117.47310958288033,116.16406205159072,116.92983959102068,1614.0785313828596
2026-01-02 01:00:00+00:00,ETHUSDT,1h,116.92983959102068,117.6253984604337,115.02830059140084,115.71664274152336,1129.320370958134
2026-01-02 02:00:00+00:00,ETHUSDT,1h,115.71664274152336,117.11437387133375,113.8194509407467,115.21107536679234,1123.7652960006517
2026-01-02 03:00:00+00:00,ETHUSDT,1h,115.21107536679234,116.23225051007454,114.54969887232345,115.56882035776682,1640.499945046672
2026-01-02 04:00:00+00:00,ETHUSDT,1h,115.56882035776682,117.8661108700521,113.92819440095876,116.21629332546246,1037.0478978867347
2026-01-02 05:00:00+00:00,ETHUSDT,1h,116.21629332546246,117.33830134869618,115.0767515768366,116.19858867081425,1241.498606930543
2026-01-02 06:00:00+00:00,ETHUSDT,1h,116.19858867081425,116.5212290412642,115.30796841573002,115.62902732563468,1363.8171211049348
2026-01-02 07:00:00+00:00,ETHUSDT,1h,115.62902732563468,116.72001944891429,114.72584430926236,115.8153808178653,1295.4870901411402
2026-01-02 08:00:00+00:00,ETHUSDT,1h,115.8153808178653,116.5822597612525,114.81511396633422,115.58043721564908,564.937299219122
2026-01-02 09:00:00+00:00,ETHUSDT,1h,115.58043721564908,116.94387011413416,114.67601439557224,116.03588340438591,1358.816434922949
2026-01-02 10:00:00+00:00,ETHUSDT,1h,116.03588340438591,116.6487483541194,114.68026701936712,115.289188160256,1147.0882159040164
2026-01-02 11:00:00+00:00,ETHUSDT,1h,115.289188160256,116.00799354521764,114.55453145147828,115.27323738650664,1444.108576005495
2026-01-02 12:00:00+00:00,ETHUSDT,1h,115.27323738650664,116.572672331786,114.22244778226698,115.5196366400761,1405.741865489514
2026-01-02 13:00:00+00:00,ETHUSDT,1h,115.5196366400761,116.20679781863284,114.85063234463324,115.53768897740392,1085.4213889421414
2026-01-02 14:00:00+00:00,ETHUSDT,1h,115.53768897740392,115.7515016647992,114.2262988122352,114.43807656985098,1106.8685111981258
2026-01-02 15:00:00+00:00,ETHUSDT,1h,114.43807656985098,115.9447756695666,113.677149977875,115.17892300950732,1207.455466450942
2026-01-02 16:00:00+00:00,ETHUSDT,1h,115.17892300950732,115.9688991237713,114.40636356338894,115.1962236341905,931.171874027238
2026-01-02 17:00:00+00:00,ETHUSDT,1h,115.1962236341905,116.65623388717144,112.98316049266892,114.43350394819264,1206.766189151997
2026-01-02 18:00:00+00:00,ETHUSDT,1h,114.43350394819264,116.4583452957666,113.24322891828906,115.2594789236884,1165.4748388539638
2026-01-02 19:00:00+00:00,ETHUSDT,1h,115.2594789236884,117.48350836135924,114.16069793499524,116.37410155543375,791.583794334987
2026-01-02 20:00:00+00:00,ETHUSDT,1h,116.37410155543375,117.45169517040836,114.87598934603976,115.94965267587028,847.9640070938756
2026-01-02 21:00:00+00:00,ETHUSDT,1h,115.94965267587028,117.3075707112677,114.71147411566196,116.06812701244024,1226.1570906239797
2026-01-02 22:00:00+00:00,ETHUSDT,1h,116.06812701244024,117.1325420839992,115.19735069014456,116.2603238460268,1421.5212284603303
2026-01-02 23:00:00+00:00,ETHUSDT,1h,116.2603238460268,117.4774270311982,115.44633230683112,116.66063274685644,683.9139048125427
2026-01-03 00:00:00+00:00,ETHUSDT,1h,116.66063274685644,117.42068204760176,115.35568208131738,116.11215804456111,1596.9950473175013
2026-01-03 01:00:00+00:00,ETHUSDT,1h,116.11215804456111,116.31435847768168,115.92522349816488,116.12739939350487,1397.8184799381131
2026-01-03 02:00:00+00:00,ETHUSDT,1h,116.12739939350487,116.92576186699856,114.78825807479652,115.58287701979114,1463.7097232661326
2026-01-03 03:00:00+00:00,ETHUSDT,1h,115.58287701979114,118.02027985594005,113.69331927953364,116.12190996376349,1611.5719683929606
2026-01-03 04:00:00+00:00,ETHUSDT,1h,116.12190996376349,117.39690390960868,114.89630782357877,116.17078591099936,1380.7169088705778
2026-01-03 05:00:00+00:00,ETHUSDT,1h,116.17078591099936,117.0183060638876,114.58048481978004,115.42254621453932,1582.8229721525147
2026-01-03 06:00:00+00:00,ETHUSDT,1h,115.42254621453932,117.21900916998574,114.30949619166512,116.09943176144748,1692.8217589316737
2026-01-03 07:00:00+00:00,ETHUSDT,1h,116.09943176144748,117.82274565803584,114.79867468415767,116.51730678441592,1177.8371710228166
2026-01-03 08:00:00+00:00,ETHUSDT,1h,116.51730678441592,117.5806972265652,114.93438871732324,115.99299404062768,1546.3781838761536
2026-01-03 09:00:00+00:00,ETHUSDT,1h,115.99299404062768,117.59078662244822,114.84908652403632,116.44244666372391,1723.359679783496
2026-01-03 10:00:00+00:00,ETHUSDT,1h,116.44244666372391,117.77366472128664,115.23368395326742,116.5636438898294,1243.6521419382304
2026-01-03 11:00:00+00:00,ETHUSDT,1h,116.5636438898294,117.8063610037388,115.3377262276797,116.58026849804308,1820.7248880228728
2026-01-03 12:00:00+00:00,ETHUSDT,1h,116.58026849804308,117.15244018351233,115.87399523849666,116.4455055121699,1594.554870344388
2026-01-03 13:00:00+00:00,ETHUSDT,1h,116.4455055121699,118.65033340855472,115.38319498152477,117.57769413323588,1235.150593240776
2026-01-03 14:00:00+00:00,ETHUSDT,1h,117.57769413323588,118.66637346862038,116.6874725685921,117.7746606024192,923.387283934825
2026-01-03 15:00:00+00:00,ETHUSDT,1h,117.7746606024192,119.3109564494632,116.46212080741176,117.99595048914418,1163.2347141662017
2026-01-03 16:00:00+00:00,ETHUSDT,1h,117.99595048914418,119.37244509643818,117.73107091803844,119.10507573971304,1561.6306642604466
2026-01-03 17:00:00+00:00,ETHUSDT,1h,119.10507573971304,119.88920047658992,117.25541711578092,118.03248045337274,1050.6175837785106
2026-01-03 18:00:00+00:00,ETHUSDT,1h,118.03248045337274,119.75778157161837,115.67416327762751,117.39007423339037,1300.938768412707
2026-01-03 19:00:00+00:00,ETHUSDT,1h,117.39007423339037,120.32227156908404,115.71206982779049,118.6265920545362,1442.3799559668971
2026-01-03 20:00:00+00:00,ETHUSDT,1h,118.6265920545362,119.46232650978978,117.62535753709771,118.4599177577194,1062.5370396392968
2026-01-03 21:00:00+00:00,ETHUSDT,1h,118.4599177577194,120.17247733269738,117.07048254368677,118.77929607953745,1097.3743546162348
2026-01-03 22:00:00+00:00,ETHUSDT,1h,118.77929607953745,119.71382069392313,117.31624155525508,118.24657485759444,1739.863754639901
2026-01-03 23:00:00+00:00,ETHUSDT,1h,118.24657485759444,119.79313992085596,116.59950688166816,118.144740031644,985.1233830220108
2026-01-04 00:00:00+00:00,ETHUSDT,1h,118.144740031644,120.0741929349926,116.63000189956573,118.55420503676444,1090.492909307948
2026-01-04 01:00:00+00:00,ETHUSDT,1h,118.55420503676444,119.86345905875572,116.927270769927,118.2329773117524,1255.4200007822285
2026-01-04 02:00:00+00:00,ETHUSDT,1h,118.2329773117524,119.857097636302,117.05309264973263,118.67282360754336,1615.2913376754502
2026-01-04 03:00:00+00:00,ETHUSDT,1h,118.67282360754336,120.68410038236976,118.04156328023768,120.04553812871237,1329.5454594992862
2026-01-04 04:00:00+00:00,ETHUSDT,1h,120.04553812871237,122.19606207376002,118.79454010265556,120.93578674115584,1501.212047747592
2026-01-04 05:00:00+00:00,ETHUSDT,1h,120.93578674115584,122.15583323715444,119.31508594606444,120.53104929583084,1084.5556650531798
2026-01-04 06:00:00+00:00,ETHUSDT,1h,120.53104929583084,122.6027277414382,119.66427955189036,121.7273550554097,588.9381943001755
2026-01-04 07:00:00+00:00,ETHUSDT,1h,121.7273550554097,122.97988138203236,118.47739736303178,119.70915723248136,1780.8926669863142
2026-01-04 08:00:00+00:00,ETHUSDT,1h,119.70915723248136,121.28363988609746,118.52368890750608,120.09435696504369,1356.8113333691106
2026-01-04 09:00:00+00:00,ETHUSDT,1h,120.09435696504369,121.00218523563434,119.24560020654744,120.15301392401824,870.0714354971
2026-01-04 10:00:00+00:00,ETHUSDT,1h,120.15301392401824,121.3587244897939,118.98146110610644,120.18684183261844,1189.616128857109
2026-01-04 11:00:00+00:00,ETHUSDT,1h,120.18684183261844,121.7670051358729,118.93507053998302,120.51184882688194,865.8859694099583
2026-01-04 12:00:00+00:00,ETHUSDT,1h,120.51184882688194,121.61192940732836,119.63990409729564,120.73834589346156,1606.8631183443135
2026-01-04 13:00:00+00:00,ETHUSDT,1h,120.73834589346156,122.37415054699044,119.60689663610432,121.23801881242268,831.0544099163567
2026-01-04 14:00:00+00:00,ETHUSDT,1h,121.23801881242268,122.58003129066672,120.57490709248816,121.9132265200809,1081.579641521334
2026-01-04 15:00:00+00:00,ETHUSDT,1h,121.9132265200809,123.07915988128217,120.5418557228567,121.7058053844318,1171.1460299979128
2026-01-04 16:00:00+00:00,ETHUSDT,1h,121.7058053844318,124.92494084334064,120.074307510436,123.27244180200915,1156.1766520591295
2026-01-04 17:00:00+00:00,ETHUSDT,1h,123.27244180200915,124.12927411613958,122.5989599910274,123.45479603819474,944.0117919589394
2026-01-04 18:00:00+00:00,ETHUSDT,1h,123.45479603819474,124.76248486741908,121.48231016089142,122.78288177143298,1267.4369680417697
2026-01-04 19:00:00+00:00,ETHUSDT,1h,122.78288177143298,123.54158407715822,121.56396325342436,122.31980410084748,985.3007644736635
2026-01-04 20:00:00+00:00,ETHUSDT,1h,122.31980410084748,123.47445618903228,121.0892541864055,122.24318300076015,1722.092057741669
2026-01-04 21:00:00+00:00,ETHUSDT,1h,122.24318300076015,123.521730158633,121.39604831566604,122.67162639785413,1099.301524731611
2026-01-04 22:00:00+00:00,ETHUSDT,1h,122.67162639785413,125.631662227509,121.82446835769248,124.77001293878632,1294.73947413541
2026-01-04 23:00:00+00:00,ETHUSDT,1h,124.77001293878632,125.65214676457576,122.64269620552984,123.51596380510055,1187.03641180647
2026-01-05 00:00:00+00:00,ETHUSDT,1h,123.51596380510055,125.18264403966428,122.05776145063166,123.72200915897854,1483.4471844175162
2026-01-05 01:00:00+00:00,ETHUSDT,1h,123.72200915897854,128.48573081009084,123.31941049744572,128.068986828712,3760.385988995037
2026-01-05 02:00:00+00:00,ETHUSDT,1h,128.068986828712,129.26623001555097,127.32116645569832,128.51580060771045,1188.7128887342449
2026-01-05 03:00:00+00:00,ETHUSDT,1h,128.51580060771045,129.49892895173713,127.8740487550338,128.85548088392162,1464.998951039038
2026-01-05 04:00:00+00:00,ETHUSDT,1h,128.85548088392162,130.61487761756536,126.5725461296827,128.3246955032718,1293.6715940444683
2026-01-05 05:00:00+00:00,ETHUSDT,1h,128.3246955032718,129.23884703242828,127.05555965610888,127.9671642260655,1017.1071984468967
2026-01-05 06:00:00+00:00,ETHUSDT,1h,127.9671642260655,128.74809683647064,127.4459534592842,128.22583251273315,1521.3354440007638
2026-01-05 07:00:00+00:00,ETHUSDT,1h,128.22583251273315,128.71349463558855,127.71000497714896,128.19755957376594,1455.679440429706
2026-01-05 08:00:00+00:00,ETHUSDT,1h,128.19755957376594,129.06817095566083,127.67642932421504,128.5456257974439,1416.4542005419216
2026-01-05 09:00:00+00:00,ETHUSDT,1h,128.5456257974439,129.68558129895047,127.30562272217256,128.44468305330045,915.4709370334864
2026-01-05 10:00:00+00:00,ETHUSDT,1h,128.44468305330045,130.22636544001222,127.65816647680565,129.43379216507043,1386.7749811416422
2026-01-05 11:00:00+00:00,ETHUSDT,1h,129.43379216507043,131.65331061570092,128.43873864025227,130.6489155366123,1480.5341896869847
2026-01-05 12:00:00+00:00,ETHUSDT,1h,130.6489155366123,132.39271056221284,129.98852909243993,131.72687539255125,1124.9475375985985
2026-01-05 13:00:00+00:00,ETHUSDT,1h,131.72687539255125,133.45019033312204,130.30816614785215,132.02823541626717,1153.176673739547
2026-01-05 14:00:00+00:00,ETHUSDT,1h,132.02823541626717,134.69779633550897,130.577686933932,133.2340005296018,1290.6717208788252
2026-01-05 15:00:00+00:00,ETHUSDT,1h,133.2340005296018,135.02738622446665,131.0685236298951,132.8568324842051,1128.743932071972
2026-01-05 16:00:00+00:00,ETHUSDT,1h,132.8568324842051,133.6627662005369,132.71473494159258,133.51995940794046,1330.2790535362524
2026-01-05 17:00:00+00:00,ETHUSDT,1h,133.51995940794046,134.71666097751225,132.53207302110695,133.72724095763917,1555.929268355106
2026-01-05 18:00:00+00:00,ETHUSDT,1h,133.72724095763917,134.86858729341697,133.1612444889146,134.3001659371904,1608.1649655524716
2026-01-05 19:00:00+00:00,ETHUSDT,1h,134.3001659371904,136.0741271411615,132.59228475752963,134.36541618096746,1233.1328651257925
2026-01-05 20:00:00+00:00,ETHUSDT,1h,134.36541618096746,135.65501330321183,133.01650068799995,134.30552297402895,1070.570160638508
2026-01-05 21:00:00+00:00,ETHUSDT,1h,134.30552297402895,135.74248761474848,133.3067361587157,134.74046626658503,1036.706156385156
2026-01-05 22:00:00+00:00,ETHUSDT,1h,134.74046626658503,136.91280857240864,133.39324573405656,135.55741962272967,994.1039046311683
2026-01-05 23:00:00+00:00,ETHUSDT,1h,135.55741962272967,137.96493668168011,133.94437202707897,136.3425465716852,1481.450886506665
2026-01-06 00:00:00+00:00,ETHUSDT,1h,136.3425465716852,137.29786548529214,134.81009086002754,135.76133738284508,1181.401309124675
2026-01-06 01:00:00+00:00,ETHUSDT,1h,135.76133738284508,136.94061532307984,135.30958641299304,136.4864515086294,1385.0144644082368
2026-01-06 02:00:00+00:00,ETHUSDT,1h,136.4864515086294,137.23159850309713,136.21759639991186,136.96180702481635,1622.1901876357747
2026-01-06 03:00:00+00:00,ETHUSDT,1h,136.96180702481635,137.80631610946804,136.5921066912867,137.4353375772422,1191.2436711769708
2026-01-06 04:00:00+00:00,ETHUSDT,1h,137.4353375772422,138.93277666428867,136.7211544884587,138.21454442509588,803.8518588526938
2026-01-06 05:00:00+00:00,ETHUSDT,1h,138.21454442509588,139.079949161249,136.68271166774298,137.54391739713745,1371.8354737052682
2026-01-06 06:00:00+00:00,ETHUSDT,1h,137.54391739713745,138.86846537268087,136.8006842508727,138.12210791263982,758.6682410596997
2026-01-06 07:00:00+00:00,ETHUSDT,1h,138.12210791263982,138.91565184553838,136.93087331237206,137.72211921631646,1286.2436394272984
2026-01-06 08:00:00+00:00,ETHUSDT,1h,137.72211921631646,139.4421039664051,137.10498234204513,138.82004724428936,1726.425253665629
2026-01-06 09:00:00+00:00,ETHUSDT,1h,138.82004724428936,140.7723220905346,137.27402596400304,139.22182624837754,691.1490130924187
2026-01-06 10:00:00+00:00,ETHUSDT,1h,139.22182624837754,140.61681529068582,137.78173325434412,139.17626578528134,1161.9061203657832
2026-01-06 11:00:00+00:00,ETHUSDT,1h,139.17626578528134,140.10318197591675,131.31185767031508,132.19226027078955,1196.8511424499775
2026-01-06 12:00:00+00:00,ETHUSDT,1h,132.19226027078955,133.61079252390113,130.43606430279354,131.8509338410959,1119.170614558098
2026-01-06 13:00:00+00:00,ETHUSDT,1h,131.8509338410959,133.4185007614439,129.9523310441756,131.51591494733708,1285.470517367179
2026-01-06 14:00:00+00:00,ETHUSDT,1h,131.51591494733708,133.55522610043923,129.20469878767622,131.2397273221723,677.0107740065008
2026-01-06 15:00:00+00:00,ETHUSDT,1h,131.2397273221723,132.9075206710534,130.14138332664098,131.80445051265914,1938.4875978695136
2026-01-06 16:00:00+00:00,ETHUSDT,1h,131.80445051265914,132.91833223779784,131.07138474415004,132.1831601740318,1252.0707006575617
2026-01-06 17:00:00+00:00,ETHUSDT,1h,132.1831601740318,133.9399476937043,129.74104706361825,131.4886035403642,1340.919439848679
2026-01-06 18:00:00+00:00,ETHUSDT,1h,131.4886035403642,132.7072526039571,130.52974339540955,131.74651170392227,1468.0034137020098
2026-01-06 19:00:00+00:00,ETHUSDT,1h,131.74651170392227,132.84766320862406,129.96859521746535,131.0640425718104,1190.7531882560854
2026-01-06 20:00:00+00:00,ETHUSDT,1h,131.0640425718104,132.4326368286352,130.07641027563577,131.4421552665476,1385.7668833731796
2026-01-06 21:00:00+00:00,ETHUSDT,1h,131.4421552665476,133.6249001387541,130.3656395303487,132.53939794756178,1476.2779943165049
2026-01-06 22:00:00+00:00,ETHUSDT,1h,132.53939794756178,133.34144204411984,131.51179115841978,132.31246198292777,1251.32748685688
2026-01-06 23:00:00+00:00,ETHUSDT,1h,132.31246198292777,133.43825172120904,130.96556535602286,132.08945764647643,1222.65256337377
2026-01-07 00:00:00+00:00,ETHUSDT,1h,132.08945764647643,132.72640481447573,131.2389629619781,131.87487539518708,1483.2015267338545
2026-01-07 01:00:00+00:00,ETHUSDT,1h,131.87487539518708,132.76621480203212,130.55014163271207,131.4385318027316,1588.4899626191798
2026-01-07 02:00:00+00:00,ETHUSDT,1h,131.4385318027316,134.73607242391486,129.81612417254885,133.0932399526198,1564.1482318063968
2026-01-07 03:00:00+00:00,ETHUSDT,1h,133.0932399526198,135.24243063528215,132.2612326519954,134.40224036533277,1637.0828312188546
2026-01-07 04:00:00+00:00,ETHUSDT,1h,134.40224036533277,136.21759760671998,133.2986029066735,135.1081634946247,1357.7246608156584
2026-01-07 05:00:00+00:00,ETHUSDT,1h,135.1081634946247,136.23567052200866,134.4974424901398,135.62262403363718,1530.6573715213945
2026-01-07 06:00:00+00:00,ETHUSDT,1h,135.62262403363718,137.20533373345995,134.4945056351692,136.07346520682654,980.8146225751636
2026-01-07 07:00:00+00:00,ETHUSDT,1h,136.07346520682654,137.48037915480495,135.28319985157464,136.6865532067123,1660.7140065486012
2026-01-07 08:00:00+00:00,ETHUSDT,1h,136.6865532067123,137.85518703574985,135.3525473970754,136.51975514687717,708.2966358703683
2026-01-07 09:00:00+00:00,ETHUSDT,1h,136.51975514687717,138.20962455575483,135.47150233515327,137.15648269742775,1564.2186031078252
2026-01-07 10:00:00+00:00,ETHUSDT,1h,137.15648269742775,139.02830922879986,136.4479119443414,138.31375981032863,960.2931068273716
2026-01-07 11:00:00+00:00,ETHUSDT,1h,138.31375981032863,139.74145992032837,136.4423340675069,137.86540618882626,1312.0487481876098
2026-01-07 12:00:00+00:00,ETHUSDT,1h,137.86540618882626,139.27378901648916,136.94946464529465,138.35459741495438,1179.4903327110417
2026-01-07 13:00:00+00:00,ETHUSDT,1h,138.35459741495438,140.0189592361516,136.10318477881083,137.76039857689392,1587.513399621868
2026-01-07 14:00:00+00:00,ETHUSDT,1h,137.76039857689392,140.41380435633715,135.7440817859957,138.38829738507508,1730.101028722708
2026-01-07 15:00:00+00:00,ETHUSDT,1h,138.38829738507508,139.97506872652144,136.32512830005265,137.90637386771195,1482.2318521975928
2026-01-07 16:00:00+00:00,ETHUSDT,1h,137.90637386771195,139.54103016339354,137.15577272762894,138.78564330800373,1481.9681197930458
2026-01-07 17:00:00+00:00,ETHUSDT,1h,138.78564330800373,140.7298812764148,137.01487946908605,138.9569319681775,1380.942431661652
2026-01-07 18:00:00+00:00,ETHUSDT,1h,138.9569319681775,141.06495462750087,137.31548701088693,139.4180625119078,1187.598544654513
2026-01-07 19:00:00+00:00,ETHUSDT,1h,139.4180625119078,142.66859209237774,137.50570542413823,140.73812804887757,1402.9394557147325
2026-01-07 20:00:00+00:00,ETHUSDT,1h,140.73812804887757,141.81571345609365,139.6516464646475,140.72916323121285,1241.6230085626717
2026-01-07 21:00:00+00:00,ETHUSDT,1h,140.72916323121285,142.25856426596454,139.74367078671247,141.26928944762545,1820.995999766386
2026-01-07 22:00:00+00:00,ETHUSDT,1h,141.26928944762545,143.23528948540886,139.78634609933826,141.74732803204196,1296.257985038111
2026-01-07 23:00:00+00:00,ETHUSDT,1h,141.74732803204196,143.65050832094877,140.3482486532358,142.24650197819764,1269.3186673025166
2026-01-08 00:00:00+00:00,ETHUSDT,1h,142.24650197819764,142.77060823525358,141.5617737749639,142.0852860329798,1041.5373023212878
2026-01-08 01:00:00+00:00,ETHUSDT,1h,142.0852860329798,144.24112428688946,140.1269323754035,142.2800857160301,1332.5921001903228
2026-01-08 02:00:00+00:00,ETHUSDT,1h,142.2800857160301,143.72131388693813,140.57062740240193,142.0091107282813,1464.272464148576
2026-01-08 03:00:00+00:00,ETHUSDT,1h,142.0091107282813,143.5421836377709,140.7639025123176,142.29447321814516,847.1363817951606
2026-01-08 04:00:00+00:00,ETHUSDT,1h,142.29447321814516,144.33616540857645,141.69622193952517,143.73187085256674,971.4408977689018
2026-01-08 05:00:00+00:00,ETHUSDT,1h,143.73187085256674,144.4440757787627,142.19056757911477,142.89864378690413,1132.856582702048
2026-01-08 06:00:00+00:00,ETHUSDT,1h,142.89864378690413,144.5296271223171,141.07585106112157,142.7046198916842,1000.328149488477
2026-01-08 07:00:00+00:00,ETHUSDT,1h,142.7046198916842,143.7518683829137,141.62668546984764,142.67370710528976,1247.5991052939614
2026-01-08 08:00:00+00:00,ETHUSDT,1h,142.67370710528976,144.8179991051639,140.6950216098204,142.83704829501616,1228.324183699447
2026-01-08 09:00:00+00:00,ETHUSDT,1h,142.83704829501616,144.36566920891875,141.58610453725154,143.11231471240907,1667.7713903917129
2026-01-08 10:00:00+00:00,ETHUSDT,1h,143.11231471240907,145.56693962364784,141.86019042438062,144.30438561866754,1441.540152894441
2026-01-08 11:00:00+00:00,ETHUSDT,1h,144.30438561866754,145.7537029805214,143.30471604223638,144.7509398964067,1299.6237440366276
2026-01-08 12:00:00+00:00,ETHUSDT,1h,144.7509398964067,146.02610439421036,144.4419401833279,145.71504660333233,1183.6269709525568
2026-01-08 13:00:00+00:00,ETHUSDT,1h,145.71504660333233,148.04738524507525,144.49047845498396,146.81358513797852,1344.6961864718007
2026-01-08 14:00:00+00:00,ETHUSDT,1h,146.81358513797852,148.9156183238607,145.01188108526614,147.1102732984104,1539.3318148961073
2026-01-08 15:00:00+00:00,ETHUSDT,1h,147.1102732984104,148.8126147723375,144.74727644099053,146.44188339146228,1214.5925005825356
2026-01-08 16:00:00+00:00,ETHUSDT,1h,146.44188339146228,147.50434361925818,145.0042632653497,146.06398175389288,962.0928660278074
2026-01-08 17:00:00+00:00,ETHUSDT,1h,146.06398175389288,147.33816259120843,145.01073182655614,146.28333096292323,878.2035760997182
2026-01-08 18:00:00+00:00,ETHUSDT,1h,146.28333096292323,148.55004741278276,144.4765224652048,146.737627700171,1014.0056481188452
2026-01-08 19:00:00+00:00,ETHUSDT,1h,146.737627700171,146.952700638714,145.6225410718692,145.83629292650602,1624.6140662502728
2026-01-08 20:00:00+00:00,ETHUSDT,1h,145.83629292650602,146.72169856227373,145.02628719685117,145.9112763587186,1581.3421673094992
2026-01-08 21:00:00+00:00,ETHUSDT,1h,145.9112763587186,148.57004115491574,143.58593201513855,146.23946654259473,1251.4822990459522
2026-01-08 22:00:00+00:00,ETHUSDT,1h,146.23946654259473,148.10072342088122,145.1304794562171,146.9860745344361,1605.9396176199834
2026-01-08 23:00:00+00:00,ETHUSDT,1h,146.9860745344361,148.76738061384248,144.5672015816275,146.3406862805124,1247.197910483412
2026-01-09 00:00:00+00:00,ETHUSDT,1h,146.3406862805124,147.8475396919708,145.06882720702055,146.57365586048672,1319.5998399467665
2026-01-09 01:00:00+00:00,ETHUSDT,1h,146.57365586048672,147.5089750667518,145.42666374835628,146.36062354789607,1227.2358062150363
2026-01-09 02:00:00+00:00,ETHUSDT,1h,146.36062354789607,153.88927459598492,145.20590492013727,152.6846621850489,4580.391165672919
2026-01-09 03:00:00+00:00,ETHUSDT,1h,152.6846621850489,154.53700667907933,150.95879974321315,152.80973053423352,1182.9473994367313
2026-01-09 04:00:00+00:00,ETHUSDT,1h,152.80973053423352,154.1581931714841,152.5986308485039,153.94552443818569,934.6764611397716
2026-01-09 05:00:00+00:00,ETHUSDT,1h,153.94552443818569,155.76051484660766,152.31347955448976,154.12655082181112,1682.8410154487894
2026-01-09 06:00:00+00:00,ETHUSDT,1h,154.12655082181112,155.92790860012127,152.2848949570546,154.08577618076455,1293.5761906069838
2026-01-09 07:00:00+00:00,ETHUSDT,1h,154.08577618076455,155.8448480089833,151.37173919872637,153.1197830702506,1426.530449273755
2026-01-09 08:00:00+00:00,ETHUSDT,1h,153.1197830702506,154.53954915076122,151.61758500405102,153.0365796005529,1400.5659370874491
2026-01-09 09:00:00+00:00,ETHUSDT,1h,153.0365796005529,154.32881663766275,151.82497796116814,153.11658161654677,1138.6828460635718
2026-01-09 10:00:00+00:00,ETHUSDT,1h,153.11658161654677,154.46836359557358,152.38987750741384,153.73870682812714,1125.6986264832462
2026-01-09 11:00:00+00:00,ETHUSDT,1h,153.73870682812714,156.34660952712528,152.60574210290258,155.20285488351593,1585.025871366138
2026-01-09 12:00:00+00:00,ETHUSDT,1h,155.20285488351593,155.56238844856097,153.75410900451564,154.11111350739003,1444.5941917196683
2026-01-09 13:00:00+00:00,ETHUSDT,1h,154.11111350739003,155.24981318969057,152.91642759808911,154.0547105287852,987.8851815571726
2026-01-09 14:00:00+00:00,ETHUSDT,1h,154.0547105287852,154.96553510949917,153.69738769849084,154.60693142817445,1325.3545629796822
2026-01-09 15:00:00+00:00,ETHUSDT,1h,154.60693142817445,157.13967343768502,153.5228729329534,156.04552792540971,1458.1098874573056
2026-01-09 16:00:00+00:00,ETHUSDT,1h,156.04552792540971,156.8367155978816,153.3513803573756,154.1328704045951,1207.623268013866
2026-01-09 17:00:00+00:00,ETHUSDT,1h,154.1328704045951,155.7557849181428,153.19406042824974,154.8128333463571,1361.1862926061317
2026-01-09 18:00:00+00:00,ETHUSDT,1h,154.8128333463571,155.9097703284455,153.8949982733589,154.9908796765079,1399.60819204542
2026-01-09 19:00:00+00:00,ETHUSDT,1h,154.9908796765079,156.45282408355558,152.47361382209917,153.92550917041473,1631.5806093197948
2026-01-09 20:00:00+00:00,ETHUSDT,1h,153.92550917041473,154.83480370747307,152.69431412104018,153.60169577338868,1193.2746507317895
2026-01-09 21:00:00+00:00,ETHUSDT,1h,153.60169577338868,155.03542967661667,152.3174181088548,153.74991275648773,1307.2428254992694
2026-01-09 22:00:00+00:00,ETHUSDT,1h,153.74991275648773,155.0989634812572,151.63572784660977,152.97800561213742,1595.550779320552
2026-01-09 23:00:00+00:00,ETHUSDT,1h,152.97800561213742,154.93353211515318,150.831234336304,152.7842844912687,1555.7507164160356
2026-01-10 00:00:00+00:00,ETHUSDT,1h,152.7842844912687,155.2405398042368,151.33687469631266,153.78366235160425,1263.2103141039472
2026-01-10 01:00:00+00:00,ETHUSDT,1h,153.78366235160425,156.13974690914463,152.62567672587372,154.97280706510452,1182.706859820271
2026-01-10 02:00:00+00:00,ETHUSDT,1h,154.97280706510452,157.86009946713204,153.4132426910845,156.2873066643095,823.3493376953825
2026-01-10 03:00:00+00:00,ETHUSDT,1h,156.2873066643095,158.76875041542306,154.89344725844174,157.36527705433744,1239.6675099225206
2026-01-10 04:00:00+00:00,ETHUSDT,1h,157.36527705433744,158.82837435362293,156.05162552830117,157.51348561436723,1068.7588697282197
2026-01-10 05:00:00+00:00,ETHUSDT,1h,157.51348561436723,160.64611799840762,155.40131578705808,158.52044539038155,1660.473927973077
2026-01-10 06:00:00+00:00,ETHUSDT,1h,158.52044539038155,159.80981012902996,157.80583963578033,159.0926250046571,1155.3394650120365
2026-01-10 07:00:00+00:00,ETHUSDT,1h,159.0926250046571,160.26388076748717,156.41339303511356,157.57346458753057,1309.2435938368444
2026-01-10 08:00:00+00:00,ETHUSDT,1h,157.57346458753057,158.49295296400982,156.9680217957665,157.88630813691307,1216.5939318774151
2026-01-10 09:00:00+00:00,ETHUSDT,1h,157.88630813691307,158.48971850784966,155.8690926637524,156.4670790205509,1267.9838440452852
2026-01-10 10:00:00+00:00,ETHUSDT,1h,156.4670790205509,158.33073783549008,154.11276148062336,155.970505675713,1649.6301184689596
2026-01-10 11:00:00+00:00,ETHUSDT,1h,155.970505675713,158.39582592572344,154.1979130888223,156.6158984999102,1332.1644774229126
2026-01-10 12:00:00+00:00,ETHUSDT,1h,156.6158984999102,157.46605435978984,153.79535418184463,154.63475583309295,1330.541436539187
2026-01-10 13:00:00+00:00,ETHUSDT,1h,154.63475583309295,157.4558913156676,153.7038730931125,156.51369757109498,994.7446608304044
2026-01-10 14:00:00+00:00,ETHUSDT,1h,156.51369757109498,157.62160495321922,153.04464129612774,154.13571575146403,1251.4962523556285
2026-01-10 15:00:00+00:00,ETHUSDT,1h,154.13571575146403,155.46394411500796,152.32185185172662,153.64585898956665,1654.9263057128614
2026-01-10 16:00:00+00:00,ETHUSDT,1h,153.64585898956665,154.1915187735655,152.51171875515482,153.05528115379997,1609.694837065503
2026-01-10 17:00:00+00:00,ETHUSDT,1h,153.05528115379997,154.3661168151703,150.8098728498684,152.11263525923908,1730.3750041026258
2026-01-10 18:00:00+00:00,ETHUSDT,1h,152.11263525923908,154.02886751380285,150.31527118401527,152.2301152935842,1225.857363652643
2026-01-10 19:00:00+00:00,ETHUSDT,1h,152.2301152935842,154.4716108370517,150.71288666916067,152.947234911912,1538.6520613641362
2026-01-10 20:00:00+00:00,ETHUSDT,1h,152.947234911912,154.52115107361064,150.52611108710664,152.09121833951872,1063.258985939601
2026-01-10 21:00:00+00:00,ETHUSDT,1h,152.09121833951872,152.9245027646282,150.99861390394875,151.83046972746197,999.0028516385934
2026-01-10 22:00:00+00:00,ETHUSDT,1h,151.83046972746197,152.89591107232718,149.83168559179447,150.89053109670317,1740.5512095907238
2026-01-10 23:00:00+00:00,ETHUSDT,1h,150.89053109670317,152.7303850483314,148.25159117184802,150.08158135422883,1085.6258233792682
2026-01-11 00:00:00+00:00,ETHUSDT,1h,150.08158135422883,151.3654007182343,149.72460487332765,151.0062249267606,1450.0199471539108
2026-01-11 01:00:00+00:00,ETHUSDT,1h,151.0062249267606,153.03293584705256,149.2067347622832,151.2307698565106,742.1578717241797
2026-01-11 02:00:00+00:00,ETHUSDT,1h,151.2307698565106,151.6329955183766,150.7081000970791,151.1100045617399,1469.2748247514985
2026-01-11 03:00:00+00:00,ETHUSDT,1h,151.1100045617399,151.66534193652765,148.90083135958932,149.45006837984238,1400.497956337476
2026-01-11 04:00:00+00:00,ETHUSDT,1h,149.45006837984238,151.19164987687344,148.20525193508635,149.94272989995724,1399.0365886722834
2026-01-11 05:00:00+00:00,ETHUSDT,1h,149.94272989995724,151.78299252942398,147.56751771048422,149.40113326848703,1292.7847135139484
2026-01-11 06:00:00+00:00,ETHUSDT,1h,149.40113326848703,150.30888266026113,146.91783972906885,147.81595772041013,1134.1213417515671
2026-01-11 07:00:00+00:00,ETHUSDT,1h,147.81595772041013,150.42490294770766,146.26346305381412,148.86142782416243,1442.8266117168605
2026-01-11 08:00:00+00:00,ETHUSDT,1h,148.86142782416243,150.37399294763512,146.30643131328102,147.8082956730606,1085.9550596155068
2026-01-11 09:00:00+00:00,ETHUSDT,1h,147.8082956730606,149.13294101081317,146.3001001995453,147.6230857013297,881.0315901194996
2026-01-11 10:00:00+00:00,ETHUSDT,1h,147.6230857013297,149.05220677625047,146.6099296100791,148.03621532363803,957.0763989021768
2026-01-11 11:00:00+00:00,ETHUSDT,1h,148.03621532363803,150.46204239209342,146.74501638806248,149.16103259462946,1382.1679985421415
2026-01-11 12:00:00+00:00,ETHUSDT,1h,149.16103259462946,150.69387056266982,146.3394410298512,147.85889774338574,1241.1059480854417
2026-01-11 13:00:00+00:00,ETHUSDT,1h,147.85889774338574,149.31366876832433,145.19815136165957,146.6409389948375,1363.4067628342996
2026-01-11 14:00:00+00:00,ETHUSDT,1h,146.6409389948375,148.4084356876161,145.1782671175446,146.94275335917695,1090.801521660192
2026-01-11 15:00:00+00:00,ETHUSDT,1h,146.94275335917695,148.24418466668132,145.65602898788015,146.9573326300002,1489.3638909152687
2026-01-11 16:00:00+00:00,ETHUSDT,1h,146.9573326300002,147.51199877790455,145.31935756949045,145.86991945620898,1627.0175296080213
2026-01-11 17:00:00+00:00,ETHUSDT,1h,145.86991945620898,146.15975912487275,145.29973832856697,145.5890198571631,1478.8657964138577
2026-01-11 18:00:00+00:00,ETHUSDT,1h,145.5890198571631,146.57677388678098,143.9082197205281,144.89123963470794,1323.2099961446763
2026-01-11 19:00:00+00:00,ETHUSDT,1h,144.89123963470794,145.22477067448327,143.88314921114028,144.2151238725332,1061.4560529181535
2026-01-11 20:00:00+00:00,ETHUSDT,1h,144.2151238725332,144.78715186772908,143.60716801633126,144.17905293648283,965.0341436305572
2026-01-11 21:00:00+00:00,ETHUSDT,1h,144.17905293648283,146.88691967858787,142.90072908362384,145.5960325662068,1240.3060070299034
2026-01-11 22:00:00+00:00,ETHUSDT,1h,145.5960325662068,146.93325228521078,136.49006951747828,137.75527618877064,1369.9501227271269
2026-01-11 23:00:00+00:00,ETHUSDT,1h,137.75527618877064,138.42483277841092,135.7905967955514,136.45382772260578,1294.168638374936
2026-01-12 00:00:00+00:00,ETHUSDT,1h,136.45382772260578,138.43924529490613,134.9473821293236,136.92756960741093,1598.9752994408911
2026-01-12 01:00:00+00:00,ETHUSDT,1h,136.92756960741093,137.88191970773286,135.81576979744835,136.7690148114398,1419.9776025481897
2026-01-12 02:00:00+00:00,ETHUSDT,1h,136.7690148114398,137.41508806324396,134.95142990667216,135.59194287352742,1540.7096408653126
2026-01-12 03:00:00+00:00,ETHUSDT,1h,135.59194287352742,136.78494414934622,133.23366451096,134.4163221260725,1372.8252985330157
2026-01-12 04:00:00+00:00,ETHUSDT,1h,134.4163221260725,135.51121940396803,132.0678001280463,133.15240205922515,1443.663201499987
2026-01-12 05:00:00+00:00,ETHUSDT,1h,133.15240205922515,136.080197559159,131.44877968466236,134.36111033061226,1322.4805296134416
2026-01-12 06:00:00+00:00,ETHUSDT,1h,134.36111033061226,135.4334149596703,133.15890041837932,134.23015996315024,1057.9856413438856
2026-01-12 07:00:00+00:00,ETHUSDT,1h,134.23015996315024,134.90802032576454,132.903190467258,133.5777562003244,1833.8742563669284
2026-01-12 08:00:00+00:00,ETHUSDT,1h,133.5777562003244,134.70224988633336,132.50115734721066,133.62526810076903,1730.1093522989463
2026-01-12 09:00:00+00:00,ETHUSDT,1h,133.62526810076903,134.97251479404997,131.66352711601118,133.00451520795062,1550.1965124196904
2026-01-12 10:00:00+00:00,ETHUSDT,1h,133.00451520795062,134.24761452195568,131.94403094859314,133.18568573649708,1534.4920302845062
2026-01-12 11:00:00+00:00,ETHUSDT,1h,133.18568573649708,135.5749354429187,132.2588673689596,134.6380105738645,2052.5345910801784
2026-01-12 12:00:00+00:00,ETHUSDT,1h,134.6380105738645,136.3990435195733,134.24693249541656,136.00399770852496,1293.2750636079174
2026-01-12 13:00:00+00:00,ETHUSDT,1h,136.00399770852496,137.63180375198053,134.0088219726366,135.6321777738423,1896.6098657390237
2026-01-12 14:00:00+00:00,ETHUSDT,1h,135.6321777738423,137.32131681971975,134.59726909649294,136.28145399647502,1135.345523198356
2026-01-12 15:00:00+00:00,ETHUSDT,1h,136.28145399647502,138.00381300222213,135.54350621691657,137.2605634619705,1890.7896728105543
2026-01-12 16:00:00+00:00,ETHUSDT,1h,137.2605634619705,140.20652411337932,135.3137575831921,138.24574512100517,1353.1079112494842
2026-01-12 17:00:00+00:00,ETHUSDT,1h,138.24574512100517,140.919121068641,137.24929749200354,139.91067297330005,1402.9780403589991
2026-01-12 18:00:00+00:00,ETHUSDT,1h,139.91067297330005,141.58694175958692,138.92646437195418,140.59789883367895,1236.8694703077415
2026-01-12 19:00:00+00:00,ETHUSDT,1h,140.59789883367895,142.7855642923535,139.93200519275987,142.1124972762997,1854.1986529871444
2026-01-12 20:00:00+00:00,ETHUSDT,1h,142.1124972762997,142.98870701410678,140.95013846345518,141.82457297330646,913.1127152503028
2026-01-12 21:00:00+00:00,ETHUSDT,1h,141.82457297330646,142.5096289305506,139.94492243861728,140.62418013220665,1311.309304166933
2026-01-12 22:00:00+00:00,ETHUSDT,1h,140.62418013220665,142.44018025100206,139.2599452753345,141.07160480114922,1326.308460043714
2026-01-12 23:00:00+00:00,ETHUSDT,1h,141.07160480114922,142.90629441165206,139.2962022927907,141.13015504172503,1334.4725081862086
2026-01-13 00:00:00+00:00,ETHUSDT,1h,141.13015504172503,142.38973111102462,140.0497903614783,141.30800497274083,1126.498614580546
2026-01-13 01:00:00+00:00,ETHUSDT,1h,141.30800497274083,142.27266408770393,140.14447687788305,141.1077690539794,1264.6293139052889
2026-01-13 02:00:00+00:00,ETHUSDT,1h,141.1077690539794,145.87188890880216,139.4002709403816,144.12784585179153,1036.517070344976
2026-01-13 03:00:00+00:00,ETHUSDT,1h,144.12784585179153,149.67811147794274,143.19198686420933,148.71248326635066,3960.414869590474
2026-01-13 04:00:00+00:00,ETHUSDT,1h,148.71248326635066,150.3609489593483,147.4568802646627,149.10205672735316,869.2282104945625
2026-01-13 05:00:00+00:00,ETHUSDT,1h,149.10205672735316,150.0650273950597,146.5978089933567,147.55076066712226,1096.3473297487526
2026-01-13 06:00:00+00:00,ETHUSDT,1h,147.55076066712226,148.09250675939026,145.03442637416157,145.56889586883685,1334.876535714408
2026-01-13 07:00:00+00:00,ETHUSDT,1h,145.56889586883685,146.4980987706299,143.55636096325094,144.4786042592755,1388.0923374209192
2026-01-13 08:00:00+00:00,ETHUSDT,1h,144.4786042592755,146.3826481940515,143.7207121263635,145.6187750614918,1311.5817022851152
2026-01-13 09:00:00+00:00,ETHUSDT,1h,145.6187750614918,146.45221727247923,144.74424589931144,145.57745159739545,1107.5041330826464
2026-01-13 10:00:00+00:00,ETHUSDT,1h,145.57745159739545,147.71461084292133,144.6946318084358,146.82423026164682,1291.9928474540982
2026-01-13 11:00:00+00:00,ETHUSDT,1h,146.82423026164682,148.9010903781499,144.90796727741153,146.9827583787243,1321.4261661550754
2026-01-13 12:00:00+00:00,ETHUSDT,1h,146.9827583787243,150.25934310905396,145.31218013904137,148.5707164383227,1140.3993544666866
2026-01-13 13:00:00+00:00,ETHUSDT,1h,148.5707164383227,150.12066959853053,147.76769636754747,149.31363408115564,1269.8412390204803
2026-01-13 14:00:00+00:00,ETHUSDT,1h,149.31363408115564,151.16523595636266,147.1530292422392,149.00075113248676,1078.8957747397649
2026-01-13 15:00:00+00:00,ETHUSDT,1h,149.00075113248676,151.21215819626653,147.70999059867546,149.91349080069506,1517.0912691046856
2026-01-13 16:00:00+00:00,ETHUSDT,1h,149.91349080069506,151.02483910088586,146.7169290153638,147.81270362539593,1254.9517461661703
2026-01-13 17:00:00+00:00,ETHUSDT,1h,147.81270362539593,152.13985021710977,145.78100972248538,150.07703298019953,1277.8761322861633
2026-01-13 18:00:00+00:00,ETHUSDT,1h,150.07703298019953,150.51110467966868,149.74414992713594,150.17799767870034,1365.5350020173755
2026-01-13 19:00:00+00:00,ETHUSDT,1h,150.17799767870034,151.9381861125125,147.63367054464297,149.3845593406442,979.9083269050432
2026-01-13 20:00:00+00:00,ETHUSDT,1h,149.3845593406442,150.7699703451723,148.2174433586412,149.60116208303336,1207.191336385476
2026-01-13 21:00:00+00:00,ETHUSDT,1h,149.60116208303336,150.6578461569353,148.22041045277075,149.27478924390311,903.7459153088998
2026-01-13 22:00:00+00:00,ETHUSDT,1h,149.27478924390311,151.6086389405563,147.51696566807212,149.84411116834963,1035.9239919507993
2026-01-13 23:00:00+00:00,ETHUSDT,1h,149.84411116834963,150.47957101668996,148.5612877461237,149.19399055889778,1363.622550920299
2026-01-14 00:00:00+00:00,ETHUSDT,1h,149.19399055889778,149.93466656331344,148.5868224986743,149.3269573740343,851.5353302217866
2026-01-14 01:00:00+00:00,ETHUSDT,1h,149.3269573740343,151.00577800589232,147.55263582143235,149.2303705681608,1657.5607342736555
2026-01-14 02:00:00+00:00,ETHUSDT,1h,149.2303705681608,150.24978381574184,147.89428016967386,148.91151527274604,1774.2104031175352
2026-01-14 03:00:00+00:00,ETHUSDT,1h,148.91151527274604,151.0067678385457,148.1207599068873,150.2091218747274,1042.682025238325
2026-01-14 04:00:00+00:00,ETHUSDT,1h,150.2091218747274,151.6322478507478,147.2764489232531,148.6851362049608,1214.1490876379414
2026-01-14 05:00:00+00:00,ETHUSDT,1h,148.6851362049608,149.71165086726106,146.88478211358296,147.90591708648947,954.018879422541
2026-01-14 06:00:00+00:00,ETHUSDT,1h,147.90591708648947,150.13202622629942,146.762461342404,148.98026473613342,1483.7102651029277
2026-01-14 07:00:00+00:00,ETHUSDT,1h,148.98026473613342,149.77758602220925,146.75427790801652,147.54391203779196,1470.882755900691
2026-01-14 08:00:00+00:00,ETHUSDT,1h,147.54391203779196,149.20598910695136,146.41557403196336,148.0736003245308,1036.0947881512925
2026-01-14 09:00:00+00:00,ETHUSDT,1h,148.0736003245308,149.50377404925658,146.0253068154993,147.44945218495042,1301.241851415732
2026-01-14 10:00:00+00:00,ETHUSDT,1h,147.44945218495042,148.91290904166354,145.71489881432285,147.17563802643434,908.7798546369968
2026-01-14 11:00:00+00:00,ETHUSDT,1h,147.17563802643434,148.36255191465457,145.31283912628052,146.49425795101385,1691.0596593317398
2026-01-14 12:00:00+00:00,ETHUSDT,1h,146.49425795101385,148.20366599339505,144.2367219423401,145.939658490263,1185.3695464219695
2026-01-14 13:00:00+00:00,ETHUSDT,1h,145.939658490263,148.22557385302102,144.43301652179292,146.71096908048537,1651.172284007538
2026-01-14 14:00:00+00:00,ETHUSDT,1h,146.71096908048537,148.71893249450298,145.29077799996165,147.29310621187523,1256.062695941795
2026-01-14 15:00:00+00:00,ETHUSDT,1h,147.29310621187523,150.09061293875322,145.6059698632246,148.3909021292655,1205.6354732383388
2026-01-14 16:00:00+00:00,ETHUSDT,1h,148.3909021292655,150.06392295827317,145.20594513473773,146.86172538833205,1402.6915045885792
2026-01-14 17:00:00+00:00,ETHUSDT,1h,146.86172538833205,147.7148490200242,145.5950112566269,146.44571829213797,1344.1566225111617
2026-01-14 18:00:00+00:00,ETHUSDT,1h,146.44571829213797,147.8788915830946,144.5421204887185,145.9706445278006,1233.4890762341483
2026-01-14 19:00:00+00:00,ETHUSDT,1h,145.9706445278006,146.38468850972802,145.9148422890502,146.32874937323257,1104.1749956196584
2026-01-14 20:00:00+00:00,ETHUSDT,1h,146.32874937323257,147.1259068733564,144.17090694482897,144.96061121653744,1403.821611530058
2026-01-14 21:00:00+00:00,ETHUSDT,1h,144.96061121653744,146.3174677015622,143.56560455928224,144.92210057804556,1132.2087717195004
2026-01-14 22:00:00+00:00,ETHUSDT,1h,144.92210057804556,146.21997616881592,142.4022162393148,143.68904901801204,1112.864052947437
2026-01-14 23:00:00+00:00,ETHUSDT,1h,143.68904901801204,145.70945362053624,142.20496365105083,144.21988553438672,1436.0777576789608
2026-01-15 00:00:00+00:00,ETHUSDT,1h,144.21988553438672,145.5089118003874,141.1937937205454,142.46715420850214,1002.585724415305
2026-01-15 01:00:00+00:00,ETHUSDT,1h,142.46715420850214,144.23639528628163,141.4863725003191,143.250222726551,1361.681597527136
2026-01-15 02:00:00+00:00,ETHUSDT,1h,143.250222726551,145.1620638579377,142.1079680817196,144.01372119692385,1675.0371800548437
2026-01-15 03:00:00+00:00,ETHUSDT,1h,144.01372119692385,144.78890392187904,142.17155916218294,142.94096757571572,1936.876023515016
2026-01-15 04:00:00+00:00,ETHUSDT,1h,142.94096757571572,145.53893581053947,141.06810004435292,143.65669060083897,1422.0812074444802
2026-01-15 05:00:00+00:00,ETHUSDT,1h,143.65669060083897,145.449967915612,141.42991365942584,143.21771116070497,1660.346888092448
2026-01-15 06:00:00+00:00,ETHUSDT,1h,143.21771116070497,144.44860475102695,142.31601167424358,143.5448456242086,1465.3735251863548
2026-01-15 07:00:00+00:00,ETHUSDT,1h,143.5448456242086,145.4668941597925,142.8299152389399,144.74598147323272,1201.3774097987025
2026-01-15 08:00:00+00:00,ETHUSDT,1h,144.74598147323272,146.20525480789917,142.87402627880445,144.32909674188932,1718.9137785697287
2026-01-15 09:00:00+00:00,ETHUSDT,1h,144.32909674188932,145.70993528336712,142.3909273804409,143.7663822685167,1767.522798726056
2026-01-15 10:00:00+00:00,ETHUSDT,1h,143.7663822685167,145.4480763915707,141.58210340819517,143.25784900991283,1074.274600165185
2026-01-15 11:00:00+00:00,ETHUSDT,1h,143.25784900991283,144.31687947963275,141.30481162326586,142.35718394649143,1567.5561490082584
2026-01-15 12:00:00+00:00,ETHUSDT,1h,142.35718394649143,143.17833917597167,141.58491297607645,142.40580444507353,931.7808799894814
2026-01-15 13:00:00+00:00,ETHUSDT,1h,142.40580444507353,145.00999618371418,140.41531110691108,143.0110430540159,1733.9974040053153
2026-01-15 14:00:00+00:00,ETHUSDT,1h,143.0110430540159,143.88846896834437,142.17848240835238,143.0556486444186,1416.0096271896118
2026-01-15 15:00:00+00:00,ETHUSDT,1h,143.0556486444186,143.81954103401824,141.36543511274192,142.12435455317444,1103.4833076878506
2026-01-15 16:00:00+00:00,ETHUSDT,1h,142.12435455317444,144.59409686487476,140.1457149495755,142.6087140615709,1103.0513979366358
2026-01-15 17:00:00+00:00,ETHUSDT,1h,142.6087140615709,144.2709481267464,140.17351730723612,141.82663553700328,1090.834067970231
2026-01-15 18:00:00+00:00,ETHUSDT,1h,141.82663553700328,143.9001096928099,140.9183205972525,142.98438009029013,1008.8841588370016
2026-01-15 19:00:00+00:00,ETHUSDT,1h,142.98438009029013,143.9047697195822,142.16922253417803,143.0890156335994,924.700245085881
2026-01-15 20:00:00+00:00,ETHUSDT,1h,143.0890156335994,144.04141436062673,141.1449549109113,142.09070892074428,1467.802540548592
2026-01-15 21:00:00+00:00,ETHUSDT,1h,142.09070892074428,144.12010137274544,141.25017539084075,143.27257653870703,1262.6569782928666
2026-01-15 22:00:00+00:00,ETHUSDT,1h,143.27257653870703,145.39129462222286,141.5152656302143,143.62960458345393,1313.3716303054412
2026-01-15 23:00:00+00:00,ETHUSDT,1h,143.62960458345393,145.26060628555462,140.9815523433109,142.60087216175214,1045.4821095167792
2026-01-16 00:00:00+00:00,ETHUSDT,1h,142.60087216175214,144.1672921179124,141.20355975800564,142.7683387484741,1620.6361397198084
2026-01-16 01:00:00+00:00,ETHUSDT,1h,142.7683387484741,143.62218249158363,141.55500387648863,142.40668470275816,1154.4751205502005
2026-01-16 02:00:00+00:00,ETHUSDT,1h,142.40668470275816,144.5603043088222,139.53391870429812,141.67649564424127,1325.526417646695
2026-01-16 03:00:00+00:00,ETHUSDT,1h,141.67649564424127,142.71117025869094,140.92634308797977,141.95951914192855,1372.698807862251
2026-01-16 04:00:00+00:00,ETHUSDT,1h,141.95951914192855,143.57513187587588,140.78124889505287,142.39326154797047,1686.431274608314
2026-01-16 05:00:00+00:00,ETHUSDT,1h,142.39326154797047,144.09320722012023,140.5494530028649,142.24766043274823,1219.033982048949
2026-01-16 06:00:00+00:00,ETHUSDT,1h,142.24766043274823,143.52939803858612,140.24026855798448,141.51540812688788,811.0733747655917
2026-01-16 07:00:00+00:00,ETHUSDT,1h,141.51540812688788,142.6080264113375,139.30447973669476,140.38839654134478,1076.1906200643832
2026-01-16 08:00:00+00:00,ETHUSDT,1h,140.38839654134478,141.82044194376897,138.7650095073658,140.1950829962969,1558.3140516293054
2026-01-16 09:00:00+00:00,ETHUSDT,1h,140.1950829962969,142.27280371109947,138.77841401659714,140.84952163980225,1065.603823246808
2026-01-16 10:00:00+00:00,ETHUSDT,1h,140.84952163980225,141.606563693228,139.79274048999645,140.54816279122932,995.082428024022
2026-01-16 11:00:00+00:00,ETHUSDT,1h,140.54816279122932,142.4547813074304,137.68663284404138,139.58011928049558,1084.1212697267229
2026-01-16 12:00:00+00:00,ETHUSDT,1h,139.58011928049558,141.13107192523282,138.17027315334852,139.719814786481,1399.5275669286416
2026-01-16 13:00:00+00:00,ETHUSDT,1h,139.719814786481,140.912859092365,137.93824820648365,139.12622393865024,898.7849509566283
2026-01-16 14:00:00+00:00,ETHUSDT,1h,139.12622393865024,140.15103917624091,137.0767960393355,138.09400788838556,1499.4996174623184
2026-01-16 15:00:00+00:00,ETHUSDT,1h,138.09400788838556,140.36025864808033,136.68390577684684,138.9415026193448,1364.1449809612798
2026-01-16 16:00:00+00:00,ETHUSDT,1h,138.9415026193448,141.043852716228,137.2339968170131,139.3315534288122,1063.4554220079676
2026-01-16 17:00:00+00:00,ETHUSDT,1h,139.3315534288122,139.993810693955,138.26188283572748,138.9221943750044,1090.506175561978
2026-01-16 18:00:00+00:00,ETHUSDT,1h,138.9221943750044,140.18391980945032,137.1075446796048,138.36420229313788,1065.0949079631266
2026-01-16 19:00:00+00:00,ETHUSDT,1h,138.36420229313788,139.62958274259594,137.55459159953526,138.81732071638814,1614.235838560017
2026-01-16 20:00:00+00:00,ETHUSDT,1h,138.81732071638814,140.50659077093377,137.9718131082048,139.65597509228922,1165.2018488057467
2026-01-16 21:00:00+00:00,ETHUSDT,1h,139.65597509228922,140.97895187711572,138.2381362787864,139.56020583060825,1245.7124677311892
2026-01-16 22:00:00+00:00,ETHUSDT,1h,139.56020583060825,140.8523342326996,138.91476865477753,140.2039200115107,1020.98316847317
2026-01-16 23:00:00+00:00,ETHUSDT,1h,140.2039200115107,142.33375219784168,138.78845963070322,140.9111517985912,1352.8708276129923
2026-01-17 00:00:00+00:00,ETHUSDT,1h,140.9111517985912,141.7961848876515,139.46185814933213,140.34332483755787,1309.2003417181509
2026-01-17 01:00:00+00:00,ETHUSDT,1h,140.34332483755787,141.40044523302123,138.547442657508,139.59895617931863,1287.288218213126
2026-01-17 02:00:00+00:00,ETHUSDT,1h,139.59895617931863,142.4190550655768,138.60811605395693,141.4153228027513,1125.0936092345912
2026-01-17 03:00:00+00:00,ETHUSDT,1h,141.4153228027513,143.07059911952868,139.30929582544528,140.95923358580467,897.4579693251218
2026-01-17 04:00:00+00:00,ETHUSDT,1h,140.95923358580467,148.56576564854024,139.64113920698145,147.18941353827574,4288.509846263764
2026-01-17 05:00:00+00:00,ETHUSDT,1h,147.18941353827574,149.06763044935607,146.37431454969706,148.24667659643188,1500.3600805553103
2026-01-17 06:00:00+00:00,ETHUSDT,1h,148.24667659643188,149.8054934709505,145.85922474238183,147.40923591074753,1334.291514160756
2026-01-17 07:00:00+00:00,ETHUSDT,1h,147.40923591074753,149.46202518399355,146.40143694411168,148.44713040014224,975.7687798865892
2026-01-17 08:00:00+00:00,ETHUSDT,1h,148.44713040014224,149.6818208228161,147.35118649334242,148.58486009595046,1201.155525645442
2026-01-17 09:00:00+00:00,ETHUSDT,1h,148.58486009595046,150.0004658013158,140.49793904402696,141.84937406302183,1188.7713418118944
2026-01-17 10:00:00+00:00,ETHUSDT,1h,141.84937406302183,143.69207134051143,140.4307655253792,142.26926356800735,1688.8368357123668
2026-01-17 11:00:00+00:00,ETHUSDT,1h,142.26926356800735,143.75355543193072,141.2541758737994,142.73514369448597,922.0350777889192
2026-01-17 12:00:00+00:00,ETHUSDT,1h,142.73514369448597,144.36134622854266,142.0883019556105,143.71008628163477,1049.7573092606704
2026-01-17 13:00:00+00:00,ETHUSDT,1h,143.71008628163477,144.73291858995856,142.5986546401911,143.6208518374038,913.9536675516418
2026-01-17 14:00:00+00:00,ETHUSDT,1h,143.6208518374038,144.97318886123267,140.34187458016336,141.6758978757393,1310.452524701958
2026-01-17 15:00:00+00:00,ETHUSDT,1h,141.6758978757393,144.13616325446566,139.40248908909842,141.859803419097,1244.0838887822747
2026-01-17 16:00:00+00:00,ETHUSDT,1h,141.859803419097,143.79968315414473,140.26293150022408,142.1989930821722,1622.174006000791
2026-01-17 17:00:00+00:00,ETHUSDT,1h,142.1989930821722,143.055479781934,141.64250741526575,142.49782465886165,1377.15833957099
2026-01-17 18:00:00+00:00,ETHUSDT,1h,142.49782465886165,143.997061182333,141.17337709971292,142.67100400588654,860.758244625223
2026-01-17 19:00:00+00:00,ETHUSDT,1h,142.67100400588654,145.16384860349206,141.6673822093581,144.1498240204263,1229.1247026911522
2026-01-17 20:00:00+00:00,ETHUSDT,1h,144.1498240204263,148.2985972178707,141.98969961223216,146.1091123401041,1270.3983242678592
2026-01-17 21:00:00+00:00,ETHUSDT,1h,146.1091123401041,147.2001901440616,145.61146662830882,146.70053007126526,1262.4692493432542
2026-01-17 22:00:00+00:00,ETHUSDT,1h,146.70053007126526,146.97867850874303,146.13273308568048,146.41033129791143,1657.570098909122
2026-01-17 23:00:00+00:00,ETHUSDT,1h,146.41033129791143,148.7543594424875,142.37757112532543,144.69412278639592,923.1303322933056
2026-01-18 00:00:00+00:00,ETHUSDT,1h,144.69412278639592,145.87925831052476,141.32603637106055,142.4931445040277,1610.6670388223822
2026-01-18 01:00:00+00:00,ETHUSDT,1h,142.4931445040277,143.67832761367887,139.61466304252482,140.78564406061366,1313.0767410460385
2026-01-18 02:00:00+00:00,ETHUSDT,1h,140.78564406061366,141.9282477130444,138.91504083296724,140.05168776194665,1265.2619234976212
2026-01-18 03:00:00+00:00,ETHUSDT,1h,140.05168776194665,141.01139145304128,138.93092079571173,139.88951318610356,1116.2602097084853
2026-01-18 04:00:00+00:00,ETHUSDT,1h,139.88951318610356,141.56719531527864,138.48587856215028,140.16083824814322,1005.8675990180944
2026-01-18 05:00:00+00:00,ETHUSDT,1h,140.16083824814322,142.10351442459256,137.17782669829464,139.105880811224,1193.009047092242
2026-01-18 06:00:00+00:00,ETHUSDT,1h,139.105880811224,139.48064066177287,137.97771813236398,138.35044278612796,1587.5392773108006
2026-01-18 07:00:00+00:00,ETHUSDT,1h,138.35044278612796,139.42029372111804,137.6125638150962,138.68065360200367,1677.681770084311
2026-01-18 08:00:00+00:00,ETHUSDT,1h,138.68065360200367,140.01702866242783,138.24754393783613,139.5811068180472,1142.8134686873702
2026-01-18 09:00:00+00:00,ETHUSDT,1h,139.5811068180472,141.1401357605256,138.2509353440515,139.80780392236403,1539.6575519752887
2026-01-18 10:00:00+00:00,ETHUSDT,1h,139.80780392236403,140.4442059385459,137.26489293100187,137.89257687623632,1403.0264015173054
2026-01-18 11:00:00+00:00,ETHUSDT,1h,137.89257687623632,139.64470735030622,136.50362929928872,138.25213802950617,1153.957787284538
2026-01-18 12:00:00+00:00,ETHUSDT,1h,138.25213802950617,140.18970773157565,137.19684889688762,139.12773509962165,1411.6574354162613
2026-01-18 13:00:00+00:00,ETHUSDT,1h,139.12773509962165,140.9334426153912,138.07725665986263,139.87730458102476,1471.9952826738318
2026-01-18 14:00:00+00:00,ETHUSDT,1h,139.87730458102476,141.30685274562964,137.0657710165457,138.48104943245232,1268.4602447955122
2026-01-18 15:00:00+00:00,ETHUSDT,1h,138.48104943245232,139.420921110905,137.6175837079645,138.5569819273627,494.691868616423
2026-01-18 16:00:00+00:00,ETHUSDT,1h,138.5569819273627,140.5968077959366,137.17805623353746,139.21136960472947,1726.1554949819792
2026-01-18 17:00:00+00:00,ETHUSDT,1h,139.21136960472947,139.58090963856463,137.36481940346843,137.7304282417199,1336.954016096565
2026-01-18 18:00:00+00:00,ETHUSDT,1h,137.7304282417199,138.6831264442902,136.25870549577797,137.2077885356356,1672.4062649132602
2026-01-18 19:00:00+00:00,ETHUSDT,1h,137.2077885356356,139.15145352267683,135.86626100882015,137.80409569658042,1605.3940848097452
2026-01-18 20:00:00+00:00,ETHUSDT,1h,137.80409569658042,138.75650963294314,135.7543808263714,136.69915813972494,1473.1335762259882
2026-01-18 21:00:00+00:00,ETHUSDT,1h,136.69915813972494,138.2646250852117,134.51085948003217,136.06911118221004,1110.3556246361695
2026-01-18 22:00:00+00:00,ETHUSDT,1h,136.06911118221004,137.38231733250376,135.83269750334352,137.14403602230092,1508.2319342639248
2026-01-18 23:00:00+00:00,ETHUSDT,1h,137.14403602230092,138.05966723458087,136.00732276035885,136.92146801509986,1567.63744144501
2026-01-19 00:00:00+00:00,ETHUSDT,1h,136.92146801509986,138.60442919790103,136.06832046598444,137.74614315890557,1021.1765072989288
2026-01-19 01:00:00+00:00,ETHUSDT,1h,137.74614315890557,139.92160466120396,136.4812097933914,138.6483859313199,1857.8242241637467
2026-01-19 02:00:00+00:00,ETHUSDT,1h,138.6483859313199,140.5389841666654,137.30733575608232,139.192669511887,1331.2835164593553
2026-01-19 03:00:00+00:00,ETHUSDT,1h,139.192669511887,140.23258444046544,137.26042529707874,138.2936234102831,1770.8057466890143
2026-01-19 04:00:00+00:00,ETHUSDT,1h,138.2936234102831,139.0979010983929,137.61235161555226,138.41602631385138,1291.8343557681312
2026-01-19 05:00:00+00:00,ETHUSDT,1h,138.41602631385138,139.9077847441661,137.4795008274436,138.9675277882147,1105.63927309749
2026-01-19 06:00:00+00:00,ETHUSDT,1h,138.9675277882147,140.28628560051678,136.9668116220311,138.2790358640949,1384.859912885597
2026-01-19 07:00:00+00:00,ETHUSDT,1h,138.2790358640949,140.96597193745023,136.7052350327929,139.37964470188865,1543.6170073404885
2026-01-19 08:00:00+00:00,ETHUSDT,1h,139.37964470188865,140.49219269809436,136.83372791367717,137.93474249654474,1419.9551907791524
2026-01-19 09:00:00+00:00,ETHUSDT,1h,137.93474249654474,139.45072511043682,136.57940807191284,138.09382753051077,1151.5315896478044
2026-01-19 10:00:00+00:00,ETHUSDT,1h,138.09382753051077,139.3604961280487,136.5817689339564,137.84616584940778,1618.7786822267635
2026-01-19 11:00:00+00:00,ETHUSDT,1h,137.84616584940778,140.2691974334732,136.34156973975607,138.754684805086,1184.5252300025334
2026-01-19 12:00:00+00:00,ETHUSDT,1h,138.754684805086,141.89314305759945,137.154574509715,140.27549487617097,1443.1271673335768
2026-01-19 13:00:00+00:00,ETHUSDT,1h,140.27549487617097,142.01685574056484,139.30606360735348,141.04212635090363,1037.7906349234108
2026-01-19 14:00:00+00:00,ETHUSDT,1h,141.04212635090363,142.57755449355378,137.67429919436654,139.18955972463232,1437.929904765896
2026-01-19 15:00:00+00:00,ETHUSDT,1h,139.18955972463232,140.42817050055905,137.75726041253378,138.99413213041197,948.9328650723352
2026-01-19 16:00:00+00:00,ETHUSDT,1h,138.99413213041197,142.03762140385183,137.21037262251437,140.23790019258934,1131.563013278155
2026-01-19 17:00:00+00:00,ETHUSDT,1h,140.23790019258934,140.86297031740722,139.08762591874256,139.7103446162394,1329.578713737572
2026-01-19 18:00:00+00:00,ETHUSDT,1h,139.7103446162394,140.48027876782993,137.32830654752215,138.08930727321044,1192.6060072469866
2026-01-19 19:00:00+00:00,ETHUSDT,1h,138.08930727321044,139.6314277368713,137.12208015782193,138.66020187063407,1725.3797356142104
2026-01-19 20:00:00+00:00,ETHUSDT,1h,138.66020187063407,141.23872135578344,137.2784942462465,139.84520552284647,1253.1812183947268
2026-01-19 21:00:00+00:00,ETHUSDT,1h,139.84520552284647,141.98997531649192,138.35873859666626,140.49658463838165,1833.317559317724
2026-01-19 22:00:00+00:00,ETHUSDT,1h,140.49658463838165,141.9163607557145,138.2486959102501,139.66001817737043,1308.6150691426783
2026-01-19 23:00:00+00:00,ETHUSDT,1h,139.66001817737043,141.2392855296458,138.64334319394897,140.2185446730905,1179.872777315064
2026-01-20 00:00:00+00:00,ETHUSDT,1h,140.2185446730905,142.36194524681403,139.52537196771345,141.6616385827172,1434.151974012345
2026-01-20 01:00:00+00:00,ETHUSDT,1h,141.6616385827172,143.3859425818108,139.422615707009,141.14057735422062,1263.8261137230031
2026-01-20 02:00:00+00:00,ETHUSDT,1h,141.14057735422062,142.13747100175573,140.32513916254015,141.3209904751786,1107.0543810470842
2026-01-20 03:00:00+00:00,ETHUSDT,1h,141.3209904751786,143.06934527991706,137.78586759286085,139.51184047052325,1524.2873643056118
2026-01-20 04:00:00+00:00,ETHUSDT,1h,139.51184047052325,140.8385406294365,137.10202254791696,138.4183238136788,1074.8457768985973
2026-01-20 05:00:00+00:00,ETHUSDT,1h,138.4183238136788,139.9810151606608,136.6712241777592,138.2318098515421,1625.3141093144736
2026-01-20 06:00:00+00:00,ETHUSDT,1h,138.2318098515421,140.8888779307778,136.75668748441677,139.40127576376727,1150.1324038740624
2026-01-20 07:00:00+00:00,ETHUSDT,1h,139.40127576376727,140.88903075632535,137.1830964456215,138.66297191751326,1256.6745350045662
2026-01-20 08:00:00+00:00,ETHUSDT,1h,138.66297191751326,138.90024355853728,138.39954513698052,138.63677194620772,763.2039062148973
2026-01-20 09:00:00+00:00,ETHUSDT,1h,138.63677194620772,140.50056544616916,136.1877588973165,138.04357766130497,943.8161623859212
2026-01-20 10:00:00+00:00,ETHUSDT,1h,138.04357766130497,140.4480614693611,136.13493233117205,138.53265397586156,1191.6445396849413
2026-01-20 11:00:00+00:00,ETHUSDT,1h,138.53265397586156,139.58187829160016,136.90672013874754,137.9515432138825,1675.4432096775322
2026-01-20 12:00:00+00:00,ETHUSDT,1h,137.9515432138825,138.8548645485383,136.9213062663381,137.82379106638402,1196.2119591962462
2026-01-20 13:00:00+00:00,ETHUSDT,1h,137.82379106638402,140.1307259588588,135.74190400821453,138.04549004323056,1158.3992518872838
2026-01-20 14:00:00+00:00,ETHUSDT,1h,138.04549004323056,139.73858879737153,135.77698039078592,137.4629342209118,1154.4895805240049
2026-01-20 15:00:00+00:00,ETHUSDT,1h,137.4629342209118,138.5670142149007,135.90603521441227,137.00644879146446,1272.4675028342417
2026-01-20 16:00:00+00:00,ETHUSDT,1h,137.00644879146446,137.90472695059435,135.43140263610852,136.32521430430708,1089.5796958130345
2026-01-20 17:00:00+00:00,ETHUSDT,1h,136.32521430430708,138.45776351805756,135.42821785463488,137.55269048634614,1463.6508377591203
2026-01-20 18:00:00+00:00,ETHUSDT,1h,137.55269048634614,138.3678176216005,136.0603925297245,136.87148287875735,1133.8012312923584
2026-01-20 19:00:00+00:00,ETHUSDT,1h,136.87148287875735,138.51932493638398,135.77057410685046,137.41405207652664,1602.1560017410488
2026-01-20 20:00:00+00:00,ETHUSDT,1h,137.41405207652664,140.679539574143,135.88889245863143,139.1352760778561,1235.0772169555717
2026-01-20 21:00:00+00:00,ETHUSDT,1h,139.1352760778561,140.16460676151,138.05835567741948,139.08733166558525,888.3831965729912
2026-01-20 22:00:00+00:00,ETHUSDT,1h,139.08733166558525,139.39870414332577,138.9079401750942,139.21914264620656,1503.2263721046006
2026-01-20 23:00:00+00:00,ETHUSDT,1h,139.21914264620656,140.81420797654857,138.1155911265838,139.70679100368633,1447.0925693512477
2026-01-21 00:00:00+00:00,ETHUSDT,1h,139.70679100368633,140.50467387048306,137.90073536874783,138.6928273630277,1309.0222287646109
2026-01-21 01:00:00+00:00,ETHUSDT,1h,138.6928273630277,139.1077910299042,138.07075484556626,138.485096991067,1578.2938881907262
2026-01-21 02:00:00+00:00,ETHUSDT,1h,138.485096991067,139.3696701149196,137.08071189825304,137.9619433800517,1144.5664096786222
2026-01-21 03:00:00+00:00,ETHUSDT,1h,137.9619433800517,138.5295895664256,137.1722100187112,137.73893864925867,1429.5211618640758
2026-01-21 04:00:00+00:00,ETHUSDT,1h,137.73893864925867,139.52482639828375,136.48040323638173,138.26151613899626,1306.6648675940671
2026-01-21 05:00:00+00:00,ETHUSDT,1h,138.26151613899626,145.37701724596602,136.97308885446063,144.03479014813314,4317.520379959642
2026-01-21 06:00:00+00:00,ETHUSDT,1h,144.03479014813314,146.41422876073878,142.43287669515885,144.80376301303082,1757.8990898956172
2026-01-21 07:00:00+00:00,ETHUSDT,1h,144.80376301303082,145.28034390793434,144.60223430277003,145.07843292947237,861.0463080752243
2026-01-21 08:00:00+00:00,ETHUSDT,1h,145.07843292947237,146.28769615088444,144.30822834269244,145.51517296188774,1479.668782467351
2026-01-21 09:00:00+00:00,ETHUSDT,1h,145.51517296188774,147.7000761032334,144.00239480554646,146.18038241832826,927.7543192420704
2026-01-21 10:00:00+00:00,ETHUSDT,1h,146.18038241832826,147.65610119389726,144.43959659643443,145.9126121805015,1209.75281096138
2026-01-21 11:00:00+00:00,ETHUSDT,1h,145.9126121805015,146.82275464605138,144.99215209359662,145.90222979814376,1419.3956765167536
2026-01-21 12:00:00+00:00,ETHUSDT,1h,145.90222979814376,147.488976583489,145.02843035229148,146.6109327593593,1861.5076769130735
2026-01-21 13:00:00+00:00,ETHUSDT,1h,146.6109327593593,147.85073812018985,145.30004922709384,146.53924839397405,1273.7336332299496
2026-01-21 14:00:00+00:00,ETHUSDT,1h,146.53924839397405,149.12557063189325,145.10674319566974,147.68189540372163,1245.5443058762492
2026-01-21 15:00:00+00:00,ETHUSDT,1h,147.68189540372163,148.88201654605672,145.32171271352462,146.51232950354677,800.4323840855227
2026-01-21 16:00:00+00:00,ETHUSDT,1h,146.51232950354677,146.9927465481931,146.24039531265342,146.72042611960154,1561.5259230228846
2026-01-21 17:00:00+00:00,ETHUSDT,1h,146.72042611960154,147.90111963660982,145.68303659421957,146.86272399145537,1843.8955026223664
2026-01-21 18:00:00+00:00,ETHUSDT,1h,146.86272399145537,148.7191799897942,146.01572157380346,147.86638912716893,1239.1765898286133
2026-01-21 19:00:00+00:00,ETHUSDT,1h,147.86638912716893,150.26266780221826,146.51243145588876,148.89925258343018,1266.579529101525
2026-01-21 20:00:00+00:00,ETHUSDT,1h,148.89925258343018,150.43976037754229,145.85966888871863,147.38450514523626,1703.6177537298722
2026-01-21 21:00:00+00:00,ETHUSDT,1h,147.38450514523626,148.67791671873348,144.76377343044334,146.04543362888737,1370.7817905324378
2026-01-21 22:00:00+00:00,ETHUSDT,1h,146.04543362888737,149.4245502406977,144.94659038029002,148.30867837880126,1689.2810750285014
2026-01-21 23:00:00+00:00,ETHUSDT,1h,148.30867837880126,151.00619435359758,146.82727704059374,149.5127658247145,1157.5054581112342
2026-01-22 00:00:00+00:00,ETHUSDT,1h,149.5127658247145,151.80494748958202,147.8321549654016,150.11753863051808,1640.603193119225
2026-01-22 01:00:00+00:00,ETHUSDT,1h,150.11753863051808,150.7311540198707,148.58308763619962,149.19292360033032,1689.6882818368251
2026-01-22 02:00:00+00:00,ETHUSDT,1h,149.19292360033032,150.09527342730146,148.61112615158305,149.5122307980956,1207.2898668082746
2026-01-22 03:00:00+00:00,ETHUSDT,1h,149.5122307980956,150.48662705755638,148.1864664155809,149.1585577283871,928.6111834569516
2026-01-22 04:00:00+00:00,ETHUSDT,1h,149.1585577283871,150.31417999961346,147.27033385358115,148.4202358954998,1391.6509042566224
2026-01-22 05:00:00+00:00,ETHUSDT,1h,148.4202358954998,149.91059737819538,147.9709685669598,149.45818817318462,1187.2269640742124
2026-01-22 06:00:00+00:00,ETHUSDT,1h,149.45818817318462,151.12154723259542,146.64290797244374,148.29330271857208,1312.6659630884822
2026-01-22 07:00:00+00:00,ETHUSDT,1h,148.29330271857208,149.36246159393465,146.98002677691318,148.04741284571531,1553.4751046123831
2026-01-22 08:00:00+00:00,ETHUSDT,1h,148.04741284571531,149.38836077495785,147.04523145066713,148.38390157754753,1362.340304223346
2026-01-22 09:00:00+00:00,ETHUSDT,1h,148.38390157754753,150.98724437286145,147.7164968812498,150.31117115690213,1297.9259220299696
2026-01-22 10:00:00+00:00,ETHUSDT,1h,150.31117115690213,151.3684940041605,148.5372069626731,149.58945308140474,1149.5740047501272
2026-01-22 11:00:00+00:00,ETHUSDT,1h,149.58945308140474,151.46788775244303,148.41615493409213,150.28910194076937,1857.0743901767933
2026-01-22 12:00:00+00:00,ETHUSDT,1h,150.28910194076937,150.95818239263508,149.43603042761458,150.10428809639816,1289.166386844816
2026-01-22 13:00:00+00:00,ETHUSDT,1h,150.10428809639816,152.00216047648,149.19518884163998,151.08710881626212,1610.4880384967432
2026-01-22 14:00:00+00:00,ETHUSDT,1h,151.08710881626212,152.24395833811346,149.03615794474365,150.1861086542824,1592.366628132752
2026-01-22 15:00:00+00:00,ETHUSDT,1h,150.1861086542824,151.56481453899494,148.2350392406151,149.60844215685373,1525.2888572116117
2026-01-22 16:00:00+00:00,ETHUSDT,1h,149.60844215685373,152.13632930559066,147.51675670441352,150.03862937737614,1140.640721873956
2026-01-22 17:00:00+00:00,ETHUSDT,1h,150.03862937737614,152.3001411028167,148.9180584734713,151.17111219512967,1427.1829405657286
2026-01-22 18:00:00+00:00,ETHUSDT,1h,151.17111219512967,152.88154033209227,149.81490315949836,151.52218172861998,1590.4967574033592
2026-01-22 19:00:00+00:00,ETHUSDT,1h,151.52218172861998,152.40623858278775,150.53795254265123,151.42142151087313,1907.257279422802
2026-01-22 20:00:00+00:00,ETHUSDT,1h,151.42142151087313,153.05454386241564,142.57906497777202,144.13358598631586,958.1207750551068
2026-01-22 21:00:00+00:00,ETHUSDT,1h,144.13358598631586,146.06689985108932,142.64391932584357,144.57269486011523,1260.679561772921
2026-01-22 22:00:00+00:00,ETHUSDT,1h,144.57269486011523,145.5697044614949,143.41168771147883,144.40755849099654,1123.9612490815327
2026-01-22 23:00:00+00:00,ETHUSDT,1h,144.40755849099654,146.34021960573057,143.62005193811888,145.54650198279177,1639.6237051417245
2026-01-23 00:00:00+00:00,ETHUSDT,1h,145.54650198279177,147.4650461314337,143.0462592413041,144.9570332144983,1016.7218665495924
2026-01-23 01:00:00+00:00,ETHUSDT,1h,144.9570332144983,145.99685474431942,143.3303766607845,144.36595822732983,1382.8646714104527
2026-01-23 02:00:00+00:00,ETHUSDT,1h,144.36595822732983,146.16489772477067,142.97033818957792,144.76541603344546,650.5683822911816
2026-01-23 03:00:00+00:00,ETHUSDT,1h,144.76541603344546,147.4055443017348,142.5261988549184,145.1602203292949,944.763310308813
2026-01-23 04:00:00+00:00,ETHUSDT,1h,145.1602203292949,146.18525213420415,144.27035206303677,145.29456033031616,1118.0076411254497
2026-01-23 05:00:00+00:00,ETHUSDT,1h,145.29456033031616,147.1556167012073,143.84998160411402,145.7069379458696,920.852618674229
2026-01-23 06:00:00+00:00,ETHUSDT,1h,145.7069379458696,146.710403012062,143.95783204322998,144.95612636599506,866.0555157073787
2026-01-23 07:00:00+00:00,ETHUSDT,1h,144.95612636599506,146.8847339925514,143.02259828013882,144.9511395583769,1205.8379093453775
2026-01-23 08:00:00+00:00,ETHUSDT,1h,144.9511395583769,146.3300717618847,143.96507814728835,145.34135582045454,1277.934468258416
2026-01-23 09:00:00+00:00,ETHUSDT,1h,145.34135582045454,147.82528042209185,142.97945154699116,145.4614249368923,1131.807781731144
2026-01-23 10:00:00+00:00,ETHUSDT,1h,145.4614249368923,146.79471817903536,142.60097846970058,143.92014439991132,1530.288775143466
2026-01-23 11:00:00+00:00,ETHUSDT,1h,143.92014439991132,144.29010068824385,142.6724364199007,143.04013057425624,1059.7114479657134
2026-01-23 12:00:00+00:00,ETHUSDT,1h,143.04013057425624,143.76120258022618,141.6889192032212,142.40679855277128,1573.8234269613067
2026-01-23 13:00:00+00:00,ETHUSDT,1h,142.40679855277128,143.44197599490465,139.82121272024713,140.84503747519182,1137.5546790827857
2026-01-23 14:00:00+00:00,ETHUSDT,1h,140.84503747519182,141.66808174592686,139.7993357586365,140.62107125686424,791.4554517093568
2026-01-23 15:00:00+00:00,ETHUSDT,1h,140.62107125686424,141.60429852490117,139.67336359920048,140.65635308736103,1362.711571221641
2026-01-23 16:00:00+00:00,ETHUSDT,1h,140.65635308736103,142.1048156296559,138.6773976823073,140.12034042944072,1019.711698472782
2026-01-23 17:00:00+00:00,ETHUSDT,1h,140.12034042944072,142.89425915721634,139.48092438016516,142.24514690425306,903.4715557495506
2026-01-23 18:00:00+00:00,ETHUSDT,1h,142.24514690425306,144.53130497714065,140.8477827016513,143.12529452679328,1228.6742909532904
2026-01-23 19:00:00+00:00,ETHUSDT,1h,143.12529452679328,144.18422774776047,142.28310668915336,143.34077198265038,1752.899414367199
2026-01-23 20:00:00+00:00,ETHUSDT,1h,143.34077198265038,144.43564567963745,142.376710802455,143.47071057674273,1562.5894949923825
2026-01-23 21:00:00+00:00,ETHUSDT,1h,143.47071057674273,144.91361547658687,141.92989440578953,143.37180459440685,1244.0208142107465
2026-01-23 22:00:00+00:00,ETHUSDT,1h,143.37180459440685,145.31874156747634,142.0316330122644,143.9729507563286,1376.0643858805452
2026-01-23 23:00:00+00:00,ETHUSDT,1h,143.9729507563286,145.06341443582176,142.23032074917052,143.31580716582442,1259.7033065785126
2026-01-24 00:00:00+00:00,ETHUSDT,1h,143.31580716582442,145.1340804605016,141.31112967220133,143.12700763342153,1111.5308489504027
2026-01-24 01:00:00+00:00,ETHUSDT,1h,143.12700763342153,144.92655020320626,141.87887419734065,143.67364979566727,1582.7403724683863
2026-01-24 02:00:00+00:00,ETHUSDT,1h,143.67364979566727,145.44037203886052,142.14592480550792,143.9101324576611,1157.9567497318135
2026-01-24 03:00:00+00:00,ETHUSDT,1h,143.9101324576611,146.7065681261539,142.3034620487065,145.0867613604457,1197.0230707108135
2026-01-24 04:00:00+00:00,ETHUSDT,1h,145.0867613604457,145.28270514149213,144.27701417857023,144.47212787969036,1193.344004197694
2026-01-24 05:00:00+00:00,ETHUSDT,1h,144.47212787969036,145.74900836234772,143.40101123938933,144.67637741558576,700.8029756868331
2026-01-24 06:00:00+00:00,ETHUSDT,1h,144.67637741558576,147.73886782826702,143.40198580714312,146.4488631598424,1684.1700969946646
2026-01-24 07:00:00+00:00,ETHUSDT,1h,146.4488631598424,148.40837887712655,145.11163997743438,147.065524961647,1238.1788892658765
2026-01-24 08:00:00+00:00,ETHUSDT,1h,147.065524961647,148.17419086592713,145.35924056140922,146.4633670472988,1210.531514677844
2026-01-24 09:00:00+00:00,ETHUSDT,1h,146.4633670472988,148.05858240576083,144.56609666030909,146.1579859404372,1340.284544666144
2026-01-24 10:00:00+00:00,ETHUSDT,1h,146.1579859404372,147.60791611053494,145.42615041844928,146.872502892241,1130.560213945431
2026-01-24 11:00:00+00:00,ETHUSDT,1h,146.872502892241,147.54557576738955,145.31184299674527,145.98082959913847,1525.4915890826603
2026-01-24 12:00:00+00:00,ETHUSDT,1h,145.98082959913847,146.74708943495077,145.1680225619348,145.9340367801693,1351.474419315814
2026-01-24 13:00:00+00:00,ETHUSDT,1h,145.9340367801693,147.71569203389632,145.20030343535186,146.97671626092531,914.9378343524268
2026-01-24 14:00:00+00:00,ETHUSDT,1h,146.97671626092531,148.12426308768792,145.6316452802462,146.77763776629004,861.1722120744048
2026-01-24 15:00:00+00:00,ETHUSDT,1h,146.77763776629004,148.2972350580009,144.83973899056136,146.35496027802375,1351.0898045442975
2026-01-24 16:00:00+00:00,ETHUSDT,1h,146.35496027802375,147.68844530143014,145.41236069276698,146.74334432747264,1373.2897648037624
2026-01-24 17:00:00+00:00,ETHUSDT,1h,146.74334432747264,147.91795834802318,145.72022149379384,146.89378660185855,1398.143014180623
2026-01-24 18:00:00+00:00,ETHUSDT,1h,146.89378660185855,149.20660023037794,146.6741150213615,148.9838031450659,1102.3358271100835
2026-01-24 19:00:00+00:00,ETHUSDT,1h,148.9838031450659,151.97105040349817,148.33320826392625,151.31029599957682,1024.4922391584762
2026-01-24 20:00:00+00:00,ETHUSDT,1h,151.31029599957682,152.13787857645863,150.58764007667796,151.4147239072879,1460.3928291697423
2026-01-24 21:00:00+00:00,ETHUSDT,1h,151.4147239072879,152.09591320550626,148.9384669778833,149.61154407424087,1477.7470943862909
2026-01-24 22:00:00+00:00,ETHUSDT,1h,149.61154407424087,151.309733121422,147.47656271610754,149.16973696311584,1241.382500395125
2026-01-24 23:00:00+00:00,ETHUSDT,1h,149.16973696311584,149.38753602421158,148.93075353942316,149.14852162452524,1703.077642645993
2026-01-25 00:00:00+00:00,ETHUSDT,1h,149.14852162452524,152.0152930498704,147.8291813346654,150.68238449222994,1460.0180464359355
2026-01-25 01:00:00+00:00,ETHUSDT,1h,150.68238449222994,152.52929257634094,148.3116687852668,150.1520769101173,1715.4752749327251
2026-01-25 02:00:00+00:00,ETHUSDT,1h,150.1520769101173,151.23853737985976,148.52823375354112,149.61077752498448,1589.0918358084402
2026-01-25 03:00:00+00:00,ETHUSDT,1h,149.61077752498448,150.30133067779514,147.41047109006192,148.09402341478946,1620.1686016909457
2026-01-25 04:00:00+00:00,ETHUSDT,1h,148.09402341478946,150.37886930605,146.62296799623036,148.89980980730203,1567.9280792117922
2026-01-25 05:00:00+00:00,ETHUSDT,1h,148.89980980730203,150.5865307553042,146.5909512138989,148.27054390579852,1439.8676654260046
2026-01-25 06:00:00+00:00,ETHUSDT,1h,148.27054390579852,155.39135711054345,147.72333802790453,154.81997994546464,3446.8910363172163
2026-01-25 07:00:00+00:00,ETHUSDT,1h,154.81997994546464,155.693896636014,153.06029816785372,153.92918657202068,1530.0059555243545
2026-01-25 08:00:00+00:00,ETHUSDT,1h,153.92918657202068,155.75449446646724,152.6787041829684,154.49937996822123,866.0373011181159
2026-01-25 09:00:00+00:00,ETHUSDT,1h,154.49937996822123,156.05780323898284,153.3220276706145,154.87756897706925,1130.3714695689807
2026-01-25 10:00:00+00:00,ETHUSDT,1h,154.87756897706925,155.66909634935337,153.52875546275055,154.3174201017785,1401.3561261730342
2026-01-25 11:00:00+00:00,ETHUSDT,1h,154.3174201017785,155.41589396803155,152.5233848658219,153.61687203815902,1156.8772777114978
2026-01-25 12:00:00+00:00,ETHUSDT,1h,153.61687203815902,156.24989632211896,152.15971350885337,154.78168872929544,1368.2625570704854
2026-01-25 13:00:00+00:00,ETHUSDT,1h,154.78168872929544,155.74329046763933,151.84016266148424,152.78938696126173,1090.5365420180804
2026-01-25 14:00:00+00:00,ETHUSDT,1h,152.78938696126173,155.38497232351284,150.3136653707895,152.90733949019614,1268.682258949841
2026-01-25 15:00:00+00:00,ETHUSDT,1h,152.90733949019614,154.5583486166588,151.74731737993952,153.39462970917833,1546.5641162400152
2026-01-25 16:00:00+00:00,ETHUSDT,1h,153.39462970917833,155.56921451042774,151.60652462159842,153.77665618039686,1607.842827649994
2026-01-25 17:00:00+00:00,ETHUSDT,1h,153.77665618039686,155.5417614669297,151.88925956797226,153.65294485013993,629.3364731261073
2026-01-25 18:00:00+00:00,ETHUSDT,1h,153.65294485013993,154.82207044402085,153.11786712916276,154.2847923907146,1470.1197183361398
2026-01-25 19:00:00+00:00,ETHUSDT,1h,154.2847923907146,156.30611923948814,153.4461830430825,155.46111602773917,1103.8931953873823
2026-01-25 20:00:00+00:00,ETHUSDT,1h,155.46111602773917,157.06214046544062,153.27398413057256,154.8689097004258,833.3678871505062
2026-01-25 21:00:00+00:00,ETHUSDT,1h,154.8689097004258,156.62309759514267,152.83082425555574,154.58175962406256,910.8604674386276
2026-01-25 22:00:00+00:00,ETHUSDT,1h,154.58175962406256,155.54215664129794,153.87861269444016,154.83784485532686,1436.7713142581154
2026-01-25 23:00:00+00:00,ETHUSDT,1h,154.83784485532686,155.51030098112577,152.85514659281327,153.5218875554463,1326.9720544016895
2026-01-26 00:00:00+00:00,ETHUSDT,1h,153.5218875554463,155.3788834402157,152.08362023603993,153.9367296790866,1365.4374531897868
2026-01-26 01:00:00+00:00,ETHUSDT,1h,153.9367296790866,155.21278147827914,152.73185434619165,154.00735336801338,1594.0275294286396
2026-01-26 02:00:00+00:00,ETHUSDT,1h,154.00735336801338,156.03770019573983,152.3466840329613,154.37308713438298,932.6765882101168
2026-01-26 03:00:00+00:00,ETHUSDT,1h,154.37308713438298,156.12291575657682,153.99011451005316,155.73656059311153,1220.2561885808605
2026-01-26 04:00:00+00:00,ETHUSDT,1h,155.73656059311153,157.77920146510422,154.7892384895194,156.82525698490304,1072.0417613421082
2026-01-26 05:00:00+00:00,ETHUSDT,1h,156.82525698490304,158.94478662410614,154.86156458287218,156.9791670325588,1638.53185521712
2026-01-26 06:00:00+00:00,ETHUSDT,1h,156.9791670325588,158.42582171977605,154.11543958151344,155.5489136486468,1173.9357234275772
2026-01-26 07:00:00+00:00,ETHUSDT,1h,155.5489136486468,156.3914518192362,153.48153084668152,154.3173984560107,957.801283970212
2026-01-26 08:00:00+00:00,ETHUSDT,1h,154.3173984560107,154.87243379814282,152.8231260165109,153.3747709985242,1556.3777445620883
2026-01-26 09:00:00+00:00,ETHUSDT,1h,153.3747709985242,154.95192112516204,151.64543026369012,153.22099915713332,1457.549891349776
2026-01-26 10:00:00+00:00,ETHUSDT,1h,153.22099915713332,154.76371554759177,150.3371325985897,151.86620818095997,948.7538994411314
2026-01-26 11:00:00+00:00,ETHUSDT,1h,151.86620818095997,153.1679524706126,149.6300731028994,150.92373887361282,1173.5772802397075
2026-01-26 12:00:00+00:00,ETHUSDT,1h,150.92373887361282,152.46013127471355,148.9258908724873,150.45753737713784,1303.9715841549134
2026-01-26 13:00:00+00:00,ETHUSDT,1h,150.45753737713784,152.4131179008219,145.52343077178398,147.43978792280672,1905.34731971668
2026-01-26 14:00:00+00:00,ETHUSDT,1h,147.43978792280672,149.6575126616323,145.83728074841574,148.0483906497539,1398.279444974978
2026-01-26 15:00:00+00:00,ETHUSDT,1h,148.0483906497539,149.26796870371646,146.04054166694752,147.25357224628024,1368.1211015518452
2026-01-26 16:00:00+00:00,ETHUSDT,1h,147.25357224628024,148.9933188918261,145.875839443497,147.61223041409897,1199.0999982895908
2026-01-26 17:00:00+00:00,ETHUSDT,1h,147.61223041409897,150.37242265061926,145.56284657276333,148.31330539001897,1679.3387903351536
2026-01-26 18:00:00+00:00,ETHUSDT,1h,148.31330539001897,149.73259927620367,147.4244580908754,148.84059192871135,1090.023377752573
2026-01-26 19:00:00+00:00,ETHUSDT,1h,148.84059192871135,149.58437259577497,148.1531049293794,148.89662677438773,1329.9540379461234
2026-01-26 20:00:00+00:00,ETHUSDT,1h,148.89662677438773,150.56791675905524,147.34481026055673,149.0148679233673,1635.5952384238758
2026-01-26 21:00:00+00:00,ETHUSDT,1h,149.0148679233673,150.869696408579,147.64891783371502,149.49930570278252,1415.0966303998066
2026-01-26 22:00:00+00:00,ETHUSDT,1h,149.49930570278252,150.93819175118648,147.53856117060846,148.97237567529203,1707.5607721313884
2026-01-26 23:00:00+00:00,ETHUSDT,1h,148.97237567529203,150.9601716940444,147.82379956494395,149.80517470821786,1379.9089506669957
2026-01-27 00:00:00+00:00,ETHUSDT,1h,149.80517470821786,152.30161801245953,148.20981519589375,150.6967634702385,1594.9278161179643
2026-01-27 01:00:00+00:00,ETHUSDT,1h,150.6967634702385,152.30556646651,147.674306972206,149.26785528270617,1477.7771491204342
2026-01-27 02:00:00+00:00,ETHUSDT,1h,149.26785528270617,150.70863260194432,147.9603632859804,149.3999832478183,1118.60638269548
2026-01-27 03:00:00+00:00,ETHUSDT,1h,149.3999832478183,150.5100233195951,147.94941701194168,149.05690803905944,1072.6595538017866
2026-01-27 04:00:00+00:00,ETHUSDT,1h,149.05690803905944,150.41761473756455,147.25525144972647,148.6118957318342,1295.4380163090846
2026-01-27 05:00:00+00:00,ETHUSDT,1h,148.6118957318342,150.8481228911152,145.18452860312323,147.40255834219008,587.0158210130476
2026-01-27 06:00:00+00:00,ETHUSDT,1h,147.40255834219008,148.86780590678356,146.51059964985987,147.9723990087944,1374.4640437571304
2026-01-27 07:00:00+00:00,ETHUSDT,1h,147.9723990087944,149.88695789085875,146.60965712799717,148.51918046294458,1343.3002509375644
2026-01-27 08:00:00+00:00,ETHUSDT,1h,148.51918046294458,150.35482983225708,146.61110815257123,148.44585119569228,1052.3391777442278
2026-01-27 09:00:00+00:00,ETHUSDT,1h,148.44585119569228,150.6274180544733,147.48211503443218,149.65582652394102,1367.459950887758
2026-01-27 10:00:00+00:00,ETHUSDT,1h,149.65582652394102,151.47613130225943,148.46234359269457,150.27768910949487,1047.9584534010914
2026-01-27 11:00:00+00:00,ETHUSDT,1h,150.27768910949487,151.52595977833738,148.78718899517102,150.03343074975564,979.596574125724
2026-01-27 12:00:00+00:00,ETHUSDT,1h,150.03343074975564,150.84762600628636,149.36983841664525,150.18337049520946,1103.3829339698698
2026-01-27 13:00:00+00:00,ETHUSDT,1h,150.18337049520946,151.26431057342856,149.45830604914633,150.53753626424083,1557.135328447557
2026-01-27 14:00:00+00:00,ETHUSDT,1h,150.53753626424083,151.39672770514423,149.9105506537803,150.76877897375724,1059.5491030801911
2026-01-27 15:00:00+00:00,ETHUSDT,1h,150.76877897375724,153.634184727169,148.75849258488662,151.61264656885396,1605.7894065766625
2026-01-27 16:00:00+00:00,ETHUSDT,1h,151.61264656885396,153.29846833920428,148.79515732650384,150.4682542915122,1779.8471744125943
2026-01-27 17:00:00+00:00,ETHUSDT,1h,150.4682542915122,153.29988542901518,149.0577770558148,151.87621012926516,1576.5979620049077
2026-01-27 18:00:00+00:00,ETHUSDT,1h,151.87621012926516,153.5290989779304,150.80347495184117,152.45229478747592,1140.1722928887257
2026-01-27 19:00:00+00:00,ETHUSDT,1h,152.45229478747592,153.9971835868694,149.37953841392522,150.90878592993158,990.8619425704738
2026-01-27 20:00:00+00:00,ETHUSDT,1h,150.90878592993158,153.54173822214526,148.96423400833126,151.5884286882983,1400.8946742337696
2026-01-27 21:00:00+00:00,ETHUSDT,1h,151.5884286882983,152.71344484774184,150.23255388697385,151.35584391447406,1612.6142567280692
2026-01-27 22:00:00+00:00,ETHUSDT,1h,151.35584391447406,153.36616646508855,148.3484329299991,150.34533379012538,1125.601981895329
2026-01-27 23:00:00+00:00,ETHUSDT,1h,150.34533379012538,152.29547675395352,147.97983675544933,149.92452132258515,895.4328220494879
2026-01-28 00:00:00+00:00,ETHUSDT,1h,149.92452132258515,151.4644463635868,147.8851712601216,149.41991330291506,1475.9880121722658
2026-01-28 01:00:00+00:00,ETHUSDT,1h,149.41991330291506,151.0400849518565,148.21396998526433,149.83082523223263,1091.721618517125
2026-01-28 02:00:00+00:00,ETHUSDT,1h,149.83082523223263,150.50858825393777,149.17470742772412,149.8523760770399,1290.0138022081062
2026-01-28 03:00:00+00:00,ETHUSDT,1h,149.8523760770399,151.04386650491594,148.2668873774082,149.45521997955657,1489.8619450899305
2026-01-28 04:00:00+00:00,ETHUSDT,1h,149.45521997955657,150.77125366711874,146.6112868830568,147.91374707164346,1285.7254711657465
2026-01-28 05:00:00+00:00,ETHUSDT,1h,147.91374707164346,149.51919724450116,145.50769936579317,147.1043645314095,1138.4389381079548
2026-01-28 06:00:00+00:00,ETHUSDT,1h,147.1043645314095,147.9966743127163,146.1828632906648,147.07499492096463,578.9896016382277
2026-01-28 07:00:00+00:00,ETHUSDT,1h,147.07499492096463,148.10970475763696,139.1058667415437,140.0914455397036,1831.7031763352693
2026-01-28 08:00:00+00:00,ETHUSDT,1h,140.0914455397036,140.62705767387308,139.3689178953533,139.90381265201964,1655.183200410533
2026-01-28 09:00:00+00:00,ETHUSDT,1h,139.90381265201964,140.737852408068,138.65477159240547,139.4863224712609,1192.6675393392927
2026-01-28 10:00:00+00:00,ETHUSDT,1h,139.4863224712609,143.01771353438355,137.60424015802798,141.11367345178937,1179.9695244857285
2026-01-28 11:00:00+00:00,ETHUSDT,1h,141.11367345178937,142.90153668414183,139.4194290429714,141.20618160043475,1194.7263466923346
2026-01-28 12:00:00+00:00,ETHUSDT,1h,141.20618160043475,142.77247379611015,140.05648872685143,141.6194163878807,1837.6876009434875
2026-01-28 13:00:00+00:00,ETHUSDT,1h,141.6194163878807,144.12297469313285,140.53835608976547,143.03113793403176,1094.0994720974418
2026-01-28 14:00:00+00:00,ETHUSDT,1h,143.03113793403176,144.41166340909774,141.90888720200758,143.28740197845508,947.3691769582884
2026-01-28 15:00:00+00:00,ETHUSDT,1h,143.28740197845508,144.92193278389706,141.7064951899453,143.34044081169102,1202.7914368406728
2026-01-28 16:00:00+00:00,ETHUSDT,1h,143.34044081169102,144.20507555452684,142.53185363248775,143.3961739830449,1312.8654982470905
2026-01-28 17:00:00+00:00,ETHUSDT,1h,143.3961739830449,144.8641286791867,142.12449129385678,143.59072068819796,881.1111277641816
2026-01-28 18:00:00+00:00,ETHUSDT,1h,143.59072068819796,144.142337265466,142.5233808913062,143.07300863147273,1211.464420703646
2026-01-28 19:00:00+00:00,ETHUSDT,1h,143.07300863147273,144.589951550515,140.5609820496858,142.06726145453348,1097.0086525221666
2026-01-28 20:00:00+00:00,ETHUSDT,1h,142.06726145453348,144.216836192751,139.96822531981962,142.11706422478954,1156.8869142335104
2026-01-28 21:00:00+00:00,ETHUSDT,1h,142.11706422478954,143.54571296151792,140.8341543041678,142.26149920681868,1436.3737181145457
2026-01-28 22:00:00+00:00,ETHUSDT,1h,142.26149920681868,143.75520247472468,140.82804942088404,142.32115162144953,1215.517389802587
2026-01-28 23:00:00+00:00,ETHUSDT,1h,142.32115162144953,144.25032618989738,141.07814286807303,143.0013764683003,1639.7261495037949
2026-01-29 00:00:00+00:00,ETHUSDT,1h,143.0013764683003,145.06559061692465,141.81248757599616,143.86948442411975,1323.991196687966
2026-01-29 01:00:00+00:00,ETHUSDT,1h,143.86948442411975,145.337950036356,141.87405443524253,143.33708589347887,1354.407236121693
2026-01-29 02:00:00+00:00,ETHUSDT,1h,143.33708589347887,145.0997208551838,140.21424849901933,141.95994862292557,934.8531168721714
2026-01-29 03:00:00+00:00,ETHUSDT,1h,141.95994862292557,143.2416829686873,139.72629550235143,140.99935681373947,915.7534135074684
2026-01-29 04:00:00+00:00,ETHUSDT,1h,140.99935681373947,142.43469072282724,139.84494829020306,141.27800084811602,1270.1177314138606
2026-01-29 05:00:00+00:00,ETHUSDT,1h,141.27800084811602,142.4244227949236,138.83618669546584,139.9720109877965,741.8050666460236
2026-01-29 06:00:00+00:00,ETHUSDT,1h,139.9720109877965,142.0864183773006,139.2980534444062,141.40555838196087,1124.1865610840996
2026-01-29 07:00:00+00:00,ETHUSDT,1h,141.40555838196087,150.102432300769,139.83904161676995,148.4577896217488,3404.652707833883
2026-01-29 08:00:00+00:00,ETHUSDT,1h,148.4577896217488,150.2086933669042,145.43852240252863,147.17428860084237,1243.9116154463768
2026-01-29 09:00:00+00:00,ETHUSDT,1h,147.17428860084237,148.95930101705636,144.90269811150787,146.68173658022886,1203.745592667227
2026-01-29 10:00:00+00:00,ETHUSDT,1h,146.68173658022886,148.04025646083815,146.41936605964943,147.7759287520196,1155.787243709361
2026-01-29 11:00:00+00:00,ETHUSDT,1h,147.7759287520196,150.8109376393459,146.15515820889874,149.17482434862714,1295.5804390525946
2026-01-29 12:00:00+00:00,ETHUSDT,1h,149.17482434862714,150.87212066927844,147.106389230477,148.79941417145525,1718.981512830752
2026-01-29 13:00:00+00:00,ETHUSDT,1h,148.79941417145525,149.2659614341152,147.4723609089975,147.9362016459422,1278.4856650302418
2026-01-29 14:00:00+00:00,ETHUSDT,1h,147.9362016459422,149.3868829782135,146.82532998479954,148.2734786612765,885.6236329056874
2026-01-29 15:00:00+00:00,ETHUSDT,1h,148.2734786612765,149.67164682769754,146.35463523347013,147.74784687198286,969.5738490572372
2026-01-29 16:00:00+00:00,ETHUSDT,1h,147.74784687198286,149.86564111593052,146.62271104694184,148.73300308646728,1398.9619192589423
2026-01-29 17:00:00+00:00,ETHUSDT,1h,148.73300308646728,150.09297996923465,147.4471729850887,148.80651434655914,759.4117254639934
2026-01-29 18:00:00+00:00,ETHUSDT,1h,148.80651434655914,149.8902599882272,147.05232262679013,148.13114964270076,1299.9360799926717
2026-01-29 19:00:00+00:00,ETHUSDT,1h,148.13114964270076,149.91660530128934,146.49100175887094,148.27486614968518,1037.6335581399176
2026-01-29 20:00:00+00:00,ETHUSDT,1h,148.27486614968518,148.6102413171408,146.65115215235707,146.9836066875465,1035.478375214472
2026-01-29 21:00:00+00:00,ETHUSDT,1h,146.9836066875465,148.25445886353057,145.5627456600821,146.83228951493834,1280.1502204389983
2026-01-29 22:00:00+00:00,ETHUSDT,1h,146.83228951493834,148.3260473814929,144.71115019158626,146.19845996777008,1230.5098894548505
2026-01-29 23:00:00+00:00,ETHUSDT,1h,146.19845996777008,147.22895090967495,145.41619063359315,146.44536047610816,1491.8553708984348
2026-01-30 00:00:00+00:00,ETHUSDT,1h,146.44536047610816,148.19596552356631,144.4444696788492,146.19204661726766,1391.8322178234223
2026-01-30 01:00:00+00:00,ETHUSDT,1h,146.19204661726766,147.39464539989575,145.12579728716372,146.32740880784178,1259.1885325693502
2026-01-30 02:00:00+00:00,ETHUSDT,1h,146.32740880784178,148.00558633104347,144.12812922957232,145.80026108112858,1202.9313991398542
2026-01-30 03:00:00+00:00,ETHUSDT,1h,145.80026108112858,146.69024727233125,143.84421719746214,144.72765605014075,1557.9855679474183
2026-01-30 04:00:00+00:00,ETHUSDT,1h,144.72765605014075,146.16228906017733,143.53850956612231,144.97114198791806,983.3387927676412
2026-01-30 05:00:00+00:00,ETHUSDT,1h,144.97114198791806,146.7148081275383,143.89659906291223,145.63534207442603,1217.0809852411212
2026-01-30 06:00:00+00:00,ETHUSDT,1h,145.63534207442603,146.81193552274934,144.72473864022172,145.89967928662355,1074.0053532786987
2026-01-30 07:00:00+00:00,ETHUSDT,1h,145.89967928662355,147.65203023216748,142.46324000705883,144.19511805297662,1477.024992463077
2026-01-30 08:00:00+00:00,ETHUSDT,1h,144.19511805297662,148.23196688908342,142.0038233177975,146.0130455941176,1433.639474231605
2026-01-30 09:00:00+00:00,ETHUSDT,1h,146.0130455941176,147.0872185441765,144.5443667457272,145.6156159282909,989.4553395336326
2026-01-30 10:00:00+00:00,ETHUSDT,1h,145.6156159282909,146.75608369624638,143.98205587090268,145.11863123334834,1106.2297434571042
2026-01-30 11:00:00+00:00,ETHUSDT,1h,145.11863123334834,146.1652106476812,144.0998370443441,145.1462227545247,1282.0036421350817
2026-01-30 12:00:00+00:00,ETHUSDT,1h,145.1462227545247,146.60685827879425,142.22186389793413,143.66761994585465,1126.8551449987465
2026-01-30 13:00:00+00:00,ETHUSDT,1h,143.66761994585465,145.35167212843334,141.90931661837115,143.59248811591982,886.7448656821075
2026-01-30 14:00:00+00:00,ETHUSDT,1h,143.59248811591982,145.60287602818127,142.2749839572092,144.27907225401643,1291.1121804243394
2026-01-30 15:00:00+00:00,ETHUSDT,1h,144.27907225401643,145.33383277233077,142.95657142972215,144.00936020245442,1174.9422354941717
2026-01-30 16:00:00+00:00,ETHUSDT,1h,144.00936020245442,145.58911520658896,143.0462138843036,144.62187235731028,1204.4394643394758
2026-01-30 17:00:00+00:00,ETHUSDT,1h,144.62187235731028,146.44671371160757,142.48949974301533,144.31041107329852,1789.936384203163
2026-01-30 18:00:00+00:00,ETHUSDT,1h,144.31041107329852,146.5703756083943,142.901670657215,145.1534059801081,1057.232376369844
2026-01-30 19:00:00+00:00,ETHUSDT,1h,145.1534059801081,147.0349450341944,143.80300880938557,145.67965206908892,907.5853926999188
2026-01-30 20:00:00+00:00,ETHUSDT,1h,145.67965206908892,146.89997816914578,144.69566561721078,145.91440608217638,1077.504856135584
2026-01-30 21:00:00+00:00,ETHUSDT,1h,145.91440608217638,147.8313726791445,143.98581107552923,145.90262286923826,1583.1434872095715
2026-01-30 22:00:00+00:00,ETHUSDT,1h,145.90262286923826,146.64885211409143,144.53060510519333,145.27361725652102,1427.130916109145
2026-01-30 23:00:00+00:00,ETHUSDT,1h,145.27361725652102,146.72409593224495,142.05625594677008,143.48891533688774,770.1619017107816
2026-01-31 00:00:00+00:00,ETHUSDT,1h,143.48891533688774,145.22378036479734,141.92737952438975,143.66037858238974,1232.4792076391643
2026-01-31 01:00:00+00:00,ETHUSDT,1h,143.66037858238974,147.34459344433253,142.26419275163389,145.9263850754956,1216.4698547075914
2026-01-31 02:00:00+00:00,ETHUSDT,1h,145.9263850754956,146.69994407139563,144.5001427502581,145.2702234186979,1344.3626450962486
2026-01-31 03:00:00+00:00,ETHUSDT,1h,145.2702234186979,147.65092995770166,144.48576994421168,146.85790307571315,1121.6411000304593
2026-01-31 04:00:00+00:00,ETHUSDT,1h,146.85790307571315,148.6512218559248,145.7961204829468,147.58418822178223,1059.540618771532
2026-01-31 05:00:00+00:00,ETHUSDT,1h,147.58418822178223,148.45396962009687,145.7747644392809,146.63897526354947,1211.0645526274675
2026-01-31 06:00:00+00:00,ETHUSDT,1h,146.63897526354947,149.2323498944607,144.92968154993974,147.512869651782,1214.4059860827715
2026-01-31 07:00:00+00:00,ETHUSDT,1h,147.512869651782,148.6906343681945,145.11278975651808,146.2807167809385,1465.9290625469807
2026-01-31 08:00:00+00:00,ETHUSDT,1h,146.2807167809385,147.05762285138155,145.31061963780826,146.08649417982338,902.1157930368498
2026-01-31 09:00:00+00:00,ETHUSDT,1h,146.08649417982338,147.98426352135112,144.8493218696959,146.74154374980844,1485.3718994012236
2026-01-31 10:00:00+00:00,ETHUSDT,1h,146.74154374980844,149.55478548711653,144.89558556682215,147.69681037828423,1808.392042887712
2026-01-31 11:00:00+00:00,ETHUSDT,1h,147.69681037828423,148.5707631597186,146.91764611209956,147.79110146744125,1517.739067900743
2026-01-31 12:00:00+00:00,ETHUSDT,1h,147.79110146744125,149.76858567656464,146.26583945830947,148.2387042317242,1133.146387679777
2026-01-31 13:00:00+00:00,ETHUSDT,1h,148.2387042317242,149.5575963356222,147.04923110671098,148.3670930140291,1273.1309510771332
2026-01-31 14:00:00+00:00,ETHUSDT,1h,148.3670930140291,149.9569024952659,147.27216536074727,148.85834944072076,1046.7836956044623
2026-01-31 15:00:00+00:00,ETHUSDT,1h,148.85834944072076,150.27029139469454,146.17501269048648,147.57477980966092,686.4759644141483
2026-01-31 16:00:00+00:00,ETHUSDT,1h,147.57477980966092,152.04519638959678,146.08130224981588,150.5218936228164,1152.7103546435385
2026-01-31 17:00:00+00:00,ETHUSDT,1h,150.5218936228164,152.26975141206597,148.40444561884146,150.14796131216,1080.3314181454489
2026-01-31 18:00:00+00:00,ETHUSDT,1h,150.14796131216,150.82421105604178,149.1524635229567,149.8272689038442,1490.8388818825947
2026-01-31 19:00:00+00:00,ETHUSDT,1h,149.8272689038442,152.14905233686454,148.43908784025567,150.75230066008507,1245.7370253334448
2026-01-31 20:00:00+00:00,ETHUSDT,1h,150.75230066008507,151.3797210919407,149.8037448032315,150.42982310627588,1096.4771534158665
2026-01-31 21:00:00+00:00,ETHUSDT,1h,150.42982310627588,151.153896799365,147.91387417512033,148.62928120225794,1223.253009278378
2026-01-31 22:00:00+00:00,ETHUSDT,1h,148.62928120225794,151.7106748057063,146.67792961370805,149.74467917402794,1858.012613528536
2026-01-31 23:00:00+00:00,ETHUSDT,1h,149.74467917402794,150.7189098264523,148.76482558319003,149.7390194135236,1172.3985123734726
2026-02-01 00:00:00+00:00,ETHUSDT,1h,149.7390194135236,153.3513482892798,147.66992222717434,151.26121733729298,1252.4237768234923
2026-02-01 01:00:00+00:00,ETHUSDT,1h,151.26121733729298,152.90297374273644,149.611983923812,151.25365828494276,1054.8486706371175
2026-02-01 02:00:00+00:00,ETHUSDT,1h,151.25365828494276,151.91648809501942,148.71437632381276,149.3689468764333,1297.1237558006717
2026-02-01 03:00:00+00:00,ETHUSDT,1h,149.3689468764333,150.10387110288565,148.01959161822884,148.75147777679692,1324.0762772335204
2026-02-01 04:00:00+00:00,ETHUSDT,1h,148.75147777679692,150.59164968075768,145.87352463035958,147.7006975627741,1046.0377258902768
2026-02-01 05:00:00+00:00,ETHUSDT,1h,147.7006975627741,148.27390606129086,146.9925658432376,147.56524868106766,1580.7835043423122
2026-02-01 06:00:00+00:00,ETHUSDT,1h,147.56524868106766,150.02264633191658,146.6663765520847,149.11433815100222,1225.5866512744544
2026-02-01 07:00:00+00:00,ETHUSDT,1h,149.11433815100222,152.12136884633983,147.29632432176754,150.28903304386745,1536.8060877293883
2026-02-01 08:00:00+00:00,ETHUSDT,1h,150.28903304386745,151.13567458145582,148.6850706198015,149.5274216792109,1044.1076836100406
2026-02-01 09:00:00+00:00,ETHUSDT,1h,149.5274216792109,151.30669906386026,148.32620586866784,150.10087645321707,1024.1433491772991
2026-02-01 10:00:00+00:00,ETHUSDT,1h,150.10087645321707,151.40027722675526,149.9961115670228,151.29467911025313,1420.488129097212
2026-02-01 11:00:00+00:00,ETHUSDT,1h,151.29467911025313,152.26698146776567,149.4388944565902,150.4054823493775,1126.723249892882
2026-02-01 12:00:00+00:00,ETHUSDT,1h,150.4054823493775,152.44201174842158,149.9605660102949,151.99240112505447,1068.00286948056
2026-02-01 13:00:00+00:00,ETHUSDT,1h,151.99240112505447,154.22279733839068,150.96886314126223,153.19118656658574,1473.4327662026492
2026-02-01 14:00:00+00:00,ETHUSDT,1h,153.19118656658574,155.4351718445954,152.11939837645045,154.35523946433753,1331.2241158475497
2026-02-01 15:00:00+00:00,ETHUSDT,1h,154.35523946433753,156.64219544140002,153.22015663576147,155.49870391309096,1313.7020713233733
2026-02-01 16:00:00+00:00,ETHUSDT,1h,155.49870391309096,157.04047705245304,153.45344521761416,154.99017629422158,1591.0111597998025
2026-02-01 17:00:00+00:00,ETHUSDT,1h,154.99017629422158,156.75482664579232,153.32537440090283,155.08896364414323,1034.67681337953
2026-02-01 18:00:00+00:00,ETHUSDT,1h,155.08896364414323,155.80099856783798,153.7719053656909,154.48114973148424,1486.2813804434918
2026-02-01 19:00:00+00:00,ETHUSDT,1h,154.48114973148424,157.3626691957845,153.02808654904734,155.89629503308157,1339.3364723147693
2026-02-01 20:00:00+00:00,ETHUSDT,1h,155.89629503308157,157.18228875906811,154.52786370978788,155.81317174903796,1055.257324577767
2026-02-01 21:00:00+00:00,ETHUSDT,1h,155.81317174903796,156.8190270454011,154.53444347759628,155.5385257910442,1160.8430945976154
2026-02-01 22:00:00+00:00,ETHUSDT,1h,155.5385257910442,157.0073967671043,153.14413887125588,154.60418615319364,1515.0129456391332
2026-02-01 23:00:00+00:00,ETHUSDT,1h,154.60418615319364,157.30776191250013,152.12868106917085,154.8286625375048,1575.319881092665
2026-02-02 00:00:00+00:00,ETHUSDT,1h,154.8286625375048,155.4421057016162,153.3669289124296,153.9769977144866,1285.8857999511108
2026-02-02 01:00:00+00:00,ETHUSDT,1h,153.9769977144866,155.90769437042343,152.52412058273134,154.45035083180477,753.2287340096967
2026-02-02 02:00:00+00:00,ETHUSDT,1h,154.45035083180477,156.62820833053354,153.04135841690285,155.21226525711717,1358.8959575953274
2026-02-02 03:00:00+00:00,ETHUSDT,1h,155.21226525711717,157.83661959311866,153.7355612347235,156.34909962214735,1019.369410360892
2026-02-02 04:00:00+00:00,ETHUSDT,1h,156.34909962214735,157.11875808990428,155.8550703100446,156.62386059260854,1394.9920179857268
2026-02-02 05:00:00+00:00,ETHUSDT,1h,156.62386059260854,158.0310608806615,155.18978316272185,156.59673978156007,1463.211788233317
2026-02-02 06:00:00+00:00,ETHUSDT,1h,156.59673978156007,158.19598191008168,153.58019276305097,155.1648113413647,1165.7786311357902
2026-02-02 07:00:00+00:00,ETHUSDT,1h,155.1648113413647,157.05966681747176,154.43402365305258,156.32342235928945,1594.408979783075
2026-02-02 08:00:00+00:00,ETHUSDT,1h,156.32342235928945,163.65522428085754,154.73988758288573,162.01404428670318,3882.519661053375
2026-02-02 09:00:00+00:00,ETHUSDT,1h,162.01404428670318,162.63726243480042,161.1790607903254,161.80146119672474,1086.626620029357
2026-02-02 10:00:00+00:00,ETHUSDT,1h,161.80146119672474,162.7197193447002,160.19503222584555,161.10936256499224,1087.5613790715297
2026-02-02 11:00:00+00:00,ETHUSDT,1h,161.10936256499224,162.48003361015188,160.33173905736737,161.69956140098824,1218.6856951087243
2026-02-02 12:00:00+00:00,ETHUSDT,1h,161.69956140098824,162.70212780497067,159.03432987795534,160.02652314341415,1438.4829375383192
2026-02-02 13:00:00+00:00,ETHUSDT,1h,160.02652314341415,160.90626012425236,159.53956513728377,160.41811052433806,1085.5876977412283
2026-02-02 14:00:00+00:00,ETHUSDT,1h,160.41811052433806,161.19583234433503,158.10469025320234,158.87493059433243,1414.300684357432
2026-02-02 15:00:00+00:00,ETHUSDT,1h,158.87493059433243,160.97197291170193,158.15875660092755,160.24960219458555,1540.000347983812
2026-02-02 16:00:00+00:00,ETHUSDT,1h,160.24960219458555,162.1514718553961,157.813605618896,159.70906003296963,994.9736296474202
2026-02-02 17:00:00+00:00,ETHUSDT,1h,159.70906003296963,162.6517935738738,158.19484973778648,161.1241665764914,1362.5041073535258
2026-02-02 18:00:00+00:00,ETHUSDT,1h,161.1241665764914,162.46412162076882,152.18480961719007,153.46103585602492,1008.0177888332258
2026-02-02 19:00:00+00:00,ETHUSDT,1h,153.46103585602492,155.39339727701966,152.49541222162347,154.4217286704736,1173.200286491434
2026-02-02 20:00:00+00:00,ETHUSDT,1h,154.4217286704736,155.17041766106195,153.40014005039498,154.1474994847478,702.671406467887
2026-02-02 21:00:00+00:00,ETHUSDT,1h,154.1474994847478,156.6224398868952,152.82121696761442,155.28635864452696,1370.5393994913609
2026-02-02 22:00:00+00:00,ETHUSDT,1h,155.28635864452696,157.93898136251528,153.69048751060757,156.33236051302185,1209.7457035958146
2026-02-02 23:00:00+00:00,ETHUSDT,1h,156.33236051302185,157.33309574889998,154.57146152493948,155.5672993508374,1736.7972624215472
2026-02-03 00:00:00+00:00,ETHUSDT,1h,155.5672993508374,158.23414982430714,154.30500908671445,156.96055453361373,1291.29837274882
2026-02-03 01:00:00+00:00,ETHUSDT,1h,156.96055453361373,158.769597965692,155.57138359043688,157.37674356389425,1254.1651938272094
2026-02-03 02:00:00+00:00,ETHUSDT,1h,157.37674356389425,158.1114265704723,156.6960098752451,157.4304605288916,1337.0179374865263
2026-02-03 03:00:00+00:00,ETHUSDT,1h,157.4304605288916,158.7768109612812,156.5046703418057,157.84856207397718,987.1328886262838
2026-02-03 04:00:00+00:00,ETHUSDT,1h,157.84856207397718,160.26624253383326,155.31056383983866,157.72637279302353,1042.8233468457386
2026-02-03 05:00:00+00:00,ETHUSDT,1h,157.72637279302353,158.11403368955737,157.2071802807476,157.59451710151222,1358.807880086331
2026-02-03 06:00:00+00:00,ETHUSDT,1h,157.59451710151222,159.04383418276194,156.49893161511378,157.94580655791202,1302.8578851540192
2026-02-03 07:00:00+00:00,ETHUSDT,1h,157.94580655791202,163.0896028233089,156.19339165443168,161.29997330849713,936.1620441431804
2026-02-03 08:00:00+00:00,ETHUSDT,1h,161.29997330849713,162.89524557084306,160.32109373689934,161.91264786713904,1608.6214311762362
2026-02-03 09:00:00+00:00,ETHUSDT,1h,161.91264786713904,163.14346083997006,160.1294975436007,161.3560796462959,1549.407115397233
2026-02-03 10:00:00+00:00,ETHUSDT,1h,161.3560796462959,162.54384218813146,159.1812107733636,160.36165321628025,1244.2812639564138
2026-02-03 11:00:00+00:00,ETHUSDT,1h,160.36165321628025,162.65890706797882,159.2110522247628,161.50013740886197,1766.469562236035
2026-02-03 12:00:00+00:00,ETHUSDT,1h,161.50013740886197,162.89645391186326,159.19625071278958,160.58465200657824,1054.0484713703393
2026-02-03 13:00:00+00:00,ETHUSDT,1h,160.58465200657824,161.53392010186585,159.9116526881813,160.85976779198592,1546.337527364328
2026-02-03 14:00:00+00:00,ETHUSDT,1h,160.85976779198592,161.8732468169466,160.32789733793393,161.3397892089871,1547.2480513630155
2026-02-03 15:00:00+00:00,ETHUSDT,1h,161.3397892089871,163.66190885214615,160.3906624467704,162.70475230995442,1394.3242105617528
2026-02-03 16:00:00+00:00,ETHUSDT,1h,162.70475230995442,163.45402845366,161.79109802059935,162.5396136798434,1416.198292325655
2026-02-03 17:00:00+00:00,ETHUSDT,1h,162.5396136798434,163.3221351906414,160.55259969972434,161.3292943175299,859.2580193681995
2026-02-03 18:00:00+00:00,ETHUSDT,1h,161.3292943175299,163.5864584829734,159.92676262486268,162.17656099617705,908.4845638694268
2026-02-03 19:00:00+00:00,ETHUSDT,1h,162.17656099617705,163.75095322599407,158.71493808315876,160.270829682839,984.194496591144
2026-02-03 20:00:00+00:00,ETHUSDT,1h,160.270829682839,162.27205682837032,158.8872400969125,160.8831809230273,1469.851654228086
2026-02-03 21:00:00+00:00,ETHUSDT,1h,160.8831809230273,162.61577096565517,159.08475982071113,160.81663319469277,676.5237992120983
2026-02-03 22:00:00+00:00,ETHUSDT,1h,160.81663319469277,161.89604270187,159.67209382112136,160.75106321925347,1305.325254187587
2026-02-03 23:00:00+00:00,ETHUSDT,1h,160.75106321925347,163.35932030807737,159.0582177231174,161.65693520898512,1513.6145669279886
2026-02-04 00:00:00+00:00,ETHUSDT,1h,161.65693520898512,164.30061984110338,159.70508902066257,162.34052004794418,1350.3740989200587
2026-02-04 01:00:00+00:00,ETHUSDT,1h,162.34052004794418,165.07923877158254,160.72360091945507,163.45125665483965,1405.229383770868
2026-02-04 02:00:00+00:00,ETHUSDT,1h,163.45125665483965,164.68885859558145,161.57574527808953,162.80848031685926,1139.292697061342
2026-02-04 03:00:00+00:00,ETHUSDT,1h,162.80848031685926,164.92115272815627,162.25764126143372,164.36504725258536,1344.645210608481
2026-02-04 04:00:00+00:00,ETHUSDT,1h,164.36504725258536,165.79600384358818,162.65980746722735,164.08835518637798,1168.8022362777554
2026-02-04 05:00:00+00:00,ETHUSDT,1h,164.08835518637798,165.32357238830247,162.07773955663748,163.30707547504335,1273.225171934418
2026-02-04 06:00:00+00:00,ETHUSDT,1h,163.30707547504335,164.03282778528828,162.10785974850717,162.83149854926958,925.2127052201868
2026-02-04 07:00:00+00:00,ETHUSDT,1h,162.83149854926958,163.90989791576757,161.05995757276787,162.13373580077206,1383.671035544278
2026-02-04 08:00:00+00:00,ETHUSDT,1h,162.13373580077206,162.9945663700562,160.5734158124591,161.43051269892825,849.0972341987267
2026-02-04 09:00:00+00:00,ETHUSDT,1h,161.43051269892825,163.57004936256646,158.73937640517147,160.87150418940132,1584.1026581123988
2026-02-04 10:00:00+00:00,ETHUSDT,1h,160.87150418940132,162.04334820886507,158.24019905162442,159.401333838637,1330.9663679553505
2026-02-04 11:00:00+00:00,ETHUSDT,1h,159.401333838637,162.23019447835568,158.00024099007936,160.81666129986766,1387.1917930145603
2026-02-04 12:00:00+00:00,ETHUSDT,1h,160.81666129986766,162.6828857698513,158.7306546195148,160.59429864400084,945.5512176576992
2026-02-04 13:00:00+00:00,ETHUSDT,1h,160.59429864400084,162.05112763439664,158.78691267595286,160.24053248142857,1033.170207512958
2026-02-04 14:00:00+00:00,ETHUSDT,1h,160.24053248142857,160.77972852527728,159.12963811462944,159.66690394624018,1408.89435492656
2026-02-04 15:00:00+00:00,ETHUSDT,1h,159.66690394624018,161.39719956350268,158.00733917018997,159.73690717955537,1223.0211410909894
2026-02-04 16:00:00+00:00,ETHUSDT,1h,159.73690717955537,161.42875535629756,156.86828579097576,158.547536790524,1487.3850373604105
2026-02-04 17:00:00+00:00,ETHUSDT,1h,158.547536790524,160.8251205732659,156.6039050261226,158.87744447573095,879.4682444382047
2026-02-04 18:00:00+00:00,ETHUSDT,1h,158.87744447573095,160.19869913807435,156.3571989560871,157.66839896896104,790.2633916923148
2026-02-04 19:00:00+00:00,ETHUSDT,1h,157.66839896896104,159.6153566377565,155.39216702274555,157.33500783342433,838.7705318188439
2026-02-04 20:00:00+00:00,ETHUSDT,1h,157.33500783342433,160.2419662647279,155.17505988218548,158.0719019825491,1238.452718533043
2026-02-04 21:00:00+00:00,ETHUSDT,1h,158.0719019825491,160.09024652353654,155.13507440745371,157.14153959594017,1160.6352131711562
2026-02-04 22:00:00+00:00,ETHUSDT,1h,157.14153959594017,160.97634436886872,155.47398199260817,159.28602982302084,810.2971414442741
2026-02-04 23:00:00+00:00,ETHUSDT,1h,159.28602982302084,160.4454660698814,158.81106370045126,159.96846503184932,1547.9424741211285
2026-02-05 00:00:00+00:00,ETHUSDT,1h,159.96846503184932,161.28297126284417,158.26199024086935,159.5732488686002,1286.475642649948
2026-02-05 01:00:00+00:00,ETHUSDT,1h,159.5732488686002,161.54193948041362,158.3164444955509,160.27957208154947,1729.4451030516186
2026-02-05 02:00:00+00:00,ETHUSDT,1h,160.27957208154947,161.59363709083587,158.83995282275924,160.1529799562883,895.1595379531782
2026-02-05 03:00:00+00:00,ETHUSDT,1h,160.1529799562883,161.39086273459162,159.4539379840605,160.68947903028436,1312.4971996172396
2026-02-05 04:00:00+00:00,ETHUSDT,1h,160.68947903028436,162.59920959029355,158.66944725640755,160.5778511636102,1213.9925629499787
2026-02-05 05:00:00+00:00,ETHUSDT,1h,160.5778511636102,162.36104041023225,158.09633512988063,159.87168249565875,838.555841349445
2026-02-05 06:00:00+00:00,ETHUSDT,1h,159.87168249565875,161.26941641988213,158.56158417915688,159.9586057942001,1609.1717934547412
2026-02-05 07:00:00+00:00,ETHUSDT,1h,159.9586057942001,161.06391675929652,157.2739641439294,158.36828602928583,1298.2436154244929
2026-02-05 08:00:00+00:00,ETHUSDT,1h,158.36828602928583,159.4183055824744,156.47343862219645,157.51781937840647,755.8626558803863
2026-02-05 09:00:00+00:00,ETHUSDT,1h,157.51781937840647,159.29249582210218,155.64201789119815,157.415542025847,1048.755834254365
2026-02-05 10:00:00+00:00,ETHUSDT,1h,157.415542025847,157.45426846900455,155.85129927141244,155.88965032369367,1071.7870753656046
2026-02-05 11:00:00+00:00,ETHUSDT,1h,155.88965032369367,157.16314833691925,154.21938181751227,155.48961182524857,1057.9908280708328
2026-02-05 12:00:00+00:00,ETHUSDT,1h,155.48961182524857,156.49375447244074,154.58004227444812,155.58363491359012,1608.965255523423
2026-02-05 13:00:00+00:00,ETHUSDT,1h,155.58363491359012,157.16557939623107,154.4063045996635,155.98521028673707,1411.3308216415237
2026-02-05 14:00:00+00:00,ETHUSDT,1h,155.98521028673707,158.80419230797992,154.2227926647867,157.0299703391704,1227.5971204235104
2026-02-05 15:00:00+00:00,ETHUSDT,1h,157.0299703391704,158.0473007427526,155.81009493370897,156.826104577713,1608.0422453008214
2026-02-05 16:00:00+00:00,ETHUSDT,1h,156.826104577713,158.5291364771726,155.13899340007092,156.84185584976186,1429.056950161602
2026-02-05 17:00:00+00:00,ETHUSDT,1h,156.84185584976186,157.85487734440693,153.53333944401706,154.531438246752,868.4626342013078
2026-02-05 18:00:00+00:00,ETHUSDT,1h,154.531438246752,156.38159922901045,151.66662733032368,153.50449298893483,1411.4057889212447
2026-02-05 19:00:00+00:00,ETHUSDT,1h,153.50449298893483,154.91890152822518,152.35530829348482,153.76774603462297,1413.5199507939142
2026-02-05 20:00:00+00:00,ETHUSDT,1h,153.76774603462297,155.01554519391982,152.92128953078372,154.16689148506703,1016.8487289124556
2026-02-05 21:00:00+00:00,ETHUSDT,1h,154.16689148506703,155.42173231964028,153.05440421303692,154.30822516636303,1237.5279740344074
2026-02-05 22:00:00+00:00,ETHUSDT,1h,154.30822516636303,155.22355761756532,154.07669424048152,154.99100222261333,1390.2272175001035
2026-02-05 23:00:00+00:00,ETHUSDT,1h,154.99100222261333,156.9503959620086,154.32206805289704,156.27591616172865,1698.6767181281757
2026-02-06 00:00:00+00:00,ETHUSDT,1h,156.27591616172865,157.88263641114642,155.01371455937186,156.61767451182445,1173.12036325
2026-02-06 01:00:00+00:00,ETHUSDT,1h,156.61767451182445,159.32791500475506,155.4372904052537,158.13608704279338,1140.4126082846385
2026-02-06 02:00:00+00:00,ETHUSDT,1h,158.13608704279338,160.6161825308623,156.27783177522448,158.75070489624815,978.5864878345764
2026-02-06 03:00:00+00:00,ETHUSDT,1h,158.75070489624815,160.08523210824166,157.9458500021566,159.27770535891744,988.4099429028352
2026-02-06 04:00:00+00:00,ETHUSDT,1h,159.27770535891744,161.15221844708734,157.77408652902545,159.64513103280933,1144.6580015911982
2026-02-06 05:00:00+00:00,ETHUSDT,1h,159.64513103280933,161.9741956785697,158.54890008782866,160.86955700059374,1291.1261094360664
2026-02-06 06:00:00+00:00,ETHUSDT,1h,160.86955700059374,161.1599991648354,160.00022774140396,160.28962286275413,1534.8149928289038
2026-02-06 07:00:00+00:00,ETHUSDT,1h,160.28962286275413,161.08903312662733,157.3572383169527,158.14595750765113,1131.7309833605884
2026-02-06 08:00:00+00:00,ETHUSDT,1h,158.14595750765113,159.60450930027184,155.94437485831625,157.39601001980708,1197.8738650222328
2026-02-06 09:00:00+00:00,ETHUSDT,1h,157.39601001980708,165.9178545683153,156.34762062472836,164.82001507492836,3052.881149388332
2026-02-06 10:00:00+00:00,ETHUSDT,1h,164.82001507492836,167.47732032825348,163.66684593002853,166.31370055930785,807.400251728438
2026-02-06 11:00:00+00:00,ETHUSDT,1h,166.31370055930785,168.24827959507957,164.47133639302615,166.40490509728576,989.48207987929
2026-02-06 12:00:00+00:00,ETHUSDT,1h,166.40490509728576,168.32049122971085,164.22665560737133,166.1391828525187,1419.3082565100208
2026-02-06 13:00:00+00:00,ETHUSDT,1h,166.1391828525187,169.3251781355385,164.45772637655273,167.6286471339922,984.8467788901108
2026-02-06 14:00:00+00:00,ETHUSDT,1h,167.6286471339922,168.0833503703064,167.52526739713156,167.97975409918212,1104.3645438207393
2026-02-06 15:00:00+00:00,ETHUSDT,1h,167.97975409918212,169.98784216042935,165.99287070750006,168.00071088947868,867.6789688972043
2026-02-06 16:00:00+00:00,ETHUSDT,1h,168.00071088947868,169.2333917561688,166.49049758436283,167.72112704511687,999.2702881787956
2026-02-06 17:00:00+00:00,ETHUSDT,1h,167.72112704511687,170.97095592593172,166.663093931744,169.89918300903378,1036.531418806316
2026-02-06 18:00:00+00:00,ETHUSDT,1h,169.89918300903378,171.5595678016437,167.77038210574665,169.4261439992689,1564.9002364337912
2026-02-06 19:00:00+00:00,ETHUSDT,1h,169.4261439992689,171.55930217703337,166.48801227492282,168.61090620941766,1715.7112933631165
2026-02-06 20:00:00+00:00,ETHUSDT,1h,168.61090620941766,171.39707806653655,167.0431382136805,169.81808554699415,1302.444507661443
2026-02-06 21:00:00+00:00,ETHUSDT,1h,169.81808554699415,172.11492742665783,168.12100088452286,170.41190836915163,1357.8465704292926
2026-02-06 22:00:00+00:00,ETHUSDT,1h,170.41190836915163,173.007191615131,168.7560695795206,171.3423123830161,1126.0258619942024
2026-02-06 23:00:00+00:00,ETHUSDT,1h,171.3423123830161,173.59518816850553,169.21234967630107,171.46371628533092,1330.7940542238453
2026-02-07 00:00:00+00:00,ETHUSDT,1h,171.46371628533092,173.43840330844898,168.6229896332187,170.58758658015705,1275.480114936191
2026-02-07 01:00:00+00:00,ETHUSDT,1h,170.58758658015705,171.87491870117933,168.42130367451966,169.70195239402287,1682.5560619631692
2026-02-07 02:00:00+00:00,ETHUSDT,1h,169.70195239402287,173.49918697302007,168.28314700004296,172.06066142234775,1330.2777291937389
2026-02-07 03:00:00+00:00,ETHUSDT,1h,172.06066142234775,173.8701250554665,169.0218680995635,170.8182661719376,1281.0419469156625
2026-02-07 04:00:00+00:00,ETHUSDT,1h,170.8182661719376,172.8292419138785,169.53128185809229,171.5368436710061,1366.158455134096
2026-02-07 05:00:00+00:00,ETHUSDT,1h,171.5368436710061,174.06221553749285,169.16164140830932,171.68496233473155,885.4091472446297
2026-02-07 06:00:00+00:00,ETHUSDT,1h,171.68496233473155,172.73893881905374,169.463982924229,170.51075090749728,1346.3697729618357
2026-02-07 07:00:00+00:00,ETHUSDT,1h,170.51075090749728,171.66502756803666,169.1916200149292,170.34477308457392,1542.0405325516333
2026-02-07 08:00:00+00:00,ETHUSDT,1h,170.34477308457392,171.6041910014592,169.09421675896584,170.35357009414568,1599.9678015595866
2026-02-07 09:00:00+00:00,ETHUSDT,1h,170.35357009414568,173.30408859395743,169.71953759689274,172.6614664248055,1484.6353665950628
2026-02-07 10:00:00+00:00,ETHUSDT,1h,172.6614664248055,174.7645206195491,167.75988378160878,169.8284309888888,1773.1493784170204
2026-02-07 11:00:00+00:00,ETHUSDT,1h,169.8284309888888,171.1458636316357,167.4292083154199,168.73818343602844,1484.9361885898352
2026-02-07 12:00:00+00:00,ETHUSDT,1h,168.73818343602844,170.54673351486974,167.26205830927353,169.06772554689732,1534.448115904085
2026-02-07 13:00:00+00:00,ETHUSDT,1h,169.06772554689732,170.88238172899457,166.62961074190846,168.43750254563818,1530.7942270556769
2026-02-07 14:00:00+00:00,ETHUSDT,1h,168.43750254563818,170.47417863320842,166.9684377779118,169.00020612233277,1206.4040052106757
2026-02-07 15:00:00+00:00,ETHUSDT,1h,169.00020612233277,172.82933297508248,166.48003652632474,170.2899307120103,1388.1652927744071
2026-02-07 16:00:00+00:00,ETHUSDT,1h,170.2899307120103,173.4519466166323,167.93874157215123,171.08971487530468,1272.709194285743
2026-02-07 17:00:00+00:00,ETHUSDT,1h,171.08971487530468,172.7138442372007,169.11370332621928,170.73446030905433,1225.9813623175876
2026-02-07 18:00:00+00:00,ETHUSDT,1h,170.73446030905433,172.98005415525236,168.69104607483987,170.93424877750704,1413.3691513101464
2026-02-07 19:00:00+00:00,ETHUSDT,1h,170.93424877750704,172.64367329914018,168.02524416583455,169.72255112947587,1573.003424490411
2026-02-07 20:00:00+00:00,ETHUSDT,1h,169.72255112947587,171.50108686120882,168.87373053741234,170.64763969349346,1215.219117363585
2026-02-07 21:00:00+00:00,ETHUSDT,1h,170.64763969349346,170.94344386395878,170.29239713578556,170.58809809560583,968.9501113352994
2026-02-07 22:00:00+00:00,ETHUSDT,1h,170.58809809560583,173.78960538086403,169.07305592252578,172.25971707676985,1761.3670238331515
2026-02-07 23:00:00+00:00,ETHUSDT,1h,172.25971707676985,174.43888043263033,171.226190626819,173.3985213675111,1577.2714739023174
2026-02-08 00:00:00+00:00,ETHUSDT,1h,173.3985213675111,175.1881569566822,171.7130673206244,173.50170000132462,1498.005077908867
2026-02-08 01:00:00+00:00,ETHUSDT,1h,173.50170000132462,174.37190491257502,171.86971171781573,172.73607661347972,1063.2835351824026
2026-02-08 02:00:00+00:00,ETHUSDT,1h,172.73607661347972,175.2160010377933,171.53805649032418,174.00915143739573,1323.6329310566523
2026-02-08 03:00:00+00:00,ETHUSDT,1h,174.00915143739573,175.79462717106784,170.7280329832806,172.4980031032635,1089.349953113188
2026-02-08 04:00:00+00:00,ETHUSDT,1h,172.4980031032635,174.38843291527596,171.3349431144719,173.2205015136105,1558.4526247183217
2026-02-08 05:00:00+00:00,ETHUSDT,1h,173.2205015136105,174.45727952939595,164.5556137084254,165.73897432691578,1543.827101512078
2026-02-08 06:00:00+00:00,ETHUSDT,1h,165.73897432691578,166.6442000470844,165.0500844914564,165.9544147390263,1008.1645135823526
2026-02-08 07:00:00+00:00,ETHUSDT,1h,165.9544147390263,167.39432226747823,165.31705848116536,166.75389556339115,1149.1833380270746
2026-02-08 08:00:00+00:00,ETHUSDT,1h,166.75389556339115,168.155632576339,163.8556678683108,165.24471870650854,895.6433749216427
2026-02-08 09:00:00+00:00,ETHUSDT,1h,165.24471870650854,166.87557906700485,163.97957679554938,165.6076584272881,1396.266680061295
2026-02-08 10:00:00+00:00,ETHUSDT,1h,165.6076584272881,167.1426005823174,164.71179582476782,166.24329944908266,1512.692891948666
2026-02-08 11:00:00+00:00,ETHUSDT,1h,166.24329944908266,167.851366930139,163.9580189813676,165.5594718139761,1194.4833716862315
2026-02-08 12:00:00+00:00,ETHUSDT,1h,165.5594718139761,167.96582901495566,164.32406025485122,166.72174452922897,1159.4979984655574
2026-02-08 13:00:00+00:00,ETHUSDT,1h,166.72174452922897,168.27733905624828,165.15123497371445,166.70668902560192,1398.927879059011
2026-02-08 14:00:00+00:00,ETHUSDT,1h,166.70668902560192,168.06160170203785,165.09211611950894,166.44490110826897,957.5413226878328
2026-02-08 15:00:00+00:00,ETHUSDT,1h,166.44490110826897,167.45874910206496,165.66849199790275,166.6812375621579,1782.7845480157207
2026-02-08 16:00:00+00:00,ETHUSDT,1h,166.6812375621579,168.3117940392914,165.36474518879288,166.99284054340097,1166.1447240052278
2026-02-08 17:00:00+00:00,ETHUSDT,1h,166.99284054340097,169.234412659206,164.97839695695802,167.21726186631554,1397.2752517440745
2026-02-08 18:00:00+00:00,ETHUSDT,1h,167.21726186631554,169.025489601562,165.6125899724667,167.41888288603306,1440.6783344724236
2026-02-08 19:00:00+00:00,ETHUSDT,1h,167.41888288603306,169.4512256965991,166.56288896633626,168.58924783255395,1062.244762734554
2026-02-08 20:00:00+00:00,ETHUSDT,1h,168.58924783255395,171.3091956719833,166.85750373850254,169.5674039849698,1188.9963084339108
2026-02-08 21:00:00+00:00,ETHUSDT,1h,169.5674039849698,173.40393687090315,166.72524513913788,170.54538584282946,951.2204688045564
2026-02-08 22:00:00+00:00,ETHUSDT,1h,170.54538584282946,171.19039043340382,168.7585977501359,169.39926770888138,1642.9381697618917
2026-02-08 23:00:00+00:00,ETHUSDT,1h,169.39926770888138,172.05342691416956,167.4560781942692,170.10217431425724,1057.692792764229
2026-02-09 00:00:00+00:00,ETHUSDT,1h,170.10217431425724,171.49700663773748,168.26297554892838,169.65413395597295,1677.467427611348
2026-02-09 01:00:00+00:00,ETHUSDT,1h,169.65413395597295,170.90227064317827,168.876317654942,170.1223078968211,1534.2748591426837
2026-02-09 02:00:00+00:00,ETHUSDT,1h,170.1223078968211,172.46461532853462,168.68250797204564,171.01724129396823,1219.070434591944
2026-02-09 03:00:00+00:00,ETHUSDT,1h,171.01724129396823,171.71174644537857,168.68950360611083,169.3773491157393,1220.3134353709495
2026-02-09 04:00:00+00:00,ETHUSDT,1h,169.3773491157393,170.89142808454432,167.2224871779679,168.73078646658428,1663.4850721692292
2026-02-09 05:00:00+00:00,ETHUSDT,1h,168.73078646658428,170.13614139242847,167.1986592250264,168.60294939880805,1397.9589912794604
2026-02-09 06:00:00+00:00,ETHUSDT,1h,168.60294939880805,169.08682594138406,168.04586085431637,168.5295266797515,1108.3883761282873
2026-02-09 07:00:00+00:00,ETHUSDT,1h,168.5295266797515,170.07846135994086,167.1781363759409,168.72549960502465,1643.8857615911825
2026-02-09 08:00:00+00:00,ETHUSDT,1h,168.72549960502465,170.9757553108762,166.11732430567767,168.36274199124085,829.6678241299132
2026-02-09 09:00:00+00:00,ETHUSDT,1h,168.36274199124085,169.9376148059361,166.17759782871937,167.74670823539287,1288.3298042488204
2026-02-09 10:00:00+00:00,ETHUSDT,1h,167.74670823539287,169.71724162855205,166.48062131359592,168.44587764791666,1174.8512591183355
2026-02-09 11:00:00+00:00,ETHUSDT,1h,168.44587764791666,169.58022591338772,166.63115295513555,167.7608883656346,1682.473699497415
2026-02-09 12:00:00+00:00,ETHUSDT,1h,167.7608883656346,170.32437223565256,166.317703953428,168.87163250549187,1148.639838507513
2026-02-09 13:00:00+00:00,ETHUSDT,1h,168.87163250549187,169.41053150733967,168.18571326321347,168.7241415956961,1588.226073293202
2026-02-09 14:00:00+00:00,ETHUSDT,1h,168.7241415956961,170.54471116058076,166.96403464285552,168.78397998195538,1043.569892569277
2026-02-09 15:00:00+00:00,ETHUSDT,1h,168.78397998195538,169.68434506203292,167.22036708477768,168.11717514605797,1427.4737719577363
2026-02-09 16:00:00+00:00,ETHUSDT,1h,168.11717514605797,169.37264094831573,166.94403590955508,168.19893120944923,1143.921355409895
2026-02-09 17:00:00+00:00,ETHUSDT,1h,168.19893120944923,169.7976853930487,166.45667641156268,168.05405351254714,980.0957256258516
2026-02-09 18:00:00+00:00,ETHUSDT,1h,168.05405351254714,170.0049977945519,166.15056246385907,168.1009752789903,1319.760513936753
2026-02-09 19:00:00+00:00,ETHUSDT,1h,168.1009752789903,169.954521495092,165.2995192324464,167.14249689606385,723.6533649076434
2026-02-09 20:00:00+00:00,ETHUSDT,1h,167.14249689606385,168.43242966759422,166.0690848373345,167.35763595628796,1201.1690340927594
2026-02-09 21:00:00+00:00,ETHUSDT,1h,167.35763595628796,168.49860626606562,166.79883726054302,167.9378701974882,1278.8405422515386
2026-02-09 22:00:00+00:00,ETHUSDT,1h,167.9378701974882,170.195164114533,166.73937057519643,168.98916188021462,1691.3953104269683
2026-02-09 23:00:00+00:00,ETHUSDT,1h,168.98916188021462,170.29558582320612,166.10783130856282,167.40198508139267,1000.530518889168
2026-02-10 00:00:00+00:00,ETHUSDT,1h,167.40198508139267,169.5446892350219,165.98954262725437,168.12613680176597,1186.1867687194392
2026-02-10 01:00:00+00:00,ETHUSDT,1h,168.12613680176597,170.27018698698845,166.27949099107354,168.4203100675628,1215.0427452843812
2026-02-10 02:00:00+00:00,ETHUSDT,1h,168.4203100675628,169.6384277554614,167.47167768166474,168.68828598725685,1266.7950644640514
2026-02-10 03:00:00+00:00,ETHUSDT,1h,168.68828598725685,171.4574594891405,167.48295907252805,170.24103771128057,1333.0245167641028
2026-02-10 04:00:00+00:00,ETHUSDT,1h,170.24103771128057,172.17929867668926,168.79922291788742,170.73331466415456,1598.0206315327227
2026-02-10 05:00:00+00:00,ETHUSDT,1h,170.73331466415456,171.43507854722864,170.05254356326336,170.75422407349572,974.4960315402752
2026-02-10 06:00:00+00:00,ETHUSDT,1h,170.75422407349572,171.95214983099478,169.81388589955344,171.01040089928136,917.1657468870912
2026-02-10 07:00:00+00:00,ETHUSDT,1h,171.01040089928136,172.91212729401846,168.85716272828046,170.75606072533242,1389.8753439920645
2026-02-10 08:00:00+00:00,ETHUSDT,1h,170.75606072533242,171.91930968046805,167.26331604844432,168.41058682952865,1401.539483540275
2026-02-10 09:00:00+00:00,ETHUSDT,1h,168.41058682952865,168.77350250694917,168.15449620300157,168.5172496854075,1422.0079635061616
2026-02-10 10:00:00+00:00,ETHUSDT,1h,168.5172496854075,177.73406640406668,166.7378912008763,175.87699700940956,4625.855669364491
2026-02-10 11:00:00+00:00,ETHUSDT,1h,175.87699700940956,177.02023809976222,173.97753018002328,175.11582346659358,1077.451502752564
2026-02-10 12:00:00+00:00,ETHUSDT,1h,175.11582346659358,176.4175329627167,173.64674607392064,174.94720213684835,1334.0039823935106
2026-02-10 13:00:00+00:00,ETHUSDT,1h,174.94720213684835,176.06531932123346,174.1606649716416,175.27729809263994,1034.0755385958555
2026-02-10 14:00:00+00:00,ETHUSDT,1h,175.27729809263994,177.80752687977437,173.3082284545346,175.83222319886949,1349.6306729964008
2026-02-10 15:00:00+00:00,ETHUSDT,1h,175.83222319886949,177.69932356507064,174.43882163893616,176.30219764159514,1119.450823564595
2026-02-10 16:00:00+00:00,ETHUSDT,1h,176.30219764159514,180.78600239698065,174.25072667997694,178.70655409020347,1976.775176533431
2026-02-10 17:00:00+00:00,ETHUSDT,1h,178.70655409020347,180.1380293086854,177.98332582973725,179.41194631469213,1502.211439936921
2026-02-10 18:00:00+00:00,ETHUSDT,1h,179.41194631469213,181.14466235523903,176.8522014400093,178.57685235035115,1458.9140192168256
2026-02-10 19:00:00+00:00,ETHUSDT,1h,178.57685235035115,180.4139691683554,176.03823590240242,177.8680609998204,1376.075621324618
2026-02-10 20:00:00+00:00,ETHUSDT,1h,177.8680609998204,179.86093100028796,176.42432236807923,178.41277100769622,1905.57899359936
2026-02-10 21:00:00+00:00,ETHUSDT,1h,178.41277100769622,179.25427023727718,177.43199093950182,178.2728301258381,1232.252612578575
2026-02-10 22:00:00+00:00,ETHUSDT,1h,178.2728301258381,180.44812950651,176.4451631127837,178.61693470635308,1248.2979857903326
2026-02-10 23:00:00+00:00,ETHUSDT,1h,178.61693470635308,180.1753937893289,175.67305085543765,177.2193155048752,1287.504994761514
2026-02-11 00:00:00+00:00,ETHUSDT,1h,177.2193155048752,179.18133849077864,175.64240103166577,177.60102750754496,1617.7710128425963
2026-02-11 01:00:00+00:00,ETHUSDT,1h,177.60102750754496,180.3198847442666,175.75221958883395,178.4621130164499,1334.7286139968262
2026-02-11 02:00:00+00:00,ETHUSDT,1h,178.4621130164499,179.8859060658144,175.2073411352253,176.6164089266071,1361.2232691906668
2026-02-11 03:00:00+00:00,ETHUSDT,1h,176.6164089266071,177.47661771657255,174.09234227315582,174.9444075941665,1168.314078291208
2026-02-11 04:00:00+00:00,ETHUSDT,1h,174.9444075941665,176.51711782885573,172.4686310420319,174.03314927271077,1372.8539919758698
2026-02-11 05:00:00+00:00,ETHUSDT,1h,174.03314927271077,175.05851190486246,173.2983093922511,174.32245047516392,1585.6337195892293
2026-02-11 06:00:00+00:00,ETHUSDT,1h,174.32245047516392,175.49911526619303,172.5052799986275,173.67759203867502,1123.4225960069562
2026-02-11 07:00:00+00:00,ETHUSDT,1h,173.67759203867502,174.75785219159863,172.44083929667804,173.5201199865569,1306.6138910313252
2026-02-11 08:00:00+00:00,ETHUSDT,1h,173.5201199865569,175.4810414598135,170.9501988016497,172.9041594087905,684.489846015685
2026-02-11 09:00:00+00:00,ETHUSDT,1h,172.9041594087905,175.3384199526177,170.94180678194195,173.37077157342796,1272.088058691829
2026-02-11 10:00:00+00:00,ETHUSDT,1h,173.37077157342796,173.8158246336849,172.25580764315703,172.6991365765151,1407.365777436349
2026-02-11 11:00:00+00:00,ETHUSDT,1h,172.6991365765151,174.73475869975096,170.04496438431335,172.0732086317991,1420.8187074133928
2026-02-11 12:00:00+00:00,ETHUSDT,1h,172.0732086317991,173.80991772234543,169.33407706435025,171.06056570165902,1451.8177769018964
2026-02-11 13:00:00+00:00,ETHUSDT,1h,171.06056570165902,173.56087292392928,168.09906827164815,170.5925345148071,1776.6914695816122
2026-02-11 14:00:00+00:00,ETHUSDT,1h,170.5925345148071,171.9722279898636,166.96794045778324,168.32932991604017,1015.7499051556784
2026-02-11 15:00:00+00:00,ETHUSDT,1h,168.32932991604017,170.0974136558162,166.54657986609163,168.31450791980546,1629.625174746431
2026-02-11 16:00:00+00:00,ETHUSDT,1h,168.31450791980546,170.46185301309137,164.6796502757437,166.80777254110876,1457.5868770474308
2026-02-11 17:00:00+00:00,ETHUSDT,1h,166.80777254110876,168.48692692628964,161.41071476924785,163.05206266246424,1474.9340411825972
2026-02-11 18:00:00+00:00,ETHUSDT,1h,163.05206266246424,166.3082783019679,161.409905325012,164.65002727474447,827.9583371335925
2026-02-11 19:00:00+00:00,ETHUSDT,1h,164.65002727474447,166.86831094794243,162.58304405580026,164.79945188262215,945.8840868308508
2026-02-11 20:00:00+00:00,ETHUSDT,1h,164.79945188262215,168.10522287924792,163.52984720951807,166.8200516320139,1454.261123545897
2026-02-11 21:00:00+00:00,ETHUSDT,1h,166.8200516320139,168.55652712177957,165.82588634607575,167.5579642403957,512.6283656389559
2026-02-11 22:00:00+00:00,ETHUSDT,1h,167.5579642403957,168.6261570395385,165.63861614234122,166.70134795758466,1177.7233831102285
2026-02-11 23:00:00+00:00,ETHUSDT,1h,166.70134795758466,167.9470744633745,165.73186142369616,166.97599068728405,1100.9161582603251
2026-02-12 00:00:00+00:00,ETHUSDT,1h,166.97599068728405,169.16130878919898,165.89356220436807,168.07177682915278,1109.0236005730806
2026-02-12 01:00:00+00:00,ETHUSDT,1h,168.07177682915278,170.03461048918217,166.69055003068578,168.6486429604468,1189.0523184122642
2026-02-12 02:00:00+00:00,ETHUSDT,1h,168.6486429604468,171.03126902307935,166.62058638452697,168.99899929456694,786.6697938091216
2026-02-12 03:00:00+00:00,ETHUSDT,1h,168.99899929456694,170.3357525518121,167.09040013017574,168.42259412081742,1419.3638545643644
2026-02-12 04:00:00+00:00,ETHUSDT,1h,168.42259412081742,170.44172832433844,166.549351859715,168.5668812620976,1735.1856646659387
2026-02-12 05:00:00+00:00,ETHUSDT,1h,168.5668812620976,170.4418330759186,167.51856035907306,169.38840311160817,1276.0637735717953
2026-02-12 06:00:00+00:00,ETHUSDT,1h,169.38840311160817,172.22006978305734,167.95633607056678,170.7762692507103,970.5430017785086
2026-02-12 07:00:00+00:00,ETHUSDT,1h,170.7762692507103,172.88389805273556,168.17604815268044,170.2775216806254,1752.7017196295574
2026-02-12 08:00:00+00:00,ETHUSDT,1h,170.2775216806254,172.51217185495582,168.76933581317493,170.9976080226765,1327.5486175700116
2026-02-12 09:00:00+00:00,ETHUSDT,1h,170.9976080226765,172.86340317816504,169.93277801554558,171.79361629762,1301.257503846567
2026-02-12 10:00:00+00:00,ETHUSDT,1h,171.79361629762,173.04968418407714,171.41386755654617,172.6680026173763,1332.781285632409
2026-02-12 11:00:00+00:00,ETHUSDT,1h,172.6680026173763,174.2233613730091,171.0268031134249,172.58138160433575,1337.2466649480198
2026-02-12 12:00:00+00:00,ETHUSDT,1h,172.58138160433575,175.13333080543015,172.05002495709903,174.59577209995268,1481.7525315787457
2026-02-12 13:00:00+00:00,ETHUSDT,1h,174.59577209995268,176.3179752426573,173.28255184119462,175.00170178803086,1134.4213332154352
2026-02-12 14:00:00+00:00,ETHUSDT,1h,175.00170178803086,176.15810338273494,171.89370139544002,173.037121149625,1440.993181237452
2026-02-12 15:00:00+00:00,ETHUSDT,1h,173.037121149625,174.04855110071503,171.34214039175933,172.34955138641183,1629.7614854517642
2026-02-12 16:00:00+00:00,ETHUSDT,1h,172.34955138641183,174.43886279429273,170.821844805959,172.90622188602433,1427.1016995752284
2026-02-12 17:00:00+00:00,ETHUSDT,1h,172.90622188602433,174.62159978922554,170.53837915942606,172.24721919112298,1204.4158121992043
2026-02-12 18:00:00+00:00,ETHUSDT,1h,172.24721919112298,173.4280007122013,169.09225256524766,170.25940732632162,1594.615028688332
2026-02-12 19:00:00+00:00,ETHUSDT,1h,170.25940732632162,173.22925611925058,169.28245372623408,172.24093246830054,1085.666136873641
2026-02-12 20:00:00+00:00,ETHUSDT,1h,172.24093246830054,175.23899600883155,171.0218032463794,174.0073639041686,1651.5288516633286
2026-02-12 21:00:00+00:00,ETHUSDT,1h,174.0073639041686,175.29289833525195,172.665600399058,173.9507163282594,1296.6522826263133
2026-02-12 22:00:00+00:00,ETHUSDT,1h,173.9507163282594,174.3665164817456,172.6758973958031,173.0896392883467,1426.9902186062295
2026-02-12 23:00:00+00:00,ETHUSDT,1h,173.0896392883467,174.74184384635592,171.96580645626491,173.61460254370115,1343.8634603628425
2026-02-13 00:00:00+00:00,ETHUSDT,1h,173.61460254370115,176.3437645730528,172.37894224770818,175.0975497559288,1315.8796964068938
2026-02-13 01:00:00+00:00,ETHUSDT,1h,175.0975497559288,178.31082417780453,173.7857068496549,176.9848415513725,1744.7130448668331
2026-02-13 02:00:00+00:00,ETHUSDT,1h,176.9848415513725,178.46745065530789,176.15551986121255,177.63508204575592,1063.1808978560985
2026-02-13 03:00:00+00:00,ETHUSDT,1h,177.63508204575592,178.5233057744135,177.5464145754749,178.434239400604,1697.349626395962
2026-02-13 04:00:00+00:00,ETHUSDT,1h,178.434239400604,179.46064785071684,176.4086033294437,177.4292306611677,1534.9540883976974
2026-02-13 05:00:00+00:00,ETHUSDT,1h,177.4292306611677,180.57613794278527,174.90532312023154,178.0434926062252,1149.36218426071
2026-02-13 06:00:00+00:00,ETHUSDT,1h,178.0434926062252,179.8007928445861,176.31335380691448,178.07039264398327,1334.5503031986896
2026-02-13 07:00:00+00:00,ETHUSDT,1h,178.07039264398327,179.11983289517536,175.54078291541316,176.5814482198707,1513.4254135482083
2026-02-13 08:00:00+00:00,ETHUSDT,1h,176.5814482198707,178.0181783149531,174.1240852632573,175.55244300224533,1233.1202385315837
2026-02-13 09:00:00+00:00,ETHUSDT,1h,175.55244300224533,177.01175710308854,172.59848981796696,174.0452752917248,1399.6980976355055
2026-02-13 10:00:00+00:00,ETHUSDT,1h,174.0452752917248,175.12836988498626,170.264476269658,171.33067775328553,1590.710073475435
2026-02-13 11:00:00+00:00,ETHUSDT,1h,171.33067775328553,173.45943509291098,168.2723775834041,170.38944019097468,1630.9035627261585
2026-02-13 12:00:00+00:00,ETHUSDT,1h,170.38944019097468,171.4836869072929,167.3269392334394,168.408464054374,1256.8520826659778
2026-02-13 13:00:00+00:00,ETHUSDT,1h,168.408464054374,170.67707781620246,164.9017831501353,167.15349129809448,1363.5651112296955
2026-02-13 14:00:00+00:00,ETHUSDT,1h,167.15349129809448,167.9003805947458,165.65931875686638,166.4028539927399,1186.6005430581406
2026-02-13 15:00:00+00:00,ETHUSDT,1h,166.4028539927399,167.2958464809461,165.0427536381806,165.9332258909637,1100.938558267878
2026-02-13 16:00:00+00:00,ETHUSDT,1h,165.9332258909637,167.32111731111382,158.3826726482938,159.71858383153068,1101.0475943181789
2026-02-13 17:00:00+00:00,ETHUSDT,1h,159.71858383153068,162.35902756206332,157.94189448265567,160.57283562416686,1306.7626995231903
2026-02-13 18:00:00+00:00,ETHUSDT,1h,160.57283562416686,161.64063165585628,159.17761629401562,160.24322041189674,1090.758284866066
2026-02-13 19:00:00+00:00,ETHUSDT,1h,160.24322041189674,163.93281940657354,157.59192662600668,161.26462602058663,818.947966111642
2026-02-13 20:00:00+00:00,ETHUSDT,1h,161.26462602058663,162.9902222062137,159.26496852931064,160.98760042999663,1105.120808355121
2026-02-13 21:00:00+00:00,ETHUSDT,1h,160.98760042999663,161.41324588298457,159.6691169902914,160.09239555363004,746.7130840440489
2026-02-13 22:00:00+00:00,ETHUSDT,1h,160.09239555363004,163.18171542581618,158.24621330630595,161.32136077655323,1292.9577072298005
2026-02-13 23:00:00+00:00,ETHUSDT,1h,161.32136077655323,164.34640994813475,159.91677437264323,162.92783634666375,1901.113112486428
2026-02-14 00:00:00+00:00,ETHUSDT,1h,162.92783634666375,164.99813097172975,161.9957497081887,164.05956984921502,1254.2031469036351
2026-02-14 01:00:00+00:00,ETHUSDT,1h,164.05956984921502,166.6161293970729,161.7289022953916,164.28229772046572,953.8327113751516
2026-02-14 02:00:00+00:00,ETHUSDT,1h,164.28229772046572,165.1497096435726,163.20289034925548,164.06917699311725,1100.589659637399
2026-02-14 03:00:00+00:00,ETHUSDT,1h,164.06917699311725,168.43015570739868,161.48298240993128,165.81641963507408,1326.5749004107631
2026-02-14 04:00:00+00:00,ETHUSDT,1h,165.81641963507408,166.40642514238425,164.14417876363544,164.73031972647544,1715.5245386828349
2026-02-14 05:00:00+00:00,ETHUSDT,1h,164.73031972647544,167.0542540570947,163.62706030679306,165.94287371823063,1289.5105004426366
2026-02-14 06:00:00+00:00,ETHUSDT,1h,165.94287371823063,168.07300263856578,163.42606174170638,165.5511624527773,1302.9049341827397
2026-02-14 07:00:00+00:00,ETHUSDT,1h,165.5511624527773,166.96943847353597,164.3680800890245,165.7846872656415,1004.993198958448
2026-02-14 08:00:00+00:00,ETHUSDT,1h,165.7846872656415,166.98112483428483,163.93415955164747,165.12584235787838,1154.9381541575265
2026-02-14 09:00:00+00:00,ETHUSDT,1h,165.12584235787838,165.77908531032352,164.43500579688927,165.08809943716977,1558.830264060888
2026-02-14 10:00:00+00:00,ETHUSDT,1h,165.08809943716977,166.4141575943476,162.37037533396372,163.68516451839687,1421.5524895561057
2026-02-14 11:00:00+00:00,ETHUSDT,1h,163.68516451839687,171.9090436426004,163.3580350522147,171.5661637748023,3435.9890993997897
2026-02-14 12:00:00+00:00,ETHUSDT,1h,171.5661637748023,175.20235568922567,169.8888649687388,173.50609138211,1274.6726010433956
2026-02-14 13:00:00+00:00,ETHUSDT,1h,173.50609138211,175.26416179405388,170.9668213870595,172.71689517776065,1728.7516066069395
2026-02-14 14:00:00+00:00,ETHUSDT,1h,172.71689517776065,173.68334636053004,171.64431674672107,172.61017074439897,1251.6844718198397
2026-02-14 15:00:00+00:00,ETHUSDT,1h,172.61017074439897,173.49617122744152,169.5844057080544,170.45936620514195,1226.219156866242
2026-02-14 16:00:00+00:00,ETHUSDT,1h,170.45936620514195,172.15786191766827,168.41277700272076,170.1077693243341,1460.808502087823
2026-02-14 17:00:00+00:00,ETHUSDT,1h,170.1077693243341,172.28726470895407,167.16144991436715,169.33099289856727,1268.7535311619365
2026-02-14 18:00:00+00:00,ETHUSDT,1h,169.33099289856727,170.71313495106762,167.16314620459082,168.53882226806914,1082.2618067747596
2026-02-14 19:00:00+00:00,ETHUSDT,1h,168.53882226806914,169.3144517951794,166.0930404397715,166.86094825261057,1268.8268135942044
2026-02-14 20:00:00+00:00,ETHUSDT,1h,166.86094825261057,168.21190907967124,166.55649987418204,167.90555475046335,1137.2228783962148
2026-02-14 21:00:00+00:00,ETHUSDT,1h,167.90555475046335,169.5387007211246,166.91616905081713,168.54554387709453,1289.4718636470584
2026-02-14 22:00:00+00:00,ETHUSDT,1h,168.54554387709453,170.50702447410907,166.69034139761166,168.65066491385414,1328.9736761137797
2026-02-14 23:00:00+00:00,ETHUSDT,1h,168.65066491385414,171.13415459461402,165.9598603931974,168.44025160240398,1136.1664171562704
2026-02-15 00:00:00+00:00,ETHUSDT,1h,168.44025160240398,169.03454166129626,168.08722445845018,168.68100992167112,1300.6787927187415
2026-02-15 01:00:00+00:00,ETHUSDT,1h,168.68100992167112,169.78833477080647,165.14087036993348,166.23211920944735,533.5979245060356
2026-02-15 02:00:00+00:00,ETHUSDT,1h,166.23211920944735,168.0702502018032,164.21381888249743,166.04993535570097,1194.83104221298
2026-02-15 03:00:00+00:00,ETHUSDT,1h,166.04993535570097,168.00258463909108,163.89914340288607,165.84943491942505,1154.081736305186
2026-02-15 04:00:00+00:00,ETHUSDT,1h,165.84943491942505,166.75701332007262,165.23879786549298,166.1452869755557,1057.3060181890023
2026-02-15 05:00:00+00:00,ETHUSDT,1h,166.1452869755557,167.67786470959996,162.25220838970796,163.76280938171726,1029.1275123053435
2026-02-15 06:00:00+00:00,ETHUSDT,1h,163.76280938171726,165.3555371026419,162.2455405046639,163.8375755144251,1413.16987897458
2026-02-15 07:00:00+00:00,ETHUSDT,1h,163.8375755144251,165.29720788955325,161.67976569921117,163.1331220840451,1252.3608875615914
2026-02-15 08:00:00+00:00,ETHUSDT,1h,163.1331220840451,163.65970216412606,161.63240447986544,162.15582994261595,1292.6235732042612
2026-02-15 09:00:00+00:00,ETHUSDT,1h,162.15582994261595,163.45766720597803,160.604196800452,161.90401239448624,1298.074350595596
2026-02-15 10:00:00+00:00,ETHUSDT,1h,161.90401239448624,163.68497427371693,160.21125574134317,161.99130494983976,1683.307656235421
2026-02-15 11:00:00+00:00,ETHUSDT,1h,161.99130494983976,162.95941159023468,160.59068109747344,161.55618734991563,1452.8516519526197
2026-02-15 12:00:00+00:00,ETHUSDT,1h,161.55618734991563,162.72754801760837,160.4349219485862,161.6059373312502,1289.9843471085246
2026-02-15 13:00:00+00:00,ETHUSDT,1h,161.6059373312502,163.27825525752135,159.21090447120204,160.87566545513778,1156.3582613859533
2026-02-15 14:00:00+00:00,ETHUSDT,1h,160.87566545513778,162.86057624265945,160.0559020878278,162.03490581180685,1248.03866024485
2026-02-15 15:00:00+00:00,ETHUSDT,1h,162.03490581180685,164.4885300094857,160.34369112245648,162.78943998444765,1325.921652521645
2026-02-15 16:00:00+00:00,ETHUSDT,1h,162.78943998444765,164.74859050156488,160.836145352776,162.79522643879125,1058.6618592870368
2026-02-15 17:00:00+00:00,ETHUSDT,1h,162.79522643879125,164.76323038196048,158.3273331149439,160.2647465145328,1150.978867895105
2026-02-15 18:00:00+00:00,ETHUSDT,1h,160.2647465145328,161.53973111813931,158.1771654565211,159.44563361557255,1510.4787605633005
2026-02-15 19:00:00+00:00,ETHUSDT,1h,159.44563361557255,160.67144209170468,158.2153778342166,159.44115185484085,1340.2641273049903
2026-02-15 20:00:00+00:00,ETHUSDT,1h,159.44115185484085,162.19822348087962,158.16916828478685,160.91448600158665,1515.012144001999
2026-02-15 21:00:00+00:00,ETHUSDT,1h,160.91448600158665,163.31668253282768,159.2878437983,161.6822789130016,1215.8811723484607
2026-02-15 22:00:00+00:00,ETHUSDT,1h,161.6822789130016,163.7905562544886,158.71112619293882,160.8080033026132,1756.5572671329771
2026-02-15 23:00:00+00:00,ETHUSDT,1h,160.8080033026132,161.7116168204736,160.20763104258492,161.11011662864712,1435.7885558036355
2026-02-16 00:00:00+00:00,ETHUSDT,1h,161.11011662864712,163.02083829851233,159.77824478561325,161.68422043018688,991.022499609209
2026-02-16 01:00:00+00:00,ETHUSDT,1h,161.68422043018688,162.6889762549108,160.8456417312494,161.84954012182453,1147.737937506661
2026-02-16 02:00:00+00:00,ETHUSDT,1h,161.84954012182453,163.35926149713373,160.67477818303325,162.18208582252464,1421.747988827297
2026-02-16 03:00:00+00:00,ETHUSDT,1h,162.18208582252464,163.58328423983423,160.29520848141556,161.69217422809908,1328.593111114595
2026-02-16 04:00:00+00:00,ETHUSDT,1h,161.69217422809908,163.75681225732404,159.67970350029728,161.7437002211031,1548.9423201874902
2026-02-16 05:00:00+00:00,ETHUSDT,1h,161.7437002211031,163.73751726704265,159.99892210515333,161.99008136334243,1898.3136437875169
2026-02-16 06:00:00+00:00,ETHUSDT,1h,161.99008136334243,164.0018263508911,159.20832267436003,161.21038465582612,1053.383531573824
2026-02-16 07:00:00+00:00,ETHUSDT,1h,161.21038465582612,162.2158006026909,157.74400097385805,158.7339723547675,1857.6250693442728
2026-02-16 08:00:00+00:00,ETHUSDT,1h,158.7339723547675,161.50814399290263,156.97584664934053,159.73888791723454,909.9157663795764
2026-02-16 09:00:00+00:00,ETHUSDT,1h,159.73888791723454,163.8637487719451,158.61927581511202,162.72321944833365,1227.3447182648515
2026-02-16 10:00:00+00:00,ETHUSDT,1h,162.72321944833365,165.81051732474958,161.31446627491445,164.3873571157035,895.2571937767875
2026-02-16 11:00:00+00:00,ETHUSDT,1h,164.3873571157035,165.61962255880425,163.29447002629516,164.52581496795463,1455.1392401999951
2026-02-16 12:00:00+00:00,ETHUSDT,1h,164.52581496795463,166.2117848320171,162.98915816637464,164.6737463640643,1100.4420909315302
2026-02-16 13:00:00+00:00,ETHUSDT,1h,164.6737463640643,165.5761730090565,161.41172369223256,162.3011482906534,893.8889027101553
2026-02-16 14:00:00+00:00,ETHUSDT,1h,162.3011482906534,163.57770299532427,160.67393446715977,161.9477092514601,829.7104210709904
2026-02-16 15:00:00+00:00,ETHUSDT,1h,161.9477092514601,164.04609788223567,159.28120332742833,161.37213411687878,1488.8351477802112
2026-02-16 16:00:00+00:00,ETHUSDT,1h,161.37213411687878,163.52781339868832,159.8849474111126,162.0345222018376,1071.849977107543
2026-02-16 17:00:00+00:00,ETHUSDT,1h,162.0345222018376,164.8305786564359,161.26948612867855,164.05599830764376,1262.912435149833
2026-02-16 18:00:00+00:00,ETHUSDT,1h,164.05599830764376,165.50214815283994,162.25032490306864,163.6932773715705,948.073254704666
2026-02-16 19:00:00+00:00,ETHUSDT,1h,163.6932773715705,163.91441845779065,161.9914615945296,162.21059966043748,1125.6069364200755
2026-02-16 20:00:00+00:00,ETHUSDT,1h,162.21059966043748,163.06054561872003,159.7879391893995,160.62960108144298,1470.858891863484
2026-02-16 21:00:00+00:00,ETHUSDT,1h,160.62960108144298,161.90977698499353,158.50793398793363,159.78134954865124,1359.6108859176547
2026-02-16 22:00:00+00:00,ETHUSDT,1h,159.78134954865124,161.22877925433642,158.85086175103314,160.2952984715999,1269.8398381042164
2026-02-16 23:00:00+00:00,ETHUSDT,1h,160.2952984715999,160.83333480440774,159.80647092216523,160.34435764686447,1015.622085633314
2026-02-17 00:00:00+00:00,ETHUSDT,1h,160.34435764686447,162.05184265819727,159.3490012323966,161.0520928941382,1240.6263642510564
2026-02-17 01:00:00+00:00,ETHUSDT,1h,161.0520928941382,161.65580959853696,160.28370835638842,160.88680546759446,1286.6822703491948
2026-02-17 02:00:00+00:00,ETHUSDT,1h,160.88680546759446,162.6556063992751,158.34867297854638,160.10892180212704,1708.0172910625197
2026-02-17 03:00:00+00:00,ETHUSDT,1h,160.10892180212704,163.26756458671625,158.27049391385574,161.41414960610572,1503.2069652987514
2026-02-17 04:00:00+00:00,ETHUSDT,1h,161.41414960610572,162.78956467510835,160.07764807791725,161.4527435905531,1597.3554425132154
2026-02-17 05:00:00+00:00,ETHUSDT,1h,161.4527435905531,163.41201532921792,159.1477008751214,161.1027250461901,1283.0998577161365
2026-02-17 06:00:00+00:00,ETHUSDT,1h,161.1027250461901,162.03669957795736,159.0969057920091,160.02463019277687,949.3657419588288
2026-02-17 07:00:00+00:00,ETHUSDT,1h,160.02463019277687,163.23151206244142,158.48549623262457,161.67649033526436,1453.7480031064763
2026-02-17 08:00:00+00:00,ETHUSDT,1h,161.67649033526436,162.22879831144618,160.82323065892604,161.37450702072192,1033.4558981657362
2026-02-17 09:00:00+00:00,ETHUSDT,1h,161.37450702072192,162.36744049536466,160.77930597540143,161.77077787577502,957.5242604106388
2026-02-17 10:00:00+00:00,ETHUSDT,1h,161.77077787577502,163.5653943880589,160.89256554570204,162.68223399497532,1582.3117560456185
2026-02-17 11:00:00+00:00,ETHUSDT,1h,162.68223399497532,163.62232299544416,160.831744393281,161.7665418997409,1136.0287895601025
2026-02-17 12:00:00+00:00,ETHUSDT,1h,161.7665418997409,165.35502083560527,159.56121246058726,163.13108881371025,1375.2115224093925
2026-02-17 13:00:00+00:00,ETHUSDT,1h,163.13108881371025,164.65389122423178,162.4109338549879,163.93020848916052,1154.32949546313
2026-02-17 14:00:00+00:00,ETHUSDT,1h,163.93020848916052,164.67344672390445,162.98953938838682,163.73187842040565,1246.370030398941
2026-02-17 15:00:00+00:00,ETHUSDT,1h,163.73187842040565,166.53288101665734,162.04155639724024,164.83120980439668,1254.2191646807407
2026-02-17 16:00:00+00:00,ETHUSDT,1h,164.83120980439668,166.2639145489649,162.2274092333932,163.64984561873578,1471.205438419042
2026-02-17 17:00:00+00:00,ETHUSDT,1h,163.64984561873578,166.23885358100617,162.34549613177592,164.92434585816684,1208.2818867181318
2026-02-17 18:00:00+00:00,ETHUSDT,1h,164.92434585816684,167.3580476392236,162.7989379816593,165.22871727687956,986.3556490891006
2026-02-17 19:00:00+00:00,ETHUSDT,1h,165.22871727687956,167.46723150047123,163.03564063848566,165.27355967011172,1517.6832469468868
2026-02-17 20:00:00+00:00,ETHUSDT,1h,165.27355967011172,165.38447634570076,163.47072256863123,163.580503017616,1558.0166792703697
2026-02-17 21:00:00+00:00,ETHUSDT,1h,163.580503017616,165.06475414522473,161.93613741223163,163.41892243503278,1524.7139209688432
2026-02-17 22:00:00+00:00,ETHUSDT,1h,163.41892243503278,166.15793410535483,161.90716100008515,164.63492364425065,1108.5472291924953
2026-02-17 23:00:00+00:00,ETHUSDT,1h,164.63492364425065,166.58138291895816,162.6789312991254,164.62527651698565,915.243514983369
2026-02-18 00:00:00+00:00,ETHUSDT,1h,164.62527651698565,166.06053182589162,161.685629547579,163.10765374038226,1425.4436840707128
2026-02-18 01:00:00+00:00,ETHUSDT,1h,163.10765374038226,165.1113766700223,160.4545376961254,162.4501838279644,1380.4667367626923
2026-02-18 02:00:00+00:00,ETHUSDT,1h,162.4501838279644,164.64868894109333,161.21933450688005,163.41056303791655,1436.8126322937064
2026-02-18 03:00:00+00:00,ETHUSDT,1h,163.41056303791655,164.38143708285864,161.91535174401824,162.8830919155273,992.5260174359056
2026-02-18 04:00:00+00:00,ETHUSDT,1h,162.8830919155273,164.42278741768047,161.21072969928616,162.7491591667115,1477.0067880736387
2026-02-18 05:00:00+00:00,ETHUSDT,1h,162.7491591667115,163.07469124101758,162.16150980985162,162.48651654443816,1518.252582990802
2026-02-18 06:00:00+00:00,ETHUSDT,1h,162.48651654443816,165.0769441998314,161.02449486489496,163.6048598871114,1708.0259106304268
2026-02-18 07:00:00+00:00,ETHUSDT,1h,163.6048598871114,165.7743143674694,162.92880765670296,165.0921164570245,1738.2029062730826
2026-02-18 08:00:00+00:00,ETHUSDT,1h,165.0921164570245,166.15125352689375,163.67135313240755,164.72815523419135,1129.4361443656978
2026-02-18 09:00:00+00:00,ETHUSDT,1h,164.72815523419135,166.26818615163725,162.87049260963164,164.40752598879857,1313.0416691390687
2026-02-18 10:00:00+00:00,ETHUSDT,1h,164.40752598879857,167.4842184467868,163.0238364049497,166.0863991007893,1665.211808385085
2026-02-18 11:00:00+00:00,ETHUSDT,1h,166.0863991007893,167.0247186862266,163.7139950107584,164.6441665778731,1356.8902814126482
2026-02-18 12:00:00+00:00,ETHUSDT,1h,164.6441665778731,173.2779924625588,162.39302192908522,170.94075588821886,2805.0080687871477
2026-02-18 13:00:00+00:00,ETHUSDT,1h,170.94075588821886,172.69913292886525,168.49277062236297,170.24398030149982,1416.679653105065
2026-02-18 14:00:00+00:00,ETHUSDT,1h,170.24398030149982,171.0395127651884,168.77402435608207,169.56639051296267,1332.100237521658
2026-02-18 15:00:00+00:00,ETHUSDT,1h,169.56639051296267,171.49335707362533,167.51907565057755,169.4446588424145,1020.1319893836802
2026-02-18 16:00:00+00:00,ETHUSDT,1h,169.4446588424145,171.4136156964924,166.42122321598166,168.37778290926752,1128.002960878341
2026-02-18 17:00:00+00:00,ETHUSDT,1h,168.37778290926752,170.74028057433495,167.5537938088708,169.9087991511741,1367.6871961367556
2026-02-18 18:00:00+00:00,ETHUSDT,1h,169.9087991511741,171.24383482376854,169.16084553728604,170.49330814939302,1380.396864043291
2026-02-18 19:00:00+00:00,ETHUSDT,1h,170.49330814939302,172.16762256037228,168.97610713312275,170.6490357415526,1113.0108749668304
2026-02-18 20:00:00+00:00,ETHUSDT,1h,170.6490357415526,172.120401498271,168.55352495731665,170.01946242305078,1015.4248452008118
2026-02-18 21:00:00+00:00,ETHUSDT,1h,170.01946242305078,170.86127596793384,168.83507929308325,169.67518824094242,1401.122813032022
2026-02-18 22:00:00+00:00,ETHUSDT,1h,169.67518824094242,171.83822418299323,167.9488076630315,170.1074455511725,1412.8252155016976
2026-02-18 23:00:00+00:00,ETHUSDT,1h,170.1074455511725,172.76594116558724,167.68214865708842,170.33736619150451,2009.0449003279573
2026-02-19 00:00:00+00:00,ETHUSDT,1h,170.33736619150451,173.00549086134575,168.7404860349582,171.39866126690427,1547.3771318131
2026-02-19 01:00:00+00:00,ETHUSDT,1h,171.39866126690427,172.18161611370724,170.62070320240937,171.40363547188966,1134.0580137021375
2026-02-19 02:00:00+00:00,ETHUSDT,1h,171.40363547188966,172.8375408214249,170.5766694937024,172.0076606212196,1527.6297252583377
2026-02-19 03:00:00+00:00,ETHUSDT,1h,172.0076606212196,172.93240220292125,161.5657502360944,162.4390493840218,1079.773338488972
2026-02-19 04:00:00+00:00,ETHUSDT,1h,162.4390493840218,163.13250884885534,161.6279885473072,162.32094381425534,1773.8794630833252
2026-02-19 05:00:00+00:00,ETHUSDT,1h,162.32094381425534,164.05358925569433,159.82465370913044,161.5490599111054,1392.879486130859
2026-02-19 06:00:00+00:00,ETHUSDT,1h,161.5490599111054,163.12448986531874,159.99276596942852,161.5680133345381,1570.7353154793582
2026-02-19 07:00:00+00:00,ETHUSDT,1h,161.5680133345381,162.62168343265523,160.0447408362328,161.09532830636104,1574.0643979024735
2026-02-19 08:00:00+00:00,ETHUSDT,1h,161.09532830636104,162.09986595889157,159.75549343779005,160.75792716743453,1113.9666594727366
2026-02-19 09:00:00+00:00,ETHUSDT,1h,160.75792716743453,163.931740443234,158.6874006180565,161.8471845003041,1562.3506656645225
2026-02-19 10:00:00+00:00,ETHUSDT,1h,161.8471845003041,164.1682855949678,159.13278281895109,161.4481613985075,979.3921347738476
2026-02-19 11:00:00+00:00,ETHUSDT,1h,161.4481613985075,163.32764712573643,160.50554142546787,162.3795889845662,1096.3556264443855
2026-02-19 12:00:00+00:00,ETHUSDT,1h,162.3795889845662,164.02577737345305,161.68120805350964,163.32333745971965,1321.7740130894538
2026-02-19 13:00:00+00:00,ETHUSDT,1h,163.32333745971965,165.33317243664604,161.8338484892427,163.8389808610732,1464.077319390292
2026-02-19 14:00:00+00:00,ETHUSDT,1h,163.8389808610732,165.45199462754186,162.70318822106157,164.31291648980485,1257.412985281438
2026-02-19 15:00:00+00:00,ETHUSDT,1h,164.31291648980485,165.3387061067713,161.7666373588073,162.78287507547353,1306.2875140299116
2026-02-19 16:00:00+00:00,ETHUSDT,1h,162.78287507547353,164.14233488459112,160.0735991526094,161.42169121341544,1201.3596674705934
2026-02-19 17:00:00+00:00,ETHUSDT,1h,161.42169121341544,163.1472986041798,159.93992824127258,161.6633176334544,873.7048034605066
2026-02-19 18:00:00+00:00,ETHUSDT,1h,161.6633176334544,163.5866683690603,159.5529390663652,161.47403789141768,1184.50095936949
2026-02-19 19:00:00+00:00,ETHUSDT,1h,161.47403789141768,162.75320845518044,159.785885463407,161.06179026984188,1277.31188773475
2026-02-19 20:00:00+00:00,ETHUSDT,1h,161.06179026984188,164.44129484467044,158.9235758613258,162.28681729618697,980.25364953633
2026-02-19 21:00:00+00:00,ETHUSDT,1h,162.28681729618697,164.54324995481326,159.06403140359643,161.30683845604912,1236.681703585501
2026-02-19 22:00:00+00:00,ETHUSDT,1h,161.30683845604912,163.2792172033135,159.95719768661849,161.9244092707452,1364.6790141696422
2026-02-19 23:00:00+00:00,ETHUSDT,1h,161.9244092707452,163.3046367852989,161.28021199454233,162.65752290247178,1310.5205031109017
2026-02-20 00:00:00+00:00,ETHUSDT,1h,162.65752290247178,165.1758643763162,161.44216009596272,163.95083803210167,1306.5008025782406
2026-02-20 01:00:00+00:00,ETHUSDT,1h,163.95083803210167,165.55361996433075,162.8710023708208,164.47036253896405,1651.9371520148757
2026-02-20 02:00:00+00:00,ETHUSDT,1h,164.47036253896405,166.60812401909308,162.64496688520572,164.77929958742703,1038.4061085534825
2026-02-20 03:00:00+00:00,ETHUSDT,1h,164.77929958742703,165.5326875756641,163.82232854118723,164.5747814513686,969.363935889952
2026-02-20 04:00:00+00:00,ETHUSDT,1h,164.5747814513686,167.46462817866222,163.29199427349334,166.1694115687079,925.5985458986725
2026-02-20 05:00:00+00:00,ETHUSDT,1h,166.1694115687079,167.16888323783795,164.48417473274222,165.47949671908893,1010.4475109683092
2026-02-20 06:00:00+00:00,ETHUSDT,1h,165.47949671908893,167.32114455304986,163.72677984597138,165.56749561790755,1639.3936137843111
2026-02-20 07:00:00+00:00,ETHUSDT,1h,165.56749561790755,167.15748408472265,163.12625274534042,164.70798712468348,1683.4024009671198
2026-02-20 08:00:00+00:00,ETHUSDT,1h,164.70798712468348,166.90692507993393,163.3694122025772,165.56141439013768,1066.3055864146395
2026-02-20 09:00:00+00:00,ETHUSDT,1h,165.56141439013768,168.8660799501813,164.31993799185645,167.6092476990284,1409.9563391865806
2026-02-20 10:00:00+00:00,ETHUSDT,1h,167.6092476990284,169.21013057750477,165.2301352974195,166.82351340756415,1182.9696767943487
2026-02-20 11:00:00+00:00,ETHUSDT,1h,166.82351340756415,168.1322698488763,164.69659548767206,165.99888257166072,1298.1250489041258
2026-02-20 12:00:00+00:00,ETHUSDT,1h,165.99888257166072,169.44316331447234,164.70817571864103,168.1358407677469,974.5965881877096
2026-02-20 13:00:00+00:00,ETHUSDT,1h,168.1358407677469,170.70678507916705,166.60412629578656,169.16568871104778,1271.638189045721
2026-02-20 14:00:00+00:00,ETHUSDT,1h,169.16568871104778,170.838988686647,166.71645600358823,168.38200417487505,1206.7633044877891
2026-02-20 15:00:00+00:00,ETHUSDT,1h,168.38200417487505,170.54235102624213,166.84779000617945,169.00248335582313,1468.7981535232586
2026-02-20 16:00:00+00:00,ETHUSDT,1h,169.00248335582313,171.94707842510255,165.82910129442544,168.7696394347877,1276.3847536877263
2026-02-20 17:00:00+00:00,ETHUSDT,1h,168.7696394347877,170.27751202808173,165.71811503889765,167.21207153952636,1419.9029956997435
2026-02-20 18:00:00+00:00,ETHUSDT,1h,167.21207153952636,168.8371044020778,165.2336353821934,166.85520002662622,1216.9765725144898
2026-02-20 19:00:00+00:00,ETHUSDT,1h,166.85520002662622,169.13779226570367,164.9538874079808,167.2321839209722,1256.5058039919893
2026-02-20 20:00:00+00:00,ETHUSDT,1h,167.2321839209722,170.02989343919828,165.46910401596733,168.25601953536233,693.3870311465113
2026-02-20 21:00:00+00:00,ETHUSDT,1h,168.25601953536233,169.34200337867048,166.24466046712607,167.3246328111897,1286.2264735378822
2026-02-20 22:00:00+00:00,ETHUSDT,1h,167.3246328111897,168.5661976507388,165.90467204568466,167.14490327481886,974.357497979553
2026-02-20 23:00:00+00:00,ETHUSDT,1h,167.14490327481886,169.3940384580032,166.0770069185005,168.3186430252655,1253.3208929704458
2026-02-21 00:00:00+00:00,ETHUSDT,1h,168.3186430252655,170.08600694347794,167.52201907928546,169.28481028965757,927.4125145936232
2026-02-21 01:00:00+00:00,ETHUSDT,1h,169.28481028965757,171.24413711339895,168.05993932576743,170.0139901226558,868.4945472720574
2026-02-21 02:00:00+00:00,ETHUSDT,1h,170.0139901226558,171.5279444270183,168.86592152167657,170.3774216496244,1198.01596297039
2026-02-21 03:00:00+00:00,ETHUSDT,1h,170.3774216496244,173.33563729546884,168.86870956646743,171.81420235042583,1306.479804706198
2026-02-21 04:00:00+00:00,ETHUSDT,1h,171.81420235042583,173.35771090800563,170.90093414102287,172.44111040598926,1400.8484303246669
2026-02-21 05:00:00+00:00,ETHUSDT,1h,172.44111040598926,173.7385248590025,171.14022018028373,172.4376082839903,1286.5000485834855
2026-02-21 06:00:00+00:00,ETHUSDT,1h,172.4376082839903,173.39874858570838,170.57600677129145,171.53209991073592,1641.8045191483905
2026-02-21 07:00:00+00:00,ETHUSDT,1h,171.53209991073592,174.41125552752618,170.70446345908,173.5737680974563,884.1992457135536
2026-02-21 08:00:00+00:00,ETHUSDT,1h,173.5737680974563,175.64918466012875,172.42914358680332,174.49846229462972,1345.908011531805
2026-02-21 09:00:00+00:00,ETHUSDT,1h,174.49846229462972,176.87400429646536,172.78534484479917,175.15444679847857,1368.2144047414768
2026-02-21 10:00:00+00:00,ETHUSDT,1h,175.15444679847857,178.3103668620351,173.40134252727358,176.54336107932073,1610.225531215911
2026-02-21 11:00:00+00:00,ETHUSDT,1h,176.54336107932073,178.0997052200345,174.63385145278528,176.18705452026873,1350.161586363174
2026-02-21 12:00:00+00:00,ETHUSDT,1h,176.18705452026873,179.11312932868623,174.6296720340799,177.5437544702605,1530.361764981241
2026-02-21 13:00:00+00:00,ETHUSDT,1h,177.5437544702605,179.21331184132487,175.85414124789065,177.5235082306267,1468.5500653025715
2026-02-21 14:00:00+00:00,ETHUSDT,1h,177.5235082306267,178.29965072921507,176.60747294550086,177.38300113939266,1511.2548918981863
2026-02-21 15:00:00+00:00,ETHUSDT,1h,177.38300113939266,178.73706682943532,174.929554871023,176.27516380639852,982.5571127688412
2026-02-21 16:00:00+00:00,ETHUSDT,1h,176.27516380639852,179.5716817946666,174.54653208641875,177.82782400645232,1394.5168682174794
2026-02-21 17:00:00+00:00,ETHUSDT,1h,177.82782400645232,178.84967432907496,175.42675075760744,176.44062985978564,1351.0793065418072
2026-02-21 18:00:00+00:00,ETHUSDT,1h,176.44062985978564,178.73536907268888,174.53422067546776,176.82480890309526,1381.1796805767708
2026-02-21 19:00:00+00:00,ETHUSDT,1h,176.82480890309526,177.75888736640005,175.98881873806434,176.92243564286505,1232.7482585097111
2026-02-21 20:00:00+00:00,ETHUSDT,1h,176.92243564286505,178.8922074491044,174.02564215120276,175.98497672750997,1166.5921805491014
2026-02-21 21:00:00+00:00,ETHUSDT,1h,175.98497672750997,178.58729084957156,174.70998647671917,177.30275346287434,1292.232937786728
2026-02-21 22:00:00+00:00,ETHUSDT,1h,177.30275346287434,179.5565322777136,176.72193532296512,178.97025165524573,1542.161248984895
2026-02-21 23:00:00+00:00,ETHUSDT,1h,178.97025165524573,179.95055898261614,178.25540017028018,179.23465141954608,1456.042415607464
2026-02-22 00:00:00+00:00,ETHUSDT,1h,179.23465141954608,179.7785872465726,178.60987943368497,179.15356919486098,1417.828733237273
2026-02-22 01:00:00+00:00,ETHUSDT,1h,179.15356919486098,182.6218874371369,177.23192322835436,180.68382753712984,700.9198132427296
2026-02-22 02:00:00+00:00,ETHUSDT,1h,180.68382753712984,182.29634220205705,178.47953777888688,180.086723583479,1332.663068190919
2026-02-22 03:00:00+00:00,ETHUSDT,1h,180.086723583479,181.7822538406808,178.22262223640965,179.91655029914193,1124.079359116423
2026-02-22 04:00:00+00:00,ETHUSDT,1h,179.91655029914193,183.2037790474153,178.55754111286322,181.8303141446277,1106.3016992574485
2026-02-22 05:00:00+00:00,ETHUSDT,1h,181.8303141446277,182.3491756469404,180.47981536040228,180.99629695475448,1272.3804055507685
2026-02-22 06:00:00+00:00,ETHUSDT,1h,180.99629695475448,184.27985331968557,178.5008984846854,181.77373628276004,1165.8625674184968
2026-02-22 07:00:00+00:00,ETHUSDT,1h,181.77373628276004,183.7891857153004,178.51089093706057,180.5123545699508,1578.285240245574
2026-02-22 08:00:00+00:00,ETHUSDT,1h,180.5123545699508,181.7789324438733,178.7170946237605,179.97993674988783,1774.080139939481
2026-02-22 09:00:00+00:00,ETHUSDT,1h,179.97993674988783,182.9102200396057,177.85987315502237,180.7807236206016,1393.2226414861686
2026-02-22 10:00:00+00:00,ETHUSDT,1h,180.7807236206016,183.3947839150561,179.16999527412003,181.7751949822253,1037.5267871925796
2026-02-22 11:00:00+00:00,ETHUSDT,1h,181.7751949822253,185.82045014188293,179.33443625394148,183.35843273002428,1227.069590521682
2026-02-22 12:00:00+00:00,ETHUSDT,1h,183.35843273002428,186.2606948587145,181.6607326244099,184.55194413271556,1387.859160120077
2026-02-22 13:00:00+00:00,ETHUSDT,1h,184.55194413271556,193.8242165791335,182.5360417158436,191.72990765143552,4148.832519361033
2026-02-22 14:00:00+00:00,ETHUSDT,1h,191.72990765143552,193.66887892113272,188.30194952931916,190.2257087831907,1355.980762798651
2026-02-22 15:00:00+00:00,ETHUSDT,1h,190.2257087831907,193.439475236592,188.4036973671923,191.6042598441872,1320.4131164472667
2026-02-22 16:00:00+00:00,ETHUSDT,1h,191.6042598441872,193.45172963218909,189.44940638192807,191.2938834862355,1210.6330051743128
2026-02-22 17:00:00+00:00,ETHUSDT,1h,191.2938834862355,193.48147776580728,190.0429412267872,192.22445018264364,1251.2611022998428
2026-02-22 18:00:00+00:00,ETHUSDT,1h,192.22445018264364,194.8837579965821,190.2988632646686,192.9508940088737,1129.9304949918342
2026-02-22 19:00:00+00:00,ETHUSDT,1h,192.9508940088737,195.3456394830696,191.14245916525147,193.5317604608308,1029.586322684559
2026-02-22 20:00:00+00:00,ETHUSDT,1h,193.5317604608308,196.16767989628252,191.15236638158007,193.78517024704223,780.9632212493
2026-02-22 21:00:00+00:00,ETHUSDT,1h,193.78517024704223,195.5765995392603,191.7504376880816,193.5395967990074,1684.5098791405196
2026-02-22 22:00:00+00:00,ETHUSDT,1h,193.5395967990074,195.1397150397004,191.30703659752328,192.9018824371176,1046.790221341753
2026-02-22 23:00:00+00:00,ETHUSDT,1h,192.9018824371176,195.1725348194712,190.0580973032555,192.3219229697176,706.7244018212817
2026-02-23 00:00:00+00:00,ETHUSDT,1h,192.3219229697176,194.36775593219335,189.9775017981271,192.02012436459157,1147.467401727276
2026-02-23 01:00:00+00:00,ETHUSDT,1h,192.02012436459157,193.55479931233256,190.310463156304,191.8437283006659,1239.0131721607747
2026-02-23 02:00:00+00:00,ETHUSDT,1h,191.8437283006659,195.54696353784144,189.255165792291,192.9435609017137,1072.837708246686
2026-02-23 03:00:00+00:00,ETHUSDT,1h,192.9435609017137,195.0346511651679,191.8688864631264,193.95434676038667,1170.3466048720595
2026-02-23 04:00:00+00:00,ETHUSDT,1h,193.95434676038667,198.9692977311259,191.8133545718717,196.79692731946784,1623.2095864208216
2026-02-23 05:00:00+00:00,ETHUSDT,1h,196.79692731946784,197.9112550519692,193.17707272452995,194.2771325656948,1564.2970313908786
2026-02-23 06:00:00+00:00,ETHUSDT,1h,194.2771325656948,196.62920653837668,189.90817680209437,192.23553354816093,1055.2817451262056
2026-02-23 07:00:00+00:00,ETHUSDT,1h,192.23553354816093,193.3004313613468,190.4800598846824,191.54111091088652,1094.125378537958
2026-02-23 08:00:00+00:00,ETHUSDT,1h,191.54111091088652,193.34489709693125,188.79338310587377,190.58819547058317,1186.7949289838325
2026-02-23 09:00:00+00:00,ETHUSDT,1h,190.58819547058317,192.75905039843437,186.5492627487886,188.69859457333675,1318.2520209928553
2026-02-23 10:00:00+00:00,ETHUSDT,1h,188.69859457333675,190.47655908335744,185.66486103562005,187.4308808354005,1419.098256813345
2026-02-23 11:00:00+00:00,ETHUSDT,1h,187.4308808354005,188.8002888616878,184.95341859028576,186.31467136380675,1420.3255836375126
2026-02-23 12:00:00+00:00,ETHUSDT,1h,186.31467136380675,188.43870034814896,185.5332890946384,187.65171069006655,1524.5390759255604
2026-02-23 13:00:00+00:00,ETHUSDT,1h,187.65171069006655,189.5844267723677,185.37867408381152,187.3078485631055,1004.960350701838
2026-02-23 14:00:00+00:00,ETHUSDT,1h,187.3078485631055,188.80840454837744,185.33972373916396,186.836503698158,837.3703887242156
2026-02-23 15:00:00+00:00,ETHUSDT,1h,186.836503698158,187.3971991899959,185.34214214458996,185.9000272749712,1081.56494571957
2026-02-23 16:00:00+00:00,ETHUSDT,1h,185.9000272749712,187.2239308400428,184.97266154633093,186.29459679404985,1018.3451376201136
2026-02-23 17:00:00+00:00,ETHUSDT,1h,186.29459679404985,189.5832603735441,184.445042615438,187.71955900623607,1591.5531980015292
2026-02-23 18:00:00+00:00,ETHUSDT,1h,187.71955900623607,188.95446672207757,186.17170679345503,187.4045421801732,1043.1863879295497
2026-02-23 19:00:00+00:00,ETHUSDT,1h,187.4045421801732,189.8729069831313,186.8981217027957,189.36119906127533,1478.444046637118
2026-02-23 20:00:00+00:00,ETHUSDT,1h,189.36119906127533,191.32834434947927,188.42292503788588,190.38499746295707,944.947471264709
2026-02-23 21:00:00+00:00,ETHUSDT,1h,190.38499746295707,191.51213013475396,188.58115642928288,189.70425893776368,1529.4416990433997
2026-02-23 22:00:00+00:00,ETHUSDT,1h,189.70425893776368,191.59053036074604,184.2993406993479,186.1502740643341,1089.1999851623648
2026-02-23 23:00:00+00:00,ETHUSDT,1h,186.1502740643341,187.64442596475885,185.1083219139726,186.59995677343096,1703.121191732282
2026-02-24 00:00:00+00:00,ETHUSDT,1h,186.59995677343096,188.85185159167565,185.44473440979667,187.6898816083433,1739.62396356269
2026-02-24 01:00:00+00:00,ETHUSDT,1h,187.6898816083433,189.5023527938257,185.6572877582044,187.46761255060943,1180.8547319039812
2026-02-24 02:00:00+00:00,ETHUSDT,1h,187.46761255060943,189.2469043391594,184.3171086878972,186.083261328148,924.7280597045286
2026-02-24 03:00:00+00:00,ETHUSDT,1h,186.083261328148,187.4973386446493,183.89316030715744,185.30129533543425,1009.651013986818
2026-02-24 04:00:00+00:00,ETHUSDT,1h,185.30129533543425,186.80399360733588,183.88529818270013,185.3873389443292,1926.127983099074
2026-02-24 05:00:00+00:00,ETHUSDT,1h,185.3873389443292,188.08535402736632,183.67399656765036,186.36299467938065,1309.872792122872
2026-02-24 06:00:00+00:00,ETHUSDT,1h,186.36299467938065,188.5275363733989,183.88194311692604,186.0427654593662,1002.59424655678
2026-02-24 07:00:00+00:00,ETHUSDT,1h,186.0427654593662,187.5956066103601,185.11104324971032,186.66078927088364,1364.8116511398853
2026-02-24 08:00:00+00:00,ETHUSDT,1h,186.66078927088364,189.7724588366855,184.564555327893,187.66494801200213,1000.52710876626
2026-02-24 09:00:00+00:00,ETHUSDT,1h,187.66494801200213,189.76612104194865,186.10983269209964,188.20651791723577,1664.770487170399
2026-02-24 10:00:00+00:00,ETHUSDT,1h,188.20651791723577,188.81994627350116,188.0438147386193,188.6568537827738,1621.4198958328634
2026-02-24 11:00:00+00:00,ETHUSDT,1h,188.6568537827738,191.14961781278495,187.03840906705955,189.5237363068765,1285.4292555607597
2026-02-24 12:00:00+00:00,ETHUSDT,1h,189.5237363068765,190.98623864461467,188.3303295110149,189.79114799148053,1036.7893582751904
2026-02-24 13:00:00+00:00,ETHUSDT,1h,189.79114799148053,191.6113295039277,188.4438332558546,190.26068158058376,1137.4460047819812
2026-02-24 14:00:00+00:00,ETHUSDT,1h,190.26068158058376,191.2989291546376,180.5198477831229,181.5103449988121,1233.5259765936178
2026-02-24 15:00:00+00:00,ETHUSDT,1h,181.5103449988121,183.63671304192584,179.13953645771667,181.2630069707824,1352.7013061853374
2026-02-24 16:00:00+00:00,ETHUSDT,1h,181.2630069707824,183.0943217974624,179.42689773726175,181.25816363129096,1171.325096784816
2026-02-24 17:00:00+00:00,ETHUSDT,1h,181.25816363129096,182.45265865453115,178.0099915580938,179.1908630278738,1252.7210643562858
2026-02-24 18:00:00+00:00,ETHUSDT,1h,179.1908630278738,180.92431850236235,176.08383258161984,177.8038705770228,1487.0176483352882
2026-02-24 19:00:00+00:00,ETHUSDT,1h,177.8038705770228,178.7286025368117,176.5517605518468,177.4747809646304,1459.8355576665106
2026-02-24 20:00:00+00:00,ETHUSDT,1h,177.4747809646304,179.29063417071498,176.55923631436923,178.3704689073178,1450.1930333359487
2026-02-24 21:00:00+00:00,ETHUSDT,1h,178.3704689073178,181.12171570663068,176.3377572773074,179.08090790674748,1501.687016519539
2026-02-24 22:00:00+00:00,ETHUSDT,1h,179.08090790674748,180.2862110665821,177.4817021782108,178.6843362142417,1310.9756466434048
2026-02-24 23:00:00+00:00,ETHUSDT,1h,178.6843362142417,180.8052605983036,177.0464347007688,179.16297169533982,1104.3351762734803
2026-02-25 00:00:00+00:00,ETHUSDT,1h,179.16297169533982,182.0038849392951,177.99209104424023,180.8221610170945,1523.7869742645803
2026-02-25 01:00:00+00:00,ETHUSDT,1h,180.8221610170945,181.782834762093,180.08312056066217,181.042892152748,1147.586770488777
2026-02-25 02:00:00+00:00,ETHUSDT,1h,181.042892152748,183.1279953516475,179.41066959467983,181.4917262544585,1265.162669028345
2026-02-25 03:00:00+00:00,ETHUSDT,1h,181.4917262544585,183.9236386889576,178.4519878520552,180.87564505888577,963.7582851159036
2026-02-25 04:00:00+00:00,ETHUSDT,1h,180.87564505888577,182.4986033464645,177.93040568838586,179.54139201012862,1614.7296687392752
2026-02-25 05:00:00+00:00,ETHUSDT,1h,179.54139201012862,181.2637141328963,178.558682462295,180.2769783950259,1160.5489617169142
2026-02-25 06:00:00+00:00,ETHUSDT,1h,180.2769783950259,181.92787126887404,179.3120179814681,180.9592588436742,1231.5072324885195
2026-02-25 07:00:00+00:00,ETHUSDT,1h,180.9592588436742,182.08708308672377,178.2153380867531,179.33302687805863,1149.7308344901194
2026-02-25 08:00:00+00:00,ETHUSDT,1h,179.33302687805863,180.58227961216815,177.0570233579147,178.29907346375074,1139.6400582396527
2026-02-25 09:00:00+00:00,ETHUSDT,1h,178.29907346375074,178.93361470501767,177.35472503109236,177.98815977441444,1144.9282284648368
2026-02-25 10:00:00+00:00,ETHUSDT,1h,177.98815977441444,179.352864287957,175.17067482312157,176.52415423625118,1224.5709515457886
2026-02-25 11:00:00+00:00,ETHUSDT,1h,176.52415423625118,177.96331497240607,175.62734952938385,177.06376883384567,1300.3710571815675
2026-02-25 12:00:00+00:00,ETHUSDT,1h,177.06376883384567,177.79621900995056,176.40948709742253,177.1416494908161,1432.5721307127658
2026-02-25 13:00:00+00:00,ETHUSDT,1h,177.1416494908161,178.82388618512184,175.97100963881627,177.6498876434099,1185.4184050332835
2026-02-25 14:00:00+00:00,ETHUSDT,1h,177.6498876434099,179.9617294058954,176.04387084613705,178.34938887410675,1512.2121567664958
2026-02-25 15:00:00+00:00,ETHUSDT,1h,178.34938887410675,180.30699735588257,175.4122973333875,177.35903544274757,1537.9052448140385
2026-02-25 16:00:00+00:00,ETHUSDT,1h,177.35903544274757,178.6643417034735,174.3953952526057,175.68840621194553,1496.8113494414715
2026-02-25 17:00:00+00:00,ETHUSDT,1h,175.68840621194553,177.47023564675288,174.01300893456454,175.7938329999376,1005.4410942950674
2026-02-25 18:00:00+00:00,ETHUSDT,1h,175.7938329999376,177.39094659025398,174.19606546061044,175.79317305522923,1049.616040713261
2026-02-25 19:00:00+00:00,ETHUSDT,1h,175.79317305522923,177.43181933214177,173.63812169694725,175.27190904036192,1089.588810758378
2026-02-25 20:00:00+00:00,ETHUSDT,1h,175.27190904036192,176.81670405411256,172.60643030949646,174.14126011644623,1230.424838139146
2026-02-25 21:00:00+00:00,ETHUSDT,1h,174.14126011644623,176.27852142754864,172.96778212753009,175.0985923066461,1364.2738644649228
2026-02-25 22:00:00+00:00,ETHUSDT,1h,175.0985923066461,176.79159322562316,172.08115210368055,173.76122220014503,1248.3503259760057
2026-02-25 23:00:00+00:00,ETHUSDT,1h,173.76122220014503,174.59199244270135,173.00793163584606,173.8383674379617,1621.1290325022949
2026-02-26 00:00:00+00:00,ETHUSDT,1h,173.8383674379617,174.85994551626942,172.3582044088453,173.377071637504,1571.012405261294
2026-02-26 01:00:00+00:00,ETHUSDT,1h,173.377071637504,174.27678280775018,171.2967567073644,172.19030937432913,1261.874485839182
2026-02-26 02:00:00+00:00,ETHUSDT,1h,172.19030937432913,174.67810109415083,170.51797169598453,172.99791978440155,966.6571166397808
2026-02-26 03:00:00+00:00,ETHUSDT,1h,172.99791978440155,175.05498206509864,171.11578665288886,173.17096627205964,1563.1164866794534
2026-02-26 04:00:00+00:00,ETHUSDT,1h,173.17096627205964,174.45950864745245,170.8402902821159,172.1210201465333,1233.7116927795184
2026-02-26 05:00:00+00:00,ETHUSDT,1h,172.1210201465333,173.32314612866963,170.44111113033435,171.63987671512032,1227.7344639928692
2026-02-26 06:00:00+00:00,ETHUSDT,1h,171.63987671512032,173.50045624347575,167.94289408384873,169.78334881444783,1474.181536153467
2026-02-26 07:00:00+00:00,ETHUSDT,1h,169.78334881444783,170.54515602118252,168.57833529642508,169.33814490120443,1576.8949405670198
2026-02-26 08:00:00+00:00,ETHUSDT,1h,169.33814490120443,172.6032169393751,166.493477712339,169.75160415665889,1435.834423214187
2026-02-26 09:00:00+00:00,ETHUSDT,1h,169.75160415665889,171.10914619505954,166.3997942921306,167.741259146005,972.7060980233016
2026-02-26 10:00:00+00:00,ETHUSDT,1h,167.741259146005,169.1894658353141,164.9552660432258,166.39182226846418,1236.5482054532142
2026-02-26 11:00:00+00:00,ETHUSDT,1h,166.39182226846418,168.20539550357,164.83745755441404,166.64863177953964,1522.6472241202202
2026-02-26 12:00:00+00:00,ETHUSDT,1h,166.64863177953964,167.886101288147,165.22340765969423,166.45947254358754,1827.333297862113
2026-02-26 13:00:00+00:00,ETHUSDT,1h,166.45947254358754,168.54405532842748,162.65478977604033,164.71755845765915,1317.6078757379337
2026-02-26 14:00:00+00:00,ETHUSDT,1h,164.71755845765915,173.07179974735013,162.97953036600776,171.26468917768207,4707.339750007261
2026-02-26 15:00:00+00:00,ETHUSDT,1h,171.26468917768207,172.1299288261538,170.23790738404642,171.1023267677269,1480.574415332936
2026-02-26 16:00:00+00:00,ETHUSDT,1h,171.1023267677269,171.92657825471494,169.94442639471046,170.76706281416858,1070.8765025175237
2026-02-26 17:00:00+00:00,ETHUSDT,1h,170.76706281416858,171.49907680920103,168.52539769010122,169.25091252062762,1435.2564907223516
2026-02-26 18:00:00+00:00,ETHUSDT,1h,169.25091252062762,171.4097713650859,166.10725628696486,168.25339137522465,1311.0339190173934
2026-02-26 19:00:00+00:00,ETHUSDT,1h,168.25339137522465,169.55666211051448,166.536948363455,167.83699373218317,1031.399769175217
2026-02-26 20:00:00+00:00,ETHUSDT,1h,167.83699373218317,171.24060045431287,166.24909062477218,169.63568000490707,2074.520275359276
2026-02-26 21:00:00+00:00,ETHUSDT,1h,169.63568000490707,171.8433789164551,168.25272162431594,170.45375119362225,709.2456172239116
2026-02-26 22:00:00+00:00,ETHUSDT,1h,170.45375119362225,173.3318606643331,168.9006516418107,171.76679721514031,1189.569883248559
2026-02-26 23:00:00+00:00,ETHUSDT,1h,171.76679721514031,172.8430934834966,170.6639387950701,171.74006757464048,1558.353022351821
2026-02-27 00:00:00+00:00,ETHUSDT,1h,171.74006757464048,173.98589702947783,170.38031175591132,172.61918081206713,1793.8840574770106
2026-02-27 01:00:00+00:00,ETHUSDT,1h,172.61918081206713,173.9898600833816,170.74496959595734,172.11161857916437,1107.7806285349634
2026-02-27 02:00:00+00:00,ETHUSDT,1h,172.11161857916437,173.49465575415172,170.13351582620135,171.5117324971517,808.8436839612353
2026-02-27 03:00:00+00:00,ETHUSDT,1h,171.5117324971517,174.0103615410621,167.2301252669681,169.7023954014812,988.8465674004636
2026-02-27 04:00:00+00:00,ETHUSDT,1h,169.7023954014812,171.58313642176597,169.03487328479565,170.9108608224097,1560.8360363659572
2026-02-27 05:00:00+00:00,ETHUSDT,1h,170.9108608224097,175.6744662448615,167.8703664506478,172.60385362857258,653.5021286515965
2026-02-27 06:00:00+00:00,ETHUSDT,1h,172.60385362857258,174.58520569029884,169.30169593488213,171.26771015465906,1488.6866256521553
2026-02-27 07:00:00+00:00,ETHUSDT,1h,171.26771015465906,172.8792225247638,168.0292218305627,169.62528005333917,1075.2467127123616
2026-02-27 08:00:00+00:00,ETHUSDT,1h,169.62528005333917,170.6002802444866,167.8504647178668,168.82084102152805,1072.5051693990472
2026-02-27 09:00:00+00:00,ETHUSDT,1h,168.82084102152805,171.77768345577698,167.4563990881437,170.40047462515926,967.785656213298
2026-02-27 10:00:00+00:00,ETHUSDT,1h,170.40047462515926,171.4324766216256,169.22222075686503,170.2533316062284,1425.063354735217
2026-02-27 11:00:00+00:00,ETHUSDT,1h,170.2533316062284,174.41404667749646,168.9844852259255,173.12380751193444,806.0645194231553
2026-02-27 12:00:00+00:00,ETHUSDT,1h,173.12380751193444,174.42153767539813,171.7889123517607,173.0863618236204,1408.6524481120864
2026-02-27 13:00:00+00:00,ETHUSDT,1h,173.0863618236204,174.0578658018446,170.76854042972982,171.7324451062921,1270.543089405426
2026-02-27 14:00:00+00:00,ETHUSDT,1h,171.7324451062921,172.4878360747663,169.59645922651742,170.34575061085516,882.6058355636694
2026-02-27 15:00:00+00:00,ETHUSDT,1h,170.34575061085516,172.7871327079209,168.60562056116748,171.03991160721054,1491.1873187820788
2026-02-27 16:00:00+00:00,ETHUSDT,1h,171.03991160721054,172.1022517270811,169.320894625512,170.3791305911109,1580.6356820648768
2026-02-27 17:00:00+00:00,ETHUSDT,1h,170.3791305911109,171.86606098891636,168.7858299842949,170.27182389659646,1332.7626037515547
2026-02-27 18:00:00+00:00,ETHUSDT,1h,170.27182389659646,171.2794020186487,169.00398340276254,170.01001226276833,1547.8391336060838
2026-02-27 19:00:00+00:00,ETHUSDT,1h,170.01001226276833,172.9603384267339,168.4389026242223,171.37659977426884,1329.980741207866
2026-02-27 20:00:00+00:00,ETHUSDT,1h,171.37659977426884,172.5890680934969,169.67402255278446,170.88299870529164,1028.7024786227148
2026-02-27 21:00:00+00:00,ETHUSDT,1h,170.88299870529164,172.92954763790075,169.4444101119587,171.4858836223703,1434.389825062255
2026-02-27 22:00:00+00:00,ETHUSDT,1h,171.4858836223703,174.33318472626965,167.3942352086465,170.22052669887395,1339.6447499166184
2026-02-27 23:00:00+00:00,ETHUSDT,1h,170.22052669887395,170.8794282472249,169.2985329776159,169.95641217294366,1070.7832432939208
2026-02-28 00:00:00+00:00,ETHUSDT,1h,169.95641217294366,172.60212959016852,168.1219749875229,170.75902929707595,1795.503218956277
2026-02-28 01:00:00+00:00,ETHUSDT,1h,170.75902929707595,171.81210804121037,168.7500775072893,169.7972247588438,792.0423562446808
2026-02-28 02:00:00+00:00,ETHUSDT,1h,169.7972247588438,171.59738492849186,168.05984116590454,169.859365504711,1820.080413369036
2026-02-28 03:00:00+00:00,ETHUSDT,1h,169.859365504711,173.29812174218168,168.15021087953605,171.5717369363586,1260.3937935455888
2026-02-28 04:00:00+00:00,ETHUSDT,1h,171.5717369363586,174.0785612691338,169.7722741158487,172.27175656748233,1051.2198921095453
2026-02-28 05:00:00+00:00,ETHUSDT,1h,172.27175656748233,175.10730618647432,171.3061042335285,174.13123075343924,1548.0330708320132
2026-02-28 06:00:00+00:00,ETHUSDT,1h,174.13123075343924,175.58557038768132,171.1838475709892,172.62561231814746,1266.5227486045958
2026-02-28 07:00:00+00:00,ETHUSDT,1h,172.62561231814746,175.09528322242846,170.68498895497464,173.1487785270811,1091.7487466800956
2026-02-28 08:00:00+00:00,ETHUSDT,1h,173.1487785270811,175.26121666897822,171.25281080010282,173.36290427911052,1191.621286891853
2026-02-28 09:00:00+00:00,ETHUSDT,1h,173.36290427911052,175.61603497248768,171.87670864287333,174.12332048350405,1921.7072597350384
2026-02-28 10:00:00+00:00,ETHUSDT,1h,174.12332048350405,177.28706072939988,172.067296114762,175.21810924460468,926.7333882433296
2026-02-28 11:00:00+00:00,ETHUSDT,1h,175.21810924460468,177.71578962274234,173.37243966711128,175.86332364393553,1653.356026869021
2026-02-28 12:00:00+00:00,ETHUSDT,1h,175.86332364393553,178.64604325246538,174.9260894730356,177.6990260128047,1272.2171932271228
2026-02-28 13:00:00+00:00,ETHUSDT,1h,177.6990260128047,179.0310145829563,175.36348843721737,176.68789783711014,1500.703263954965
2026-02-28 14:00:00+00:00,ETHUSDT,1h,176.68789783711014,178.1278186941031,174.96498365604614,176.40257930508668,1440.22158804084
2026-02-28 15:00:00+00:00,ETHUSDT,1h,176.40257930508668,176.94664186484658,175.29112527469428,175.83343246620925,1188.9254760457254
2026-02-28 16:00:00+00:00,ETHUSDT,1h,175.83343246620925,178.776557821163,173.97463443985444,176.9064168931364,960.8911477796368
2026-02-28 17:00:00+00:00,ETHUSDT,1h,176.9064168931364,179.15195219980038,174.51288073190645,176.75651325907378,1508.6058769245778
2026-02-28 18:00:00+00:00,ETHUSDT,1h,176.75651325907378,178.9053091070541,174.07027242727136,176.21245425173154,1376.805046368766
2026-02-28 19:00:00+00:00,ETHUSDT,1h,176.21245425173154,177.5243350878074,174.80415075207918,176.11530834841923,1273.2232402048023
2026-02-28 20:00:00+00:00,ETHUSDT,1h,176.11530834841923,178.85200436349783,174.85229333646515,177.57849606693875,1091.5475662559938
2026-02-28 21:00:00+00:00,ETHUSDT,1h,177.57849606693875,179.3530063789447,176.07403384050332,177.84627549921063,1675.0420717739096
2026-02-28 22:00:00+00:00,ETHUSDT,1h,177.84627549921063,180.09617183307253,176.57847319675653,178.82141808889187,936.7992383464592
2026-02-28 23:00:00+00:00,ETHUSDT,1h,178.82141808889187,182.1458544913783,177.18003403752206,180.48916238065232,1444.3909204431386
2026-03-01 00:00:00+00:00,ETHUSDT,1h,180.48916238065232,182.24091203287568,179.11445906166256,180.86335863234987,1293.6874961836202
2026-03-01 01:00:00+00:00,ETHUSDT,1h,180.86335863234987,186.12457335821824,178.4347397498463,183.65842257800168,1321.287562830141
2026-03-01 02:00:00+00:00,ETHUSDT,1h,183.65842257800168,184.93631300082083,182.7822968046285,184.05827974525877,1640.7491524577752
2026-03-01 03:00:00+00:00,ETHUSDT,1h,184.05827974525877,187.12639676308387,182.6174518708418,185.67292923995032,752.3825429783583
2026-03-01 04:00:00+00:00,ETHUSDT,1h,185.67292923995032,189.7721339893648,184.27844674243252,188.35748930643007,1143.7123374710593
2026-03-01 05:00:00+00:00,ETHUSDT,1h,188.35748930643007,190.10211765757063,185.7648141387628,187.5015141696812,1013.2648276212852
2026-03-01 06:00:00+00:00,ETHUSDT,1h,187.5015141696812,190.0645002752649,185.48663939280496,188.04379816230824,1590.859269948931
2026-03-01 07:00:00+00:00,ETHUSDT,1h,188.04379816230824,189.6557005536868,185.50853161094997,187.11245053527517,1439.1837868503935
2026-03-01 08:00:00+00:00,ETHUSDT,1h,187.11245053527517,188.8958571368616,185.72961527282968,187.5100832111464,1045.30299465949
2026-03-01 09:00:00+00:00,ETHUSDT,1h,187.5100832111464,189.56362008561112,184.96003533698948,187.00807440797092,1544.361146376178
2026-03-01 10:00:00+00:00,ETHUSDT,1h,187.00807440797092,188.45620176481984,184.5973095777419,186.03792442080703,1152.905599040301
2026-03-01 11:00:00+00:00,ETHUSDT,1h,186.03792442080703,188.6930709482373,185.0867294896433,187.73320818588135,1713.880848510042
2026-03-01 12:00:00+00:00,ETHUSDT,1h,187.73320818588135,189.31630727800956,186.92380464361344,188.50358230132971,1116.1262590349104
2026-03-01 13:00:00+00:00,ETHUSDT,1h,188.50358230132971,189.94842187913972,186.9521537080381,188.39616999351824,1799.338922258148
2026-03-01 14:00:00+00:00,ETHUSDT,1h,188.39616999351824,190.19820445477893,187.0361858738651,188.83505215622012,1285.2951805682656
2026-03-01 15:00:00+00:00,ETHUSDT,1h,188.83505215622012,190.256564246358,186.33910752386177,187.75247015559725,1537.9099951596304
2026-03-01 16:00:00+00:00,ETHUSDT,1h,187.75247015559725,189.89186636021768,185.5489764033944,187.6876338128044,1271.1025531260866
2026-03-01 17:00:00+00:00,ETHUSDT,1h,187.6876338128044,187.92642825153504,187.1295288183348,187.36791648162105,901.082128049214
2026-03-01 18:00:00+00:00,ETHUSDT,1h,187.36791648162105,188.09731881523612,186.48866071025984,187.21747740136868,1206.3372269903502
2026-03-01 19:00:00+00:00,ETHUSDT,1h,187.21747740136868,188.53908051972385,186.32784265432716,187.6474028192376,1349.8323468222034
2026-03-01 20:00:00+00:00,ETHUSDT,1h,187.6474028192376,189.25318562544183,186.0557485864082,187.66141255983047,902.3761192585588
2026-03-01 21:00:00+00:00,ETHUSDT,1h,187.66141255983047,188.83869196050856,185.3447095725929,186.51479576120315,1132.4613945747146
2026-03-01 22:00:00+00:00,ETHUSDT,1h,186.51479576120315,186.6328862443234,185.67106626796527,185.78869702696568,1777.728368183435
2026-03-01 23:00:00+00:00,ETHUSDT,1h,185.78869702696568,188.9387765430416,183.22456387714485,186.3666666375738,1509.8641156417218
2026-01-01 00:00:00+00:00,SOLUSDT,1h,140.0,140.1099804594199,138.21608153994563,138.3247459621603,4820.367049153809
2026-01-01 01:00:00+00:00,SOLUSDT,1h,138.3247459621603,139.72069531228718,136.71554069928146,138.1093159672563,1277.839988178937
2026-01-01 02:00:00+00:00,SOLUSDT,1h,138.1093159672563,139.04820550758166,136.04528882546194,136.9764771436437,1910.886419803331
2026-01-01 03:00:00+00:00,SOLUSDT,1h,136.9764771436437,138.30416425549993,135.24255274858993,136.5662637394271,2105.825067454687
2026-01-01 04:00:00+00:00,SOLUSDT,1h,136.5662637394271,137.87243252338243,135.86011287265617,137.16319507018036,1511.6957330643918
2026-01-01 05:00:00+00:00,SOLUSDT,1h,137.16319507018036,138.254584025819,135.91214649018002,137.00225486642702,1506.4771861324164
2026-01-01 06:00:00+00:00,SOLUSDT,1h,137.00225486642702,138.30829202456226,133.6463503439648,134.9326581169169,1151.732254357496
2026-01-01 07:00:00+00:00,SOLUSDT,1h,134.9326581169169,136.1878740186083,134.3608718567835,135.6132038997158,1536.2174602767088
2026-01-01 08:00:00+00:00,SOLUSDT,1h,135.6132038997158,137.7929730685233,133.9258685462452,136.09958602006026,1683.5928225579214
2026-01-01 09:00:00+00:00,SOLUSDT,1h,136.09958602006026,137.42069470547827,134.88108495714474,136.2012831470866,1274.3894749113294
2026-01-01 10:00:00+00:00,SOLUSDT,1h,136.2012831470866,137.62125911217336,134.45962684125368,135.87621377293627,1803.1632272060403
2026-01-01 11:00:00+00:00,SOLUSDT,1h,135.87621377293627,136.48175671012453,134.8242301690979,135.42777460216922,1353.8176682818726
2026-01-01 12:00:00+00:00,SOLUSDT,1h,135.42777460216922,136.99852301013144,133.1536220241241,134.71611631938322,1699.6110697924823
2026-01-01 13:00:00+00:00,SOLUSDT,1h,134.71611631938322,138.03420294403637,133.2768067452363,136.57503267187658,1739.2006915004135
2026-01-01 14:00:00+00:00,SOLUSDT,1h,136.57503267187658,138.92878377074803,135.1257364749929,137.4699905304051,2005.1388811147087
2026-01-01 15:00:00+00:00,SOLUSDT,1h,137.4699905304051,138.1475209478954,136.651764286649,137.3285978404245,1736.7745583896112
2026-01-01 16:00:00+00:00,SOLUSDT,1h,137.3285978404245,138.3867172705978,136.34966184747375,137.4072208199873,1854.957393498805
2026-01-01 17:00:00+00:00,SOLUSDT,1h,137.4072208199873,140.3103625616069,136.03494417123196,138.92294844328543,1774.176768581702
2026-01-01 18:00:00+00:00,SOLUSDT,1h,138.92294844328543,139.97300727860585,138.01982901137703,139.06893878310325,2022.78736125411
2026-01-01 19:00:00+00:00,SOLUSDT,1h,139.06893878310325,140.02960260233831,138.26136135818598,139.221141332731,1600.7466835854068
2026-01-01 20:00:00+00:00,SOLUSDT,1h,139.221141332731,141.8573874005942,137.95330260324917,140.57719951874083,1534.4077725033478
2026-01-01 21:00:00+00:00,SOLUSDT,1h,140.57719951874083,142.13907664096698,138.5962852345009,140.15345435371387,1736.936122920838
2026-01-01 22:00:00+00:00,SOLUSDT,1h,140.15345435371387,141.09808214340495,139.32833548674674,140.2722638150611,1633.3615000486127
2026-01-01 23:00:00+00:00,SOLUSDT,1h,140.2722638150611,141.75222676706048,139.26557457574157,140.74216519560295,1829.77854201722
2026-01-02 00:00:00+00:00,SOLUSDT,1h,140.74216519560295,141.6629735138833,140.45467748692425,141.37419478670483,2052.490962563625
2026-01-02 01:00:00+00:00,SOLUSDT,1h,141.37419478670483,142.56100311710028,139.3746137697609,140.5545412714349,1260.28990185906
2026-01-02 02:00:00+00:00,SOLUSDT,1h,140.5545412714349,141.94636751801448,137.1552108342111,138.52695916680227,1389.0465532193025
2026-01-02 03:00:00+00:00,SOLUSDT,1h,138.52695916680227,139.83963201889787,137.78190310593772,139.09153940880364,1552.2388953760085
2026-01-02 04:00:00+00:00,SOLUSDT,1h,139.09153940880364,141.867378487897,137.83125883172696,140.5934890460139,1199.9166374262863
2026-01-02 05:00:00+00:00,SOLUSDT,1h,140.5934890460139,142.03269787971405,139.96786322869758,141.4034677448089,1379.665123443617
2026-01-02 06:00:00+00:00,SOLUSDT,1h,141.4034677448089,142.87010645408083,138.83512075177853,140.29021276511335,1382.6765353900446
2026-01-02 07:00:00+00:00,SOLUSDT,1h,140.29021276511335,141.04827981808475,139.2389731151272,139.9954473846902,990.355664073874
2026-01-02 08:00:00+00:00,SOLUSDT,1h,139.9954473846902,142.2641994975087,138.48267100229756,140.7433414489047,1659.5965069016524
2026-01-02 09:00:00+00:00,SOLUSDT,1h,140.7433414489047,142.9142673593527,138.9682540868118,141.1342497716709,1345.6000708298911
2026-01-02 10:00:00+00:00,SOLUSDT,1h,141.1342497716709,142.16765345660994,139.50182179294427,140.53080698984516,1559.8668884154931
2026-01-02 11:00:00+00:00,SOLUSDT,1h,140.53080698984516,142.33760807788985,139.772217196165,141.57339038567218,1469.7433600198297
2026-01-02 12:00:00+00:00,SOLUSDT,1h,141.57339038567218,143.0249230488919,139.21200640874764,140.65411385507414,2281.5890709698524
2026-01-02 13:00:00+00:00,SOLUSDT,1h,140.65411385507414,141.2422482473412,140.14044035469408,140.7283038028053,2162.9146215348974
2026-01-02 14:00:00+00:00,SOLUSDT,1h,140.7283038028053,143.22135062427753,139.26562887354223,141.7480765758018,1276.0757757172544
2026-01-02 15:00:00+00:00,SOLUSDT,1h,141.7480765758018,144.12863068308576,140.4766004756928,142.84729462919495,1517.2856879596186
2026-01-02 16:00:00+00:00,SOLUSDT,1h,142.84729462919495,144.98297183233447,140.4874898997154,142.61976536490778,1407.7074677372154
2026-01-02 17:00:00+00:00,SOLUSDT,1h,142.61976536490778,143.3789818107763,141.9397997757413,142.69864017166816,1275.3172577342582
2026-01-02 18:00:00+00:00,SOLUSDT,1h,142.69864017166816,144.05717616753284,140.71238823736832,142.06489073904172,1518.7097510074486
2026-01-02 19:00:00+00:00,SOLUSDT,1h,142.06489073904172,143.05696401862568,140.6922177984242,141.68161456838197,1695.0145827835815
2026-01-02 20:00:00+00:00,SOLUSDT,1h,141.68161456838197,143.03291853249343,139.90445180655948,141.25165498389853,2059.479947114298
2026-01-02 21:00:00+00:00,SOLUSDT,1h,141.25165498389853,142.84231958684018,139.9570587745578,141.54503450271773,1303.457435040782
2026-01-02 22:00:00+00:00,SOLUSDT,1h,141.54503450271773,143.0025905400303,139.41616354800374,140.8667348132188,1633.656936393379
2026-01-02 23:00:00+00:00,SOLUSDT,1h,140.8667348132188,142.35645599677213,139.53974765502397,141.02795016420225,1324.9018413889146
2026-01-03 00:00:00+00:00,SOLUSDT,1h,141.02795016420225,141.9220097667397,140.28409428351603,141.1773657891468,1970.5136676052464
2026-01-03 01:00:00+00:00,SOLUSDT,1h,141.1773657891468,142.3617987388616,139.9979408936327,141.1823323516577,1862.3764168764037
2026-01-03 02:00:00+00:00,SOLUSDT,1h,141.1823323516577,143.11500897795923,139.07013362909757,141.00031862870506,1463.1068206686373
2026-01-03 03:00:00+00:00,SOLUSDT,1h,141.00031862870506,142.35342627903304,139.9926122684158,141.34326890883182,1559.4398700660863
2026-01-03 04:00:00+00:00,SOLUSDT,1h,141.34326890883182,143.1187929224643,139.3738460512952,141.146903362798,1339.5333800749656
2026-01-03 05:00:00+00:00,SOLUSDT,1h,141.146903362798,141.88106326118768,140.0524748048454,140.7847510080948,1695.6837178395797
2026-01-03 06:00:00+00:00,SOLUSDT,1h,140.7847510080948,143.46362799814557,139.6313433305523,142.29782416136592,1487.5705026989722
2026-01-03 07:00:00+00:00,SOLUSDT,1h,142.29782416136592,145.80255140889352,140.33861557336425,143.82235255530168,1352.0199203267612
2026-01-03 08:00:00+00:00,SOLUSDT,1h,143.82235255530168,144.22410466469952,142.8526296333376,143.2527907336941,1809.9818135634048
2026-01-03 09:00:00+00:00,SOLUSDT,1h,143.2527907336941,146.1907021020139,142.34266742466727,145.2677770458055,1727.5976110305471
2026-01-03 10:00:00+00:00,SOLUSDT,1h,145.2677770458055,147.17013959655534,144.23311608500944,146.12934219009935,2082.9234021856723
2026-01-03 11:00:00+00:00,SOLUSDT,1h,146.12934219009935,148.3434369839526,144.2512210165977,146.46105251753465,1046.7555407827529
2026-01-03 12:00:00+00:00,SOLUSDT,1h,146.46105251753465,148.26589614145752,144.3941324802705,146.19570623456792,1574.0873260394774
2026-01-03 13:00:00+00:00,SOLUSDT,1h,146.19570623456792,146.63253440338116,145.38884614561263,145.82456535716562,1227.4820748347902
2026-01-03 14:00:00+00:00,SOLUSDT,1h,145.82456535716562,147.1444030135004,143.97838195104234,145.2934122149002,1482.443698701056
2026-01-03 15:00:00+00:00,SOLUSDT,1h,145.2934122149002,147.09027559604067,144.6837279586869,146.47563048266065,1531.2812568682778
2026-01-03 16:00:00+00:00,SOLUSDT,1h,146.47563048266065,147.75451331049348,145.62403168727587,146.90044467590042,1667.6675914949833
2026-01-03 17:00:00+00:00,SOLUSDT,1h,146.90044467590042,148.00083333451514,145.63309971468794,146.73222831328016,1443.5200506878864
2026-01-03 18:00:00+00:00,SOLUSDT,1h,146.73222831328016,147.45800852906297,145.59500529563772,146.31874027951872,1964.8575019638872
2026-01-03 19:00:00+00:00,SOLUSDT,1h,146.31874027951872,147.31306643016595,145.54817523280445,146.54132915352562,1495.9133196366192
2026-01-03 20:00:00+00:00,SOLUSDT,1h,146.54132915352562,147.66400401270766,145.14628643969434,146.2668585387845,1849.234688623966
2026-01-03 21:00:00+00:00,SOLUSDT,1h,146.2668585387845,149.80320263882507,144.93841157874218,148.45488327001064,1849.652026024148
2026-01-03 22:00:00+00:00,SOLUSDT,1h,148.45488327001064,151.52595027289098,146.7637195561447,149.81924407610322,1863.2291686479532
2026-01-03 23:00:00+00:00,SOLUSDT,1h,149.81924407610322,150.7840523520425,148.88579410570705,149.85040821324648,2276.294023882607
2026-01-04 00:00:00+00:00,SOLUSDT,1h,149.85040821324648,150.8745235928397,148.87817928916868,149.9019601996545,2116.69427362525
2026-01-04 01:00:00+00:00,SOLUSDT,1h,149.9019601996545,150.7577155896184,148.12840765453333,148.97889347145832,1738.252404305034
2026-01-04 02:00:00+00:00,SOLUSDT,1h,148.97889347145832,149.8967581707907,148.6693330392643,149.5859363755983,1820.6417909168335
2026-01-04 03:00:00+00:00,SOLUSDT,1h,149.5859363755983,150.58147576041944,148.83721264898017,149.83152279804645,1590.2183726276314
2026-01-04 04:00:00+00:00,SOLUSDT,1h,149.83152279804645,153.7280914904254,148.32228316496412,152.1950443148435,1524.9685686260375
2026-01-04 05:00:00+00:00,SOLUSDT,1h,152.1950443148435,154.0447252433673,149.16223900085302,150.9973640923189,1833.3309146427855
2026-01-04 06:00:00+00:00,SOLUSDT,1h,150.9973640923189,153.27737507018958,149.21740799777984,151.49159300792115,1869.935754341883
2026-01-04 07:00:00+00:00,SOLUSDT,1h,151.49159300792115,152.98943250246853,150.81593526530904,152.31012408296115,1868.9353471916868
2026-01-04 08:00:00+00:00,SOLUSDT,1h,152.31012408296115,152.46684591477137,151.93423531376558,152.09073139811707,971.0449090890468
2026-01-04 09:00:00+00:00,SOLUSDT,1h,152.09073139811707,153.75167323226472,149.68245014632026,151.33514037480737,2292.281328695061
2026-01-04 10:00:00+00:00,SOLUSDT,1h,151.33514037480737,151.73934548978193,149.9667328074661,150.36835571116336,1784.214808997197
2026-01-04 11:00:00+00:00,SOLUSDT,1h,150.36835571116336,151.8672781362974,147.48923389772494,148.9742595022114,1470.9234969359218
2026-01-04 12:00:00+00:00,SOLUSDT,1h,148.9742595022114,151.1508498025022,147.21854399726763,149.39023191232425,1421.4090898461527
2026-01-04 13:00:00+00:00,SOLUSDT,1h,149.39023191232425,151.07703222080266,148.66989558166932,150.35205811464903,1380.5825405479047
2026-01-04 14:00:00+00:00,SOLUSDT,1h,150.35205811464903,151.10143659905347,148.20793754064854,148.95032958793954,2184.545244911434
2026-01-04 15:00:00+00:00,SOLUSDT,1h,148.95032958793954,149.85723771159337,148.1598220235252,149.0661156486606,1939.5656584853357
2026-01-04 16:00:00+00:00,SOLUSDT,1h,149.0661156486606,151.50294891725758,147.44628857495144,149.87433928075615,1622.8919023756584
2026-01-04 17:00:00+00:00,SOLUSDT,1h,149.87433928075615,151.12161760239562,148.49454837604247,149.74071465206154,1794.917698077477
2026-01-04 18:00:00+00:00,SOLUSDT,1h,149.74071465206154,150.41693782690305,147.23028947120318,147.89819188573804,1690.6431827279796
2026-01-04 19:00:00+00:00,SOLUSDT,1h,147.89819188573804,149.12717705176323,146.8401952615979,148.06796594098856,1939.573263694868
2026-01-04 20:00:00+00:00,SOLUSDT,1h,148.06796594098856,148.77702159020947,147.69294998100173,148.40116173573114,1626.740315025074
2026-01-04 21:00:00+00:00,SOLUSDT,1h,148.40116173573114,150.90738000704215,147.1604622775069,149.65618797345667,1827.5385905021865
2026-01-04 22:00:00+00:00,SOLUSDT,1h,149.65618797345667,151.48390655558384,148.28204487573183,150.1056366204432,1374.5941760019946
2026-01-04 23:00:00+00:00,SOLUSDT,1h,150.1056366204432,153.29629380271234,148.79022462861445,151.9645913411389,1290.0869966372943
2026-01-05 00:00:00+00:00,SOLUSDT,1h,151.9645913411389,152.77919479368467,151.2190784436447,152.03334460416812,1903.1394820986868
2026-01-05 01:00:00+00:00,SOLUSDT,1h,152.03334460416812,158.54223943984434,150.966360076392,157.437329232006,4019.027077484926
2026-01-05 02:00:00+00:00,SOLUSDT,1h,157.437329232006,158.01047375346815,156.76298189554333,157.3357566459256,1389.354547357471
2026-01-05 03:00:00+00:00,SOLUSDT,1h,157.3357566459256,158.3658334635309,155.4154871093175,156.43969742940294,1213.9245006905116
2026-01-05 04:00:00+00:00,SOLUSDT,1h,156.43969742940294,157.37443367796257,153.9349083601361,154.86020706231443,1878.9447729277863
2026-01-05 05:00:00+00:00,SOLUSDT,1h,154.86020706231443,157.47284637903667,152.58441190574254,155.19217272041965,1703.0302818989906
2026-01-05 06:00:00+00:00,SOLUSDT,1h,155.19217272041965,157.5504311230363,153.67420786544145,156.02432680692996,1235.9462629109482
2026-01-05 07:00:00+00:00,SOLUSDT,1h,156.02432680692996,157.63300815303637,153.31986608246407,154.9171317469525,1523.9661660788229
2026-01-05 08:00:00+00:00,SOLUSDT,1h,154.9171317469525,157.8037447280867,153.39241393065308,156.26575357202844,1491.404648166441
2026-01-05 09:00:00+00:00,SOLUSDT,1h,156.26575357202844,157.72657197481908,154.3800662142875,155.83687533670548,1983.60816750979
2026-01-05 10:00:00+00:00,SOLUSDT,1h,155.83687533670548,157.98817644571974,153.75248040784896,155.9028984255457,1583.8969781781664
2026-01-05 11:00:00+00:00,SOLUSDT,1h,155.9028984255457,157.7035216744817,154.76730818564386,156.56312239062706,2407.4828123179727
2026-01-05 12:00:00+00:00,SOLUSDT,1h,156.56312239062706,157.88304891469278,153.49478188979586,154.79984284780508,1681.3870358087038
2026-01-05 13:00:00+00:00,SOLUSDT,1h,154.79984284780508,156.639584858604,152.03266159716568,153.86124874520848,1747.9620496137766
2026-01-05 14:00:00+00:00,SOLUSDT,1h,153.86124874520848,155.6164020064624,151.82307281148698,153.57496027221524,2144.028063318828
2026-01-05 15:00:00+00:00,SOLUSDT,1h,153.57496027221524,154.36639490003702,152.86411675608184,153.65518007515195,1691.897620733913
2026-01-05 16:00:00+00:00,SOLUSDT,1h,153.65518007515195,154.50631983779283,152.4483058390713,153.29746411120533,1716.4685678228989
2026-01-05 17:00:00+00:00,SOLUSDT,1h,153.29746411120533,154.3214042771518,151.49431135419687,152.51301182351634,1380.4211822216907
2026-01-05 18:00:00+00:00,SOLUSDT,1h,152.51301182351634,154.00263122940842,148.79832693473026,150.26599940465672,1749.1147761150885
2026-01-05 19:00:00+00:00,SOLUSDT,1h,150.26599940465672,153.29729559591738,148.6760216843678,151.6922268380541,1767.5097183571484
2026-01-05 20:00:00+00:00,SOLUSDT,1h,151.6922268380541,154.2818439384049,150.48460312354365,153.0633050530816,1327.790351962334
2026-01-05 21:00:00+00:00,SOLUSDT,1h,153.0633050530816,154.3757080697011,150.37420530673293,151.67470209467888,1549.7641760640115
2026-01-05 22:00:00+00:00,SOLUSDT,1h,151.67470209467888,153.09466885174174,149.7627070640959,151.1780239591071,1957.248304893084
2026-01-05 23:00:00+00:00,SOLUSDT,1h,151.1780239591071,152.22554508310736,148.81324344314422,149.8515735166064,1340.1674454612382
2026-01-06 00:00:00+00:00,SOLUSDT,1h,149.8515735166064,151.14936748152513,148.0521061206541,149.34551737142633,2056.8652792458192
2026-01-06 01:00:00+00:00,SOLUSDT,1h,149.34551737142633,150.7153801533635,147.74435862942025,149.11208022314514,1787.3266187381591
2026-01-06 02:00:00+00:00,SOLUSDT,1h,149.11208022314514,150.48560401492415,146.74092915063946,148.10517801217344,1142.3085796200412
2026-01-06 03:00:00+00:00,SOLUSDT,1h,148.10517801217344,150.83299730084065,146.75540820489206,149.47078193983185,1845.5283337055332
2026-01-06 04:00:00+00:00,SOLUSDT,1h,149.47078193983185,153.04535374592294,148.33104773560626,151.88719408398276,1220.5788071504974
2026-01-06 05:00:00+00:00,SOLUSDT,1h,151.88719408398276,153.8487622944184,149.59339203411292,151.55061342702442,1817.296589670992
2026-01-06 06:00:00+00:00,SOLUSDT,1h,151.55061342702442,154.10210408662243,149.03915439139246,151.589992471273,1721.16514586994
2026-01-06 07:00:00+00:00,SOLUSDT,1h,151.589992471273,155.14756046434368,150.14680965768363,153.68443789359603,1251.136878942468
2026-01-06 08:00:00+00:00,SOLUSDT,1h,153.68443789359603,155.55591992715537,152.42611161764285,154.2926140704829,1418.3003363688454
2026-01-06 09:00:00+00:00,SOLUSDT,1h,154.2926140704829,154.83727038148425,153.05529627942522,153.59749881834398,1571.4300639998298
2026-01-06 10:00:00+00:00,SOLUSDT,1h,153.59749881834398,154.8035814073149,151.97179421506925,153.17455575868263,1685.000023128801
2026-01-06 11:00:00+00:00,SOLUSDT,1h,153.17455575868263,154.4621237420938,144.80588945890878,146.03342994679133,1946.499846765244
2026-01-06 12:00:00+00:00,SOLUSDT,1h,146.03342994679133,147.99758539531774,143.70852396848846,145.66776115723263,1723.4764610985098
2026-01-06 13:00:00+00:00,SOLUSDT,1h,145.66776115723263,147.236266995468,145.2321266639839,146.79725463524986,1744.231443250015
2026-01-06 14:00:00+00:00,SOLUSDT,1h,146.79725463524986,150.28033662545178,145.39013516203033,148.853507023561,1321.622096863476
2026-01-06 15:00:00+00:00,SOLUSDT,1h,148.853507023561,149.56229423528754,148.1449297677192,148.853715984742,1385.5149968787366
2026-01-06 16:00:00+00:00,SOLUSDT,1h,148.853715984742,149.37280311472782,147.89178658830122,148.40932402134234,1669.841863754022
2026-01-06 17:00:00+00:00,SOLUSDT,1h,148.40932402134234,149.84914285635637,146.66681329138734,148.10366673918728,1782.8409252852264
2026-01-06 18:00:00+00:00,SOLUSDT,1h,148.10366673918728,150.46073390898843,146.85177051760724,149.19957416011252,1680.2115765633253
2026-01-06 19:00:00+00:00,SOLUSDT,1h,149.19957416011252,151.5854115534995,146.9438503156986,149.3277498420135,1257.1757445074206
2026-01-06 20:00:00+00:00,SOLUSDT,1h,149.3277498420135,150.2619954301488,146.99147420590498,147.91689298997403,1704.2944609594367
2026-01-06 21:00:00+00:00,SOLUSDT,1h,147.91689298997403,149.10204548082444,146.87607709695027,148.06022106111155,1794.298195953215
2026-01-06 22:00:00+00:00,SOLUSDT,1h,148.06022106111155,148.59138554313338,146.63840695378155,147.16636473565998,1131.783698093761
2026-01-06 23:00:00+00:00,SOLUSDT,1h,147.16636473565998,149.91552085163002,145.9255293175797,148.66207433555837,1632.69923980344
2026-01-07 00:00:00+00:00,SOLUSDT,1h,148.66207433555837,150.2329262827267,145.9927878583536,147.55190913939296,1943.415299189172
2026-01-07 01:00:00+00:00,SOLUSDT,1h,147.55190913939296,148.4635689038132,146.58608330072062,147.49740631564197,2065.095521451588
2026-01-07 02:00:00+00:00,SOLUSDT,1h,147.49740631564197,150.48586290246763,145.52760066187574,148.50263260298334,1922.258349789716
2026-01-07 03:00:00+00:00,SOLUSDT,1h,148.50263260298334,150.9301212073927,146.52817955666782,148.9497237514423,1685.6474873618638
2026-01-07 04:00:00+00:00,SOLUSDT,1h,148.9497237514423,150.8793707800142,146.63230047491624,148.55685791775744,1548.480708121196
2026-01-07 05:00:00+00:00,SOLUSDT,1h,148.55685791775744,151.2753562995037,146.68795645717478,149.3958993799795,1392.1229213646432
2026-01-07 06:00:00+00:00,SOLUSDT,1h,149.3958993799795,150.8196130620392,147.666873790041,149.08764991502878,1784.7539060683548
2026-01-07 07:00:00+00:00,SOLUSDT,1h,149.08764991502878,150.1132225379173,147.28411221256917,148.3042961518612,1628.8119459237582
2026-01-07 08:00:00+00:00,SOLUSDT,1h,148.3042961518612,149.78412360440856,147.2339272893381,148.7108206986512,1495.7951914445669
2026-01-07 09:00:00+00:00,SOLUSDT,1h,148.7108206986512,149.24870380535853,146.9903883036043,147.52397863394245,1281.3423904224016
2026-01-07 10:00:00+00:00,SOLUSDT,1h,147.52397863394245,148.45358064651734,146.45921807148292,147.38796300029455,1749.4610947577196
2026-01-07 11:00:00+00:00,SOLUSDT,1h,147.38796300029455,148.8841534758371,145.90779473123774,147.40382590094742,1061.1633169071854
2026-01-07 12:00:00+00:00,SOLUSDT,1h,147.40382590094742,147.91547822781357,146.48061879071474,146.99083759694176,1654.28343946653
2026-01-07 13:00:00+00:00,SOLUSDT,1h,146.99083759694176,149.4625579920204,144.98580430228785,147.45124450202323,1934.7033872794827
2026-01-07 14:00:00+00:00,SOLUSDT,1h,147.45124450202323,150.45204038872845,146.43063046538754,149.41781433557216,819.3572120192383
2026-01-07 15:00:00+00:00,SOLUSDT,1h,149.41781433557216,150.34432450387013,148.79436651005446,149.71961740103174,1852.679345480281
2026-01-07 16:00:00+00:00,SOLUSDT,1h,149.71961740103174,152.2996757981284,148.43150423164747,151.00054218856098,1432.6954761039292
2026-01-07 17:00:00+00:00,SOLUSDT,1h,151.00054218856098,152.36946508459022,150.28091790451808,151.64676111074965,1218.2194768766808
2026-01-07 18:00:00+00:00,SOLUSDT,1h,151.64676111074965,153.51239499151305,149.6911704998669,151.55568390352735,1906.369344145854
2026-01-07 19:00:00+00:00,SOLUSDT,1h,151.55568390352735,153.49684724704176,149.93721524297345,151.8749689300768,1193.0082585406342
2026-01-07 20:00:00+00:00,SOLUSDT,1h,151.8749689300768,153.11083216956695,151.35423173190074,152.58765138068512,1418.6803095761186
2026-01-07 21:00:00+00:00,SOLUSDT,1h,152.58765138068512,154.37676856451043,151.1771908673733,152.96283995489995,1824.0129479976656
2026-01-07 22:00:00+00:00,SOLUSDT,1h,152.96283995489995,153.62159691825914,152.66529053292265,153.32334622509498,1885.881827204716
2026-01-07 23:00:00+00:00,SOLUSDT,1h,153.32334622509498,154.37314545870453,152.08537328970627,153.13387522242664,1814.7229067362289
2026-01-08 00:00:00+00:00,SOLUSDT,1h,153.13387522242664,153.74920476409997,152.40871489461782,153.02360132868745,1868.64428884444
2026-01-08 01:00:00+00:00,SOLUSDT,1h,153.02360132868745,153.2899200496501,152.84012671803572,153.10634622823548,1861.950183611448
2026-01-08 02:00:00+00:00,SOLUSDT,1h,153.10634622823548,154.55333442917325,151.13803859048372,152.58005286113587,1091.0913923222336
2026-01-08 03:00:00+00:00,SOLUSDT,1h,152.58005286113587,155.0429953434582,151.77581839445688,154.2300638310806,1627.586311999161
2026-01-08 04:00:00+00:00,SOLUSDT,1h,154.2300638310806,156.86997874353565,150.64911982813052,153.2726468898791,1971.305418873503
2026-01-08 05:00:00+00:00,SOLUSDT,1h,153.2726468898791,155.45730238136957,151.79805016704788,153.97593946155263,316.84177596131315
2026-01-08 06:00:00+00:00,SOLUSDT,1h,153.97593946155263,155.56214475552648,153.2011400702352,154.78328285178327,1476.237921792649
2026-01-08 07:00:00+00:00,SOLUSDT,1h,154.78328285178327,156.38803690335,153.42298392848545,155.02560832448776,1872.2946322170087
2026-01-08 08:00:00+00:00,SOLUSDT,1h,155.02560832448776,156.24530883275065,153.34441174370446,154.56045252912438,1416.737699213135
2026-01-08 09:00:00+00:00,SOLUSDT,1h,154.56045252912438,156.33734215470733,152.51233591335375,154.28607113923636,1637.0553055551948
2026-01-08 10:00:00+00:00,SOLUSDT,1h,154.28607113923636,155.7114092591734,153.4019397015452,154.82419412477944,1682.6887733075455
2026-01-08 11:00:00+00:00,SOLUSDT,1h,154.82419412477944,156.8670543064146,153.37674213660202,155.41408740369678,1893.3309292147155
2026-01-08 12:00:00+00:00,SOLUSDT,1h,155.41408740369678,158.3616937238222,153.9159067214284,156.8496740886312,1066.0602886824863
2026-01-08 13:00:00+00:00,SOLUSDT,1h,156.8496740886312,157.85577458920417,155.88153218174278,156.88739982327485,1724.599115005141
2026-01-08 14:00:00+00:00,SOLUSDT,1h,156.88739982327485,159.5273661764298,155.00909884133486,157.64005420025487,1396.2174001015924
2026-01-08 15:00:00+00:00,SOLUSDT,1h,157.64005420025487,158.38554762070245,156.2772744973472,157.01983484694887,1349.0283910241978
2026-01-08 16:00:00+00:00,SOLUSDT,1h,157.01983484694887,158.73522734335026,154.64570939903885,156.35382595699926,1148.5170910625282
2026-01-08 17:00:00+00:00,SOLUSDT,1h,156.35382595699926,157.4696009240156,155.1613810821037,156.2766049834284,1069.589288622649
2026-01-08 18:00:00+00:00,SOLUSDT,1h,156.2766049834284,157.22957725985907,155.33800639143732,156.2908928547935,1352.237427630487
2026-01-08 19:00:00+00:00,SOLUSDT,1h,156.2908928547935,157.8685192812706,154.33418894928346,155.90794988534458,1454.0967818601025
2026-01-08 20:00:00+00:00,SOLUSDT,1h,155.90794988534458,157.71368110510383,154.46774823646695,156.27013377796075,1509.260769387414
2026-01-08 21:00:00+00:00,SOLUSDT,1h,156.27013377796075,157.92127050515452,155.07141731296906,156.71911003446547,1941.0180991911773
2026-01-08 22:00:00+00:00,SOLUSDT,1h,156.71911003446547,157.93198005286308,155.38076774055926,156.5926591386707,1703.6675477951828
2026-01-08 23:00:00+00:00,SOLUSDT,1h,156.5926591386707,157.89791738184636,155.38473163287105,156.68924483144744,2104.4886008136477
2026-01-09 00:00:00+00:00,SOLUSDT,1h,156.68924483144744,157.40168822070606,155.89451769996327,156.60658524802213,1864.0218422343712
2026-01-09 01:00:00+00:00,SOLUSDT,1h,156.60658524802213,158.5799929511502,155.71868659297348,157.6859745768584,1105.907881083549
2026-01-09 02:00:00+00:00,SOLUSDT,1h,157.6859745768584,165.2221496831461,156.2880672582694,163.77030396827433,5598.070742549622
2026-01-09 03:00:00+00:00,SOLUSDT,1h,163.77030396827433,165.45356711108107,160.3929958504774,162.05866644884546,1890.00076249652
2026-01-09 04:00:00+00:00,SOLUSDT,1h,162.05866644884546,164.91130910619756,160.94005020096412,163.78080572498592,1609.2631320085115
2026-01-09 05:00:00+00:00,SOLUSDT,1h,163.78080572498592,166.31842944191163,160.31439234380858,162.83739889273568,1475.70752558116
2026-01-09 06:00:00+00:00,SOLUSDT,1h,162.83739889273568,164.7024166145122,161.31946549362564,163.1812776553614,869.3062862441334
2026-01-09 07:00:00+00:00,SOLUSDT,1h,163.1812776553614,165.2473084915711,159.99735923345978,162.04905505005428,1161.6783847720362
2026-01-09 08:00:00+00:00,SOLUSDT,1h,162.04905505005428,162.49255417331497,161.15212647449252,161.59438123728924,1020.617105479828
2026-01-09 09:00:00+00:00,SOLUSDT,1h,161.59438123728924,164.9428237011513,159.73564158470842,163.06714359695465,1327.2323821970597
2026-01-09 10:00:00+00:00,SOLUSDT,1h,163.06714359695465,164.57576102808167,161.9496971029333,163.45565220995312,1984.1736473014869
2026-01-09 11:00:00+00:00,SOLUSDT,1h,163.45565220995312,164.49043439055924,162.2940812135066,163.32805562348997,1175.8303385326165
2026-01-09 12:00:00+00:00,SOLUSDT,1h,163.32805562348997,164.35191457714524,162.4136026786744,163.436852492541,1540.4493151229592
2026-01-09 13:00:00+00:00,SOLUSDT,1h,163.436852492541,165.8537868070462,161.60841836910973,164.0188417347458,1728.2600196444143
2026-01-09 14:00:00+00:00,SOLUSDT,1h,164.0188417347458,164.20973299722488,162.64597494848147,162.83548898076688,1219.2832867916711
2026-01-09 15:00:00+00:00,SOLUSDT,1h,162.83548898076688,165.89064068822225,160.78157736807384,163.8242573299208,1465.8415160338322
2026-01-09 16:00:00+00:00,SOLUSDT,1h,163.8242573299208,165.75335016367958,161.12906152713512,163.04902571426587,1648.249964921746
2026-01-09 17:00:00+00:00,SOLUSDT,1h,163.04902571426587,164.5492962933576,161.30949038505767,162.80753896086063,2028.9148257673
2026-01-09 18:00:00+00:00,SOLUSDT,1h,162.80753896086063,163.7145826273565,161.74672065718326,162.65290280493906,1816.276331743641
2026-01-09 19:00:00+00:00,SOLUSDT,1h,162.65290280493906,163.87675087726706,160.25558387373266,161.4705354679703,1792.7243131161265
2026-01-09 20:00:00+00:00,SOLUSDT,1h,161.4705354679703,163.76909330289487,160.6997453345501,162.99104491843346,1331.2953357777117
2026-01-09 21:00:00+00:00,SOLUSDT,1h,162.99104491843346,164.8548771234995,161.90935704725217,163.7680327828361,1548.6736220710486
2026-01-09 22:00:00+00:00,SOLUSDT,1h,163.7680327828361,165.5618340116975,161.96882197521265,163.76256329510622,988.4818516786684
2026-01-09 23:00:00+00:00,SOLUSDT,1h,163.76256329510622,165.38374922959994,162.79099179889948,164.4083464274373,1633.3683115899887
2026-01-10 00:00:00+00:00,SOLUSDT,1h,164.4083464274373,165.4443798010243,163.74579005927592,164.78032438267226,1656.1753762336775
2026-01-10 01:00:00+00:00,SOLUSDT,1h,164.78032438267226,167.47982900674202,162.68367053838668,165.37560090375166,1460.2089548058298
2026-01-10 02:00:00+00:00,SOLUSDT,1h,165.37560090375166,166.72389040990373,163.8750037723308,165.2220413237254,2128.2067580068287
2026-01-10 03:00:00+00:00,SOLUSDT,1h,165.2220413237254,167.89114887932757,164.26637634110267,166.9256301256839,961.4107293367244
2026-01-10 04:00:00+00:00,SOLUSDT,1h,166.9256301256839,168.96798403560058,164.5290683033557,166.56703475851384,1526.7021782736929
2026-01-10 05:00:00+00:00,SOLUSDT,1h,166.56703475851384,168.15016374092576,164.06179363083302,165.63607434131598,1369.467710022696
2026-01-10 06:00:00+00:00,SOLUSDT,1h,165.63607434131598,168.29723902838737,163.59234069954496,166.24597994503856,1464.4017217281798
2026-01-10 07:00:00+00:00,SOLUSDT,1h,166.24597994503856,167.04300084038755,165.34405370942662,166.1405692419815,1619.234720378642
2026-01-10 08:00:00+00:00,SOLUSDT,1h,166.1405692419815,169.89236905341872,164.23308152426202,167.96394683202183,1847.24081433598
2026-01-10 09:00:00+00:00,SOLUSDT,1h,167.96394683202183,168.93532294589593,166.78172952266013,167.751879198135,1607.232978749444
2026-01-10 10:00:00+00:00,SOLUSDT,1h,167.751879198135,168.91158255116716,166.89133274222857,168.0495092895904,1478.767503897842
2026-01-10 11:00:00+00:00,SOLUSDT,1h,168.0495092895904,170.8770302696706,165.99181311314362,168.81002193298562,859.1458783125905
2026-01-10 12:00:00+00:00,SOLUSDT,1h,168.81002193298562,170.12885168568894,167.01367343378016,168.3287431921688,1438.285824013254
2026-01-10 13:00:00+00:00,SOLUSDT,1h,168.3287431921688,169.3700539323248,166.41695337296218,167.45284565937774,2149.56068851357
2026-01-10 14:00:00+00:00,SOLUSDT,1h,167.45284565937774,168.77031730399548,166.76957844219797,168.08447282315208,1536.2418868952154
2026-01-10 15:00:00+00:00,SOLUSDT,1h,168.08447282315208,171.9456628127351,166.3323699719801,170.17180176505033,1261.2108460782945
2026-01-10 16:00:00+00:00,SOLUSDT,1h,170.17180176505033,171.39685743808138,169.0349070773455,170.2593776676694,1625.0638205672135
2026-01-10 17:00:00+00:00,SOLUSDT,1h,170.2593776676694,171.8180845131019,167.80750821042236,169.3579626958,2029.201221359156
2026-01-10 18:00:00+00:00,SOLUSDT,1h,169.3579626958,170.8013014669764,167.9392684343732,169.3824024760205,1841.577217588286
2026-01-10 19:00:00+00:00,SOLUSDT,1h,169.3824024760205,169.93057315145165,168.37017676120618,168.91684074358307,1221.4107958779289
2026-01-10 20:00:00+00:00,SOLUSDT,1h,168.91684074358307,171.43796436885444,167.33842270438737,169.8508189110001,1942.975819637064
2026-01-10 21:00:00+00:00,SOLUSDT,1h,169.8508189110001,171.91399659584062,168.51173928410032,170.56925293756078,1499.0998328925325
2026-01-10 22:00:00+00:00,SOLUSDT,1h,170.56925293756078,171.81114964319409,169.05925729521914,170.29918768428263,1220.7318189862035
2026-01-10 23:00:00+00:00,SOLUSDT,1h,170.29918768428263,170.97849656392484,168.1419042340305,168.81529398876367,1512.3376995237447
2026-01-11 00:00:00+00:00,SOLUSDT,1h,168.81529398876367,169.88042316807184,166.9251287776592,167.985019393104,1416.1759413789214
2026-01-11 01:00:00+00:00,SOLUSDT,1h,167.985019393104,168.64571997315574,166.66304807212015,167.3211375436062,1886.4324931853985
2026-01-11 02:00:00+00:00,SOLUSDT,1h,167.3211375436062,168.50103849026857,164.60580663744926,165.7748032758264,1405.6616857624433
2026-01-11 03:00:00+00:00,SOLUSDT,1h,165.7748032758264,168.06663110757222,163.95152337964458,166.238253933336,1298.8712187149708
2026-01-11 04:00:00+00:00,SOLUSDT,1h,166.238253933336,167.9512690325284,165.4125038131265,167.1211334124788,1316.7011424211528
2026-01-11 05:00:00+00:00,SOLUSDT,1h,167.1211334124788,167.85413234649545,166.05277823505304,166.7842998054962,1509.5754845537508
2026-01-11 06:00:00+00:00,SOLUSDT,1h,166.7842998054962,168.9079774345607,164.9299712158505,167.05068711764562,1889.624332258613
2026-01-11 07:00:00+00:00,SOLUSDT,1h,167.05068711764562,169.04481847693108,166.29581301594433,168.28436957066253,1747.3996802487131
2026-01-11 08:00:00+00:00,SOLUSDT,1h,168.28436957066253,169.78613501386016,167.18144806656682,168.6806165406859,2452.153093132184
2026-01-11 09:00:00+00:00,SOLUSDT,1h,168.6806165406859,170.08601681150026,165.47822079044002,166.86852320043695,1178.7963184677806
2026-01-11 10:00:00+00:00,SOLUSDT,1h,166.86852320043695,168.495086307395,165.27677151731456,166.90300569721535,1678.3192351757584
2026-01-11 11:00:00+00:00,SOLUSDT,1h,166.90300569721535,169.5003227552197,165.25592971539282,167.8439609917593,1855.9243233016743
2026-01-11 12:00:00+00:00,SOLUSDT,1h,167.8439609917593,168.9887300536095,166.46702479255438,167.61019949900944,1468.0693915546829
2026-01-11 13:00:00+00:00,SOLUSDT,1h,167.61019949900944,167.7931190951761,166.70104811119697,166.88317427617292,1789.3699429278224
2026-01-11 14:00:00+00:00,SOLUSDT,1h,166.88317427617292,169.07046149752134,164.43088555601653,166.61465335497775,1620.9871298950009
2026-01-11 15:00:00+00:00,SOLUSDT,1h,166.61465335497775,167.50227064563714,166.0025739746536,166.8891827478908,1650.7847638574376
2026-01-11 16:00:00+00:00,SOLUSDT,1h,166.8891827478908,168.00348595021572,165.91299851582372,167.0264985175639,1475.122577644391
2026-01-11 17:00:00+00:00,SOLUSDT,1h,167.0264985175639,167.73645753465215,166.50838923188562,167.21775497934496,904.5959763765412
2026-01-11 18:00:00+00:00,SOLUSDT,1h,167.21775497934496,170.19922310173652,165.9902622993872,168.95894886785348,1620.834454702983
2026-01-11 19:00:00+00:00,SOLUSDT,1h,168.95894886785348,170.77611917637057,166.282087853435,168.08991157943552,2137.195546559308
2026-01-11 20:00:00+00:00,SOLUSDT,1h,168.08991157943552,169.95236823146098,165.24501606078314,167.09646520623784,2120.564103009971
2026-01-11 21:00:00+00:00,SOLUSDT,1h,167.09646520623784,167.9223313415297,165.07067095461986,165.8905770464549,1720.4581431094032
2026-01-11 22:00:00+00:00,SOLUSDT,1h,165.8905770464549,166.87513061136517,157.50268993467918,158.44304269793352,1927.2538408804216
2026-01-11 23:00:00+00:00,SOLUSDT,1h,158.44304269793352,159.6218001298311,158.05460809170845,159.23143272828864,1408.0604815964232
2026-01-12 00:00:00+00:00,SOLUSDT,1h,159.23143272828864,161.35617853233506,156.40510389193054,158.52036133088393,1301.7473666495762
2026-01-12 01:00:00+00:00,SOLUSDT,1h,158.52036133088393,159.69883458747876,157.58848069818148,158.7655128029459,2063.762005545596
2026-01-12 02:00:00+00:00,SOLUSDT,1h,158.7655128029459,159.27334038674897,158.1406331634467,158.64808514297792,1566.8431484281448
2026-01-12 03:00:00+00:00,SOLUSDT,1h,158.64808514297792,160.85554082134465,157.64766399285207,159.847555911939,1694.2540951792494
2026-01-12 04:00:00+00:00,SOLUSDT,1h,159.847555911939,160.51053281832344,158.80890959355838,159.47032190024262,1705.246469107751
2026-01-12 05:00:00+00:00,SOLUSDT,1h,159.47032190024262,162.74863537576343,157.29131749528403,160.5548124784429,2104.158296321003
2026-01-12 06:00:00+00:00,SOLUSDT,1h,160.5548124784429,161.60509270840663,158.61855009917156,159.66299645393187,1460.424684273927
2026-01-12 07:00:00+00:00,SOLUSDT,1h,159.66299645393187,160.91669285792167,158.36936510856364,159.6227454560316,1834.675006453164
2026-01-12 08:00:00+00:00,SOLUSDT,1h,159.6227454560316,161.46956418096553,158.7050405677733,160.54654815580787,1944.265696435663
2026-01-12 09:00:00+00:00,SOLUSDT,1h,160.54654815580787,161.8663078260981,159.2888016769826,160.6080793027549,1872.5745002472024
2026-01-12 10:00:00+00:00,SOLUSDT,1h,160.6080793027549,162.00238795788516,159.15045674712596,160.54421093313525,1886.818603863932
2026-01-12 11:00:00+00:00,SOLUSDT,1h,160.54421093313525,162.15216282499873,159.50719227694506,161.11147995348884,1535.838554389368
2026-01-12 12:00:00+00:00,SOLUSDT,1h,161.11147995348884,162.80480117479308,158.97640130060037,160.66503022562216,1889.3198235454229
2026-01-12 13:00:00+00:00,SOLUSDT,1h,160.66503022562216,162.9299539335041,158.0903751335818,160.3508700694731,1803.351921731984
2026-01-12 14:00:00+00:00,SOLUSDT,1h,160.3508700694731,163.36434246014863,158.5907966433919,161.5906606115742,1483.7528450030504
2026-01-12 15:00:00+00:00,SOLUSDT,1h,161.5906606115742,163.96269463102325,160.54444976068217,162.90795502172094,1335.1221742090104
2026-01-12 16:00:00+00:00,SOLUSDT,1h,162.90795502172094,164.68501796138818,161.4784941145522,163.2525334973873,1306.45204457534
2026-01-12 17:00:00+00:00,SOLUSDT,1h,163.2525334973873,166.13587946312867,160.33593797092058,163.21868612864,1645.1955768463222
2026-01-12 18:00:00+00:00,SOLUSDT,1h,163.21868612864,165.025821745419,162.34083283213943,164.14299714634808,1637.5104279132297
2026-01-12 19:00:00+00:00,SOLUSDT,1h,164.14299714634808,165.75262054112986,162.44856881201403,164.0573523545763,1496.155342209342
2026-01-12 20:00:00+00:00,SOLUSDT,1h,164.0573523545763,165.3589173775901,162.73297218560606,164.03435475491756,2157.972175660511
2026-01-12 21:00:00+00:00,SOLUSDT,1h,164.03435475491756,166.2588192809465,162.82417424347378,165.04121058589868,1823.657466742552
2026-01-12 22:00:00+00:00,SOLUSDT,1h,165.04121058589868,165.74636025279244,163.96695028122122,164.67051613113762,1737.4262556617705
2026-01-12 23:00:00+00:00,SOLUSDT,1h,164.67051613113762,166.13409744853925,163.4424282921054,164.9042663357842,1330.667609498531
2026-01-13 00:00:00+00:00,SOLUSDT,1h,164.9042663357842,166.3194333050789,162.38821646656064,163.79385415761547,1747.5275651470704
2026-01-13 01:00:00+00:00,SOLUSDT,1h,163.79385415761547,165.70758506401828,162.2877655526657,164.1977823293788,1480.9725419560414
2026-01-13 02:00:00+00:00,SOLUSDT,1h,164.1977823293788,165.15822699099562,162.94803555025223,163.90677803589432,1382.7654239730466
2026-01-13 03:00:00+00:00,SOLUSDT,1h,163.90677803589432,170.29263061010712,162.84256593410342,169.194089113873,5269.961649026336
2026-01-13 04:00:00+00:00,SOLUSDT,1h,169.194089113873,170.81979490301475,165.95162529448837,167.5616457088759,1643.3615105732383
2026-01-13 05:00:00+00:00,SOLUSDT,1h,167.5616457088759,167.92842008724335,166.80544292465984,167.17136301628793,1383.2008530317744
2026-01-13 06:00:00+00:00,SOLUSDT,1h,167.17136301628793,168.9290690454539,166.4264931122181,168.17970623957098,1439.9645158401202
2026-01-13 07:00:00+00:00,SOLUSDT,1h,168.17970623957098,169.8754080877219,165.20132631025385,166.88396360243877,1590.0232269736932
2026-01-13 08:00:00+00:00,SOLUSDT,1h,166.88396360243877,168.42125357303033,165.10856897565998,166.64364519805892,1610.6022663889123
2026-01-13 09:00:00+00:00,SOLUSDT,1h,166.64364519805892,169.23645926199973,165.46650267840403,168.0493868213183,1665.814923048018
2026-01-13 10:00:00+00:00,SOLUSDT,1h,168.0493868213183,168.2312010583915,167.81815673644962,167.99991745213967,1611.688492125894
2026-01-13 11:00:00+00:00,SOLUSDT,1h,167.99991745213967,168.94616867348927,166.71891133932633,167.66326639022935,1676.314232086436
2026-01-13 12:00:00+00:00,SOLUSDT,1h,167.66326639022935,168.3412774412765,166.94607752111,167.62392949827031,1514.695145510762
2026-01-13 13:00:00+00:00,SOLUSDT,1h,167.62392949827031,168.96363735534902,165.83184589899415,167.16790908473732,1841.5138292862916
2026-01-13 14:00:00+00:00,SOLUSDT,1h,167.16790908473732,168.51345601481157,165.61824146766693,166.9621320833564,1839.0137518473348
2026-01-13 15:00:00+00:00,SOLUSDT,1h,166.9621320833564,167.86825611087542,164.735584308691,165.63450313058206,965.7346455090676
2026-01-13 16:00:00+00:00,SOLUSDT,1h,165.63450313058206,168.47476309839354,164.91040105922528,167.7414501159794,1506.4149271694748
2026-01-13 17:00:00+00:00,SOLUSDT,1h,167.7414501159794,169.37339365051454,166.58747784983242,168.2161556618278,1341.566910545798
2026-01-13 18:00:00+00:00,SOLUSDT,1h,168.2161556618278,169.35425501178838,165.96694726178575,167.09747797876398,1598.228752289806
2026-01-13 19:00:00+00:00,SOLUSDT,1h,167.09747797876398,168.0953576199054,164.84761852429233,165.83797662306193,2262.143389688468
2026-01-13 20:00:00+00:00,SOLUSDT,1h,165.83797662306193,168.46486297788135,163.4958308485465,166.11875178856252,1883.7531642433337
2026-01-13 21:00:00+00:00,SOLUSDT,1h,166.11875178856252,168.12583389794523,163.07931083525168,165.07376721868715,1563.577542248771
2026-01-13 22:00:00+00:00,SOLUSDT,1h,165.07376721868715,166.68108147300828,163.73946288437213,165.34458807228455,1130.8058448563424
2026-01-13 23:00:00+00:00,SOLUSDT,1h,165.34458807228455,167.17988948525084,161.9802828016947,163.79842199104874,1649.7420346092165
2026-01-14 00:00:00+00:00,SOLUSDT,1h,163.79842199104874,165.6483963625574,161.76185846518266,163.6097013858584,1390.247117301399
2026-01-14 01:00:00+00:00,SOLUSDT,1h,163.6097013858584,166.73098682463402,161.16354953242947,164.2748896471536,964.8382293262674
2026-01-14 02:00:00+00:00,SOLUSDT,1h,164.2748896471536,167.4719033709734,163.1123450785448,166.29506239431396,1446.966409222929
2026-01-14 03:00:00+00:00,SOLUSDT,1h,166.29506239431396,168.73732924686186,165.1539017292426,167.5873008996659,1729.0430787542357
2026-01-14 04:00:00+00:00,SOLUSDT,1h,167.5873008996659,169.028755799937,165.64528404103993,167.0823961454775,2376.121116987548
2026-01-14 05:00:00+00:00,SOLUSDT,1h,167.0823961454775,167.71134208103948,166.30015183241346,166.9285185286065,1450.238663800294
2026-01-14 06:00:00+00:00,SOLUSDT,1h,166.9285185286065,168.02315169558108,165.99312361695218,167.08686945412063,1574.8855910418963
2026-01-14 07:00:00+00:00,SOLUSDT,1h,167.08686945412063,167.77886858076997,164.74388418800672,165.42901723179924,1173.4095163817285
2026-01-14 08:00:00+00:00,SOLUSDT,1h,165.42901723179924,166.97151685893758,163.9672948295156,165.5090869645581,1693.815178407072
2026-01-14 09:00:00+00:00,SOLUSDT,1h,165.5090869645581,167.09796200547336,163.72514210019668,165.3121263335656,1290.873130929827
2026-01-14 10:00:00+00:00,SOLUSDT,1h,165.3121263335656,166.27183136178482,163.4080822063704,164.36227294417375,1711.406923431637
2026-01-14 11:00:00+00:00,SOLUSDT,1h,164.36227294417375,166.5500130328977,162.055420153326,164.2415534075555,1470.5193665027894
2026-01-14 12:00:00+00:00,SOLUSDT,1h,164.2415534075555,165.644835839082,163.1434155595466,164.54467131004006,1439.1878206765462
2026-01-14 13:00:00+00:00,SOLUSDT,1h,164.54467131004006,165.91514611288352,162.17530315291864,163.5373884051955,1637.2636758205745
2026-01-14 14:00:00+00:00,SOLUSDT,1h,163.5373884051955,164.9694890053746,162.05537623081594,163.4870358929089,1566.6481841170475
2026-01-14 15:00:00+00:00,SOLUSDT,1h,163.4870358929089,165.23699925290055,161.33263848860585,163.07822595166806,2016.891492486801
2026-01-14 16:00:00+00:00,SOLUSDT,1h,163.07822595166806,164.27655475864236,160.50788774465892,161.69606014298398,1547.9914223184078
2026-01-14 17:00:00+00:00,SOLUSDT,1h,161.69606014298398,163.76053970063185,160.13189602526626,162.19158215902766,1789.3028671838756
2026-01-14 18:00:00+00:00,SOLUSDT,1h,162.19158215902766,164.97278726731375,160.95150720041093,163.7210186323293,1792.3118444649044
2026-01-14 19:00:00+00:00,SOLUSDT,1h,163.7210186323293,163.97798750526604,163.6046999336797,163.86156894998115,1343.4079879188012
2026-01-14 20:00:00+00:00,SOLUSDT,1h,163.86156894998115,166.66934193700365,162.59165833563137,165.3876046996767,2022.086613364393
2026-01-14 21:00:00+00:00,SOLUSDT,1h,165.3876046996767,167.144698935056,163.2161201046533,164.96876454084745,1549.213146569837
2026-01-14 22:00:00+00:00,SOLUSDT,1h,164.96876454084745,166.84674392469768,163.9447809414249,165.81749215731583,1770.356194869872
2026-01-14 23:00:00+00:00,SOLUSDT,1h,165.81749215731583,167.25018527781398,163.24607192086606,164.66884048316476,1729.3334805047937
2026-01-15 00:00:00+00:00,SOLUSDT,1h,164.66884048316476,166.83183669769275,161.41510459806503,163.56358277609343,1422.5522203644357
2026-01-15 01:00:00+00:00,SOLUSDT,1h,163.56358277609343,165.9629296761752,161.2775659949342,163.67535078962433,1355.482081690387
2026-01-15 02:00:00+00:00,SOLUSDT,1h,163.67535078962433,164.88001755904708,162.72355670512374,163.92676148766805,1662.0628273601762
2026-01-15 03:00:00+00:00,SOLUSDT,1h,163.92676148766805,165.06718759579073,162.73273374335471,163.87278433651045,986.6377561318128
2026-01-15 04:00:00+00:00,SOLUSDT,1h,163.87278433651045,164.91409220648214,162.8115093079082,163.85268948782962,1703.3385186117496
2026-01-15 05:00:00+00:00,SOLUSDT,1h,163.85268948782962,164.8390961726005,162.35319847008896,163.33649763740948,1502.7953846925402
2026-01-15 06:00:00+00:00,SOLUSDT,1h,163.33649763740948,164.0712149012092,162.27810533163324,163.01136006752796,2208.4306116303824
2026-01-15 07:00:00+00:00,SOLUSDT,1h,163.01136006752796,164.0606315130934,162.61615235976586,163.66384191646316,1095.307399237349
2026-01-15 08:00:00+00:00,SOLUSDT,1h,163.66384191646316,166.30513347244033,162.06558714053006,164.69679145600537,1598.0588803392002
2026-01-15 09:00:00+00:00,SOLUSDT,1h,164.69679145600537,167.25398819094357,162.62817291167116,165.17930914578102,1485.553852671444
2026-01-15 10:00:00+00:00,SOLUSDT,1h,165.17930914578102,169.3342116799234,163.1352891743736,167.26438976964596,2019.8896715275264
2026-01-15 11:00:00+00:00,SOLUSDT,1h,167.26438976964596,168.97475708602667,165.9150152773008,167.6224936568809,1633.9094959736403
2026-01-15 12:00:00+00:00,SOLUSDT,1h,167.6224936568809,169.53381812147984,165.99519352747288,167.90378715957232,1482.9470761413031
2026-01-15 13:00:00+00:00,SOLUSDT,1h,167.90378715957232,170.1984420435416,165.05642113734126,167.34341774005873,1976.5280396080168
2026-01-15 14:00:00+00:00,SOLUSDT,1h,167.34341774005873,168.93819149091345,166.28801169821267,167.87940506952506,1856.9701208153435
2026-01-15 15:00:00+00:00,SOLUSDT,1h,167.87940506952506,169.5994697133858,165.4572247583849,167.1700211720511,1565.360094635836
2026-01-15 16:00:00+00:00,SOLUSDT,1h,167.1700211720511,168.69687079573785,164.61380080211708,166.131161991588,1361.3056271831597
2026-01-15 17:00:00+00:00,SOLUSDT,1h,166.131161991588,168.19233439108157,162.90143687020478,164.94792901876582,1844.0330452159492
2026-01-15 18:00:00+00:00,SOLUSDT,1h,164.94792901876582,166.81692808736483,163.80875673253638,165.67275000334806,2085.134524107076
2026-01-15 19:00:00+00:00,SOLUSDT,1h,165.67275000334806,167.26713714307647,164.66008146940857,166.25093447800026,1892.1678153801265
2026-01-15 20:00:00+00:00,SOLUSDT,1h,166.25093447800026,167.50942541283473,163.8426345132349,165.09235520253642,1988.472673548789
2026-01-15 21:00:00+00:00,SOLUSDT,1h,165.09235520253642,165.447206531775,164.0561146124171,164.40949820128532,1773.7375976536775
2026-01-15 22:00:00+00:00,SOLUSDT,1h,164.40949820128532,165.058969417403,162.98698818150822,163.63339353069148,1509.1046709368495
2026-01-15 23:00:00+00:00,SOLUSDT,1h,163.63339353069148,166.30407373666333,161.9936812331946,164.65413297066044,2001.8558312321863
2026-01-16 00:00:00+00:00,SOLUSDT,1h,164.65413297066044,165.54935312323377,163.24821738289617,164.14064571890486,1386.505917310276
2026-01-16 01:00:00+00:00,SOLUSDT,1h,164.14064571890486,165.92869664842445,163.4630278061945,165.24651340850778,1901.51597026992
2026-01-16 02:00:00+00:00,SOLUSDT,1h,165.24651340850778,167.18356350874515,164.40608490812622,166.33758591440076,1435.530894962424
2026-01-16 03:00:00+00:00,SOLUSDT,1h,166.33758591440076,168.9858473370369,164.38880169685888,167.02896305686514,1588.1272870674095
2026-01-16 04:00:00+00:00,SOLUSDT,1h,167.02896305686514,168.33900298016917,165.422084492693,166.72977784951587,2225.1216902559404
2026-01-16 05:00:00+00:00,SOLUSDT,1h,166.72977784951587,169.01956925221774,164.90513752692934,167.1898935622639,1840.1047377722605
2026-01-16 06:00:00+00:00,SOLUSDT,1h,167.1898935622639,168.06339877774076,166.33377734118866,167.20719396783085,1567.9352916056223
2026-01-16 07:00:00+00:00,SOLUSDT,1h,167.20719396783085,168.2540314635318,165.591179933517,166.63443152368097,1851.1574112380197
2026-01-16 08:00:00+00:00,SOLUSDT,1h,166.63443152368097,166.84180432549994,166.3254380772658,166.53268425689993,1401.160748866776
2026-01-16 09:00:00+00:00,SOLUSDT,1h,166.53268425689993,169.19346915491968,164.33690986595397,166.99164327644675,1550.0483881601756
2026-01-16 10:00:00+00:00,SOLUSDT,1h,166.99164327644675,167.5889679993443,165.519903907213,166.11408964381067,1354.889068384224
2026-01-16 11:00:00+00:00,SOLUSDT,1h,166.11408964381067,168.01785279202218,164.00800573167666,165.90942328553552,1482.6660396792058
2026-01-16 12:00:00+00:00,SOLUSDT,1h,165.90942328553552,169.2120597721614,163.86871667442523,167.1560198675234,1110.0711121573122
2026-01-16 13:00:00+00:00,SOLUSDT,1h,167.1560198675234,170.2193739970302,165.1331774185955,168.18409032957612,1669.0331342622574
2026-01-16 14:00:00+00:00,SOLUSDT,1h,168.18409032957612,169.5500925114768,167.28915665012823,168.65266547088822,1682.4018192212257
2026-01-16 15:00:00+00:00,SOLUSDT,1h,168.65266547088822,170.25838095113667,166.97543429816727,168.5804623438083,1925.4111145022575
2026-01-16 16:00:00+00:00,SOLUSDT,1h,168.5804623438083,171.90491971506697,166.98840206667097,170.2966518824718,1601.432892739958
2026-01-16 17:00:00+00:00,SOLUSDT,1h,170.2966518824718,174.48081489411084,168.0044299042568,172.16346528906053,1812.278379941348
2026-01-16 18:00:00+00:00,SOLUSDT,1h,172.16346528906053,175.00142443121342,170.6339491585647,173.4603863343387,1375.3612849438553
2026-01-16 19:00:00+00:00,SOLUSDT,1h,173.4603863343387,176.0876283549831,172.00526410472244,174.6227552600622,1228.2263660571475
2026-01-16 20:00:00+00:00,SOLUSDT,1h,174.6227552600622,175.79989638221423,171.79356523020303,172.95949422275044,2199.622086495154
2026-01-16 21:00:00+00:00,SOLUSDT,1h,172.95949422275044,174.17303984992336,170.93915544169397,172.14700032126882,681.9169191533016
2026-01-16 22:00:00+00:00,SOLUSDT,1h,172.14700032126882,173.58294181273527,170.53434676595748,171.96880183828824,1345.1307247459083
2026-01-16 23:00:00+00:00,SOLUSDT,1h,171.96880183828824,173.311165510712,170.38865987846984,171.7291528857228,1744.2860892580456
2026-01-17 00:00:00+00:00,SOLUSDT,1h,171.7291528857228,172.79081044404984,171.28861253248792,172.3486808030153,2011.225562580734
2026-01-17 01:00:00+00:00,SOLUSDT,1h,172.3486808030153,175.16653088520607,169.33574049180982,172.15034788937783,2148.2350862983917
2026-01-17 02:00:00+00:00,SOLUSDT,1h,172.15034788937783,173.26640940923667,170.69847986944575,171.81235012858838,1134.3760773894724
2026-01-17 03:00:00+00:00,SOLUSDT,1h,171.81235012858838,173.83650386349888,171.3715541262717,173.3916560468935,1614.0124604105874
2026-01-17 04:00:00+00:00,SOLUSDT,1h,173.3916560468935,182.6456812575937,171.93326573497174,181.122269067506,4381.041875771703
2026-01-17 05:00:00+00:00,SOLUSDT,1h,181.122269067506,182.15876767186413,179.89293176816062,180.9283204733985,1467.5337016744495
2026-01-17 06:00:00+00:00,SOLUSDT,1h,180.9283204733985,183.3935851389409,179.1150666937763,181.5738617794868,1755.7596689806549
2026-01-17 07:00:00+00:00,SOLUSDT,1h,181.5738617794868,183.79981740297777,179.86411149189635,182.08525172457544,1698.3702690048465
2026-01-17 08:00:00+00:00,SOLUSDT,1h,182.08525172457544,184.10247257628768,180.3881713037293,182.4024359188393,1816.0585297217287
2026-01-17 09:00:00+00:00,SOLUSDT,1h,182.4024359188393,183.30506563948768,171.97618902056573,172.8314561566876,1188.092807830464
2026-01-17 10:00:00+00:00,SOLUSDT,1h,172.8314561566876,175.32818393895232,171.737056304269,174.22496016860296,1166.9551299274526
2026-01-17 11:00:00+00:00,SOLUSDT,1h,174.22496016860296,175.67192983356816,171.43482640017038,172.87054742341255,1742.7943479183905
2026-01-17 12:00:00+00:00,SOLUSDT,1h,172.87054742341255,173.90981854391475,171.31409100687654,172.35023408367397,1515.1110239566983
2026-01-17 13:00:00+00:00,SOLUSDT,1h,172.35023408367397,174.3946426728547,170.39160698989986,172.4350516925638,1878.19224324088
2026-01-17 14:00:00+00:00,SOLUSDT,1h,172.4350516925638,173.12819384207862,170.53085399819696,171.2191083853376,1177.356930630983
2026-01-17 15:00:00+00:00,SOLUSDT,1h,171.2191083853376,172.71087624159557,170.47699417896146,171.96552683710294,1899.2838636091296
2026-01-17 16:00:00+00:00,SOLUSDT,1h,171.96552683710294,173.220937336333,170.79985335056907,172.05465966028123,1757.375089421043
2026-01-17 17:00:00+00:00,SOLUSDT,1h,172.05465966028123,173.08933363242653,170.58700678193654,171.6190612239554,901.7880069383576
2026-01-17 18:00:00+00:00,SOLUSDT,1h,171.6190612239554,172.7127212245171,170.55569015909893,171.64916364168434,1760.8963309277258
2026-01-17 19:00:00+00:00,SOLUSDT,1h,171.64916364168434,172.7652617769398,169.76838661387035,170.8794801086268,1274.822843616705
2026-01-17 20:00:00+00:00,SOLUSDT,1h,170.8794801086268,173.36859140356913,169.14180002292514,171.62334690743108,2012.1899643036688
2026-01-17 21:00:00+00:00,SOLUSDT,1h,171.62334690743108,175.86829265445874,169.0800633415403,173.30016041664834,1597.8312455997643
2026-01-17 22:00:00+00:00,SOLUSDT,1h,173.30016041664834,173.62518526854024,172.36431262234638,172.68818972178389,1276.2124228242328
2026-01-17 23:00:00+00:00,SOLUSDT,1h,172.68818972178389,174.81634766804044,169.89067987061398,172.01048599751135,797.79406262463
2026-01-18 00:00:00+00:00,SOLUSDT,1h,172.01048599751135,174.12950288641787,170.26212601125368,172.3774133536525,1573.5373407222553
2026-01-18 01:00:00+00:00,SOLUSDT,1h,172.3774133536525,173.5952316980494,170.7611949510623,171.97617863755255,1947.1975606771
2026-01-18 02:00:00+00:00,SOLUSDT,1h,171.97617863755255,173.6330414607406,169.89545146155604,171.54819094098303,1760.9569670773774
2026-01-18 03:00:00+00:00,SOLUSDT,1h,171.54819094098303,173.63856193227338,167.8873226242256,169.95832052283697,1790.8914581384515
2026-01-18 04:00:00+00:00,SOLUSDT,1h,169.95832052283697,171.52437079314407,168.34440623668877,169.91001137103547,1992.7153293641595
2026-01-18 05:00:00+00:00,SOLUSDT,1h,169.91001137103547,171.30996118881205,167.36076307279373,168.75116473550187,1953.887083908127
2026-01-18 06:00:00+00:00,SOLUSDT,1h,168.75116473550187,170.47733918440932,167.52741585544263,169.24997304863797,1404.7627199259755
2026-01-18 07:00:00+00:00,SOLUSDT,1h,169.24997304863797,171.1355971593034,167.77692178409916,169.6589860881413,1384.6102976248756
2026-01-18 08:00:00+00:00,SOLUSDT,1h,169.6589860881413,170.71600028571387,167.66729001579148,168.71844442417668,1099.8334461653296
2026-01-18 09:00:00+00:00,SOLUSDT,1h,168.71844442417668,169.96866674385254,167.01125238413687,168.25806322827046,1785.2063926935143
2026-01-18 10:00:00+00:00,SOLUSDT,1h,168.25806322827046,170.02780548274254,166.2088335058209,167.9756048565156,1417.03776768308
2026-01-18 11:00:00+00:00,SOLUSDT,1h,167.9756048565156,169.5623480057067,163.5606003986309,165.12037224571893,1346.482009911828
2026-01-18 12:00:00+00:00,SOLUSDT,1h,165.12037224571893,165.72527754968155,164.21373722938654,164.81753310633437,2057.538208364105
2026-01-18 13:00:00+00:00,SOLUSDT,1h,164.81753310633437,168.53503514888976,163.0286319031746,166.72542600382903,1199.7962856881177
2026-01-18 14:00:00+00:00,SOLUSDT,1h,166.72542600382903,167.65468754669917,163.5010856118493,164.41748359711383,1391.9028499179146
2026-01-18 15:00:00+00:00,SOLUSDT,1h,164.41748359711383,166.46011248779246,162.6628985286287,164.70248600931856,2127.0616338693094
2026-01-18 16:00:00+00:00,SOLUSDT,1h,164.70248600931856,166.32572618474188,161.81684648653282,163.4275211308391,1796.075662730651
2026-01-18 17:00:00+00:00,SOLUSDT,1h,163.4275211308391,163.89865244716495,162.927017440377,163.39806383677237,1382.0303481445333
2026-01-18 18:00:00+00:00,SOLUSDT,1h,163.39806383677237,165.33885840724787,162.56340192600214,164.49857492017415,1796.4184119276651
2026-01-18 19:00:00+00:00,SOLUSDT,1h,164.49857492017415,165.54239221789084,162.6629955524152,163.70175668072812,1790.4725632171044
2026-01-18 20:00:00+00:00,SOLUSDT,1h,163.70175668072812,167.8490218400061,161.5992551856648,165.7205914652604,1556.8089171231245
2026-01-18 21:00:00+00:00,SOLUSDT,1h,165.7205914652604,168.0459911692185,164.02174700095333,166.34078890126364,1744.7984023907047
2026-01-18 22:00:00+00:00,SOLUSDT,1h,166.34078890126364,168.06540778776704,164.62138842177723,166.34595391948253,1940.1665800954615
2026-01-18 23:00:00+00:00,SOLUSDT,1h,166.34595391948253,168.4161391891204,164.84571580599766,166.9108067899924,1546.3060414199945
2026-01-19 00:00:00+00:00,SOLUSDT,1h,166.9108067899924,167.83531264357543,165.26248701096102,166.1829613859991,1714.0561579920832
2026-01-19 01:00:00+00:00,SOLUSDT,1h,166.1829613859991,168.46924919505304,165.4456234726934,167.72506909725124,1163.308344627674
2026-01-19 02:00:00+00:00,SOLUSDT,1h,167.72506909725124,170.07601689583456,166.1543092533631,168.49801831536567,983.6723740442018
2026-01-19 03:00:00+00:00,SOLUSDT,1h,168.49801831536567,170.1001762721005,166.19540440815294,167.79083816530613,1219.8455275649762
2026-01-19 04:00:00+00:00,SOLUSDT,1h,167.79083816530613,170.4906953743152,166.38883595850035,169.07793860145804,1520.1527047060672
2026-01-19 05:00:00+00:00,SOLUSDT,1h,169.07793860145804,171.42897680851607,167.7856384828505,170.12864590138844,1606.2469380139291
2026-01-19 06:00:00+00:00,SOLUSDT,1h,170.12864590138844,171.34451717624037,168.72262443145723,169.9371269634144,1312.3598713892147
2026-01-19 07:00:00+00:00,SOLUSDT,1h,169.9371269634144,172.21377777035238,169.2719585684467,171.5423262994903,1753.553374006211
2026-01-19 08:00:00+00:00,SOLUSDT,1h,171.5423262994903,173.04206955476363,169.17428318454722,170.66636820013272,1313.3205164822264
2026-01-19 09:00:00+00:00,SOLUSDT,1h,170.66636820013272,172.7435965156987,168.8076428491252,170.88251708974974,1619.251623296983
2026-01-19 10:00:00+00:00,SOLUSDT,1h,170.88251708974974,172.28675727459412,169.4023398217672,170.8059508173986,1890.967197898792
2026-01-19 11:00:00+00:00,SOLUSDT,1h,170.8059508173986,172.2038183093654,168.36858681947885,169.75787692632233,1981.3429852552808
2026-01-19 12:00:00+00:00,SOLUSDT,1h,169.75787692632233,172.1275195103763,168.11230034809063,170.47499146158833,1487.761826204095
2026-01-19 13:00:00+00:00,SOLUSDT,1h,170.47499146158833,172.642461525286,167.30153138118624,169.4560462707629,1575.8723053709602
2026-01-19 14:00:00+00:00,SOLUSDT,1h,169.4560462707629,171.2064817133197,167.67604811788704,169.42617499822185,1660.6061741123942
2026-01-19 15:00:00+00:00,SOLUSDT,1h,169.42617499822185,171.2613054111236,166.82543350555605,168.65218043841918,1438.9360246387714
2026-01-19 16:00:00+00:00,SOLUSDT,1h,168.65218043841918,169.90420186521354,167.36201419851665,168.61375033213318,1312.0401557914822
2026-01-19 17:00:00+00:00,SOLUSDT,1h,168.61375033213318,169.8362346352349,167.94840658563933,169.16870107323382,1915.996621540796
2026-01-19 18:00:00+00:00,SOLUSDT,1h,169.16870107323382,170.42708355660324,168.16821991363565,169.4250861094371,1753.4751906907634
2026-01-19 19:00:00+00:00,SOLUSDT,1h,169.4250861094371,172.35011957442646,164.9919253139326,167.8904643553998,1568.9021793329791
2026-01-19 20:00:00+00:00,SOLUSDT,1h,167.8904643553998,168.84775307633737,166.57590702673895,167.53114696853353,1864.139334845744
2026-01-19 21:00:00+00:00,SOLUSDT,1h,167.53114696853353,169.47751132109804,165.28011187694497,167.22289498094096,1835.3056639285664
2026-01-19 22:00:00+00:00,SOLUSDT,1h,167.22289498094096,168.06104439665845,166.49924018641653,167.33689626314205,1358.3324697850894
2026-01-19 23:00:00+00:00,SOLUSDT,1h,167.33689626314205,169.44098382203404,164.36761664140687,166.46068677664215,1645.973029539984
2026-01-20 00:00:00+00:00,SOLUSDT,1h,166.46068677664215,168.7827260581395,164.8021069300837,167.11760085559715,1187.6654925417283
2026-01-20 01:00:00+00:00,SOLUSDT,1h,167.11760085559715,168.14984976289435,164.53919768465337,165.56183697839683,735.4538308984114
2026-01-20 02:00:00+00:00,SOLUSDT,1h,165.56183697839683,166.77127477964524,164.2469762894844,165.45563830391072,1476.0151809938725
2026-01-20 03:00:00+00:00,SOLUSDT,1h,165.45563830391072,168.24912353518226,163.77991788791385,166.5621959984177,1531.4069801764986
2026-01-20 04:00:00+00:00,SOLUSDT,1h,166.5621959984177,167.98991127393,164.71031027226456,166.13435826624277,1544.4536801658933
2026-01-20 05:00:00+00:00,SOLUSDT,1h,166.13435826624277,168.70932594189395,164.05334389389762,166.6222008086396,1560.317396144229
2026-01-20 06:00:00+00:00,SOLUSDT,1h,166.6222008086396,169.58676132311086,164.91717876826613,167.86898115114886,1589.9669707711273
2026-01-20 07:00:00+00:00,SOLUSDT,1h,167.86898115114886,168.77534239111836,166.7248335085387,167.62990391838792,1769.923737320673
2026-01-20 08:00:00+00:00,SOLUSDT,1h,167.62990391838792,168.94729858757265,165.691213739294,167.00368700240747,2087.5547976862285
2026-01-20 09:00:00+00:00,SOLUSDT,1h,167.00368700240747,169.53537012522114,165.76774478976526,168.28990898475556,1408.3118249885565
2026-01-20 10:00:00+00:00,SOLUSDT,1h,168.28990898475556,170.68338945329393,167.09005419634883,169.47508472988235,1785.1253057911108
2026-01-20 11:00:00+00:00,SOLUSDT,1h,169.47508472988235,171.83458346316516,165.18030934436857,167.5124839786916,1169.7528380972965
2026-01-20 12:00:00+00:00,SOLUSDT,1h,167.5124839786916,170.31849171138316,165.46342899072184,168.26028937899392,1539.6082650520584
2026-01-20 13:00:00+00:00,SOLUSDT,1h,168.26028937899392,171.0759530802703,166.43489162117444,169.23992756615186,1715.6778205237583
2026-01-20 14:00:00+00:00,SOLUSDT,1h,169.23992756615186,170.60510025836345,167.36199931488542,168.72300223250804,1109.3582998615198
2026-01-20 15:00:00+00:00,SOLUSDT,1h,168.72300223250804,171.28355294309878,166.816877117569,169.37011713576433,2171.814749766524
2026-01-20 16:00:00+00:00,SOLUSDT,1h,169.37011713576433,171.44144624223944,167.97273335036027,170.03854758861496,1837.825669306852
2026-01-20 17:00:00+00:00,SOLUSDT,1h,170.03854758861496,170.55571227302232,168.94166462303914,169.4570607410463,1525.6860691557176
2026-01-20 18:00:00+00:00,SOLUSDT,1h,169.4570607410463,171.00129281672804,167.9532371297487,169.49711376036433,2003.4621314012409
2026-01-20 19:00:00+00:00,SOLUSDT,1h,169.49711376036433,172.17288692476663,167.6289891113607,170.29595775908652,1978.5078329806784
2026-01-20 20:00:00+00:00,SOLUSDT,1h,170.29595775908652,172.3898778113827,166.1826664769718,168.25144770236196,2187.439211834472
2026-01-20 21:00:00+00:00,SOLUSDT,1h,168.25144770236196,169.5275508141999,166.99812790485524,168.27406255665915,1772.6866017305476
2026-01-20 22:00:00+00:00,SOLUSDT,1h,168.27406255665915,169.34399466909514,167.16097320165156,168.23062915272962,1727.2122448905209
2026-01-20 23:00:00+00:00,SOLUSDT,1h,168.23062915272962,170.2765596547474,165.192309387493,167.22602240210082,1362.2352219158183
2026-01-21 00:00:00+00:00,SOLUSDT,1h,167.22602240210082,168.36095350986818,165.24240388112912,166.37153575102943,2143.736087149493
2026-01-21 01:00:00+00:00,SOLUSDT,1h,166.37153575102943,167.8726827492238,163.64019699154684,165.13014307802123,1348.7953525060975
2026-01-21 02:00:00+00:00,SOLUSDT,1h,165.13014307802123,167.20756124884,161.65204444245046,163.7116168578509,1668.822864203969
2026-01-21 03:00:00+00:00,SOLUSDT,1h,163.7116168578509,166.82879932150036,161.83046947125,164.9336104750232,1429.749702155145
2026-01-21 04:00:00+00:00,SOLUSDT,1h,164.9336104750232,166.22498677460766,163.13566307846574,164.4230417920237,1549.3724004864805
2026-01-21 05:00:00+00:00,SOLUSDT,1h,164.4230417920237,173.6228962054481,162.34680089775318,171.4578240713979,4063.600662673553
2026-01-21 06:00:00+00:00,SOLUSDT,1h,171.4578240713979,173.47997460913524,168.87990573317956,170.89542339288616,2076.523224616586
2026-01-21 07:00:00+00:00,SOLUSDT,1h,170.89542339288616,172.44477586072617,168.97168315315722,170.51761033563255,1516.3374906466647
2026-01-21 08:00:00+00:00,SOLUSDT,1h,170.51761033563255,173.8541849180661,168.84369926658076,172.16411073693735,1675.4376107291473
2026-01-21 09:00:00+00:00,SOLUSDT,1h,172.16411073693735,174.94274819917703,170.33944385875134,173.10807677614997,1604.5929606294071
2026-01-21 10:00:00+00:00,SOLUSDT,1h,173.10807677614997,175.52438572095,171.46835786075968,173.8773797931217,1696.5049131805574
2026-01-21 11:00:00+00:00,SOLUSDT,1h,173.8773797931217,175.82149862298863,171.97527228228827,173.91893650822675,2081.1395473160364
2026-01-21 12:00:00+00:00,SOLUSDT,1h,173.91893650822675,175.4574268323101,171.0981344703691,172.62518020077744,1192.387320368929
2026-01-21 13:00:00+00:00,SOLUSDT,1h,172.62518020077744,173.5907386924121,171.11762355846443,172.0801333953739,1234.4912675317787
2026-01-21 14:00:00+00:00,SOLUSDT,1h,172.0801333953739,173.7833261274066,170.7441763658498,172.4445399998613,1510.4812099461865
2026-01-21 15:00:00+00:00,SOLUSDT,1h,172.4445399998613,173.42087118647686,171.21794075624285,172.1928469293777,1517.1677020142831
2026-01-21 16:00:00+00:00,SOLUSDT,1h,172.1928469293777,173.47531501349934,170.17502402897253,171.45197419727913,1431.828515511044
2026-01-21 17:00:00+00:00,SOLUSDT,1h,171.45197419727913,173.00400813061134,169.9674775840849,171.51893177317612,1553.4962196024603
2026-01-21 18:00:00+00:00,SOLUSDT,1h,171.51893177317612,174.313723870344,170.00133417259235,172.7849247777371,1527.4344288224818
2026-01-21 19:00:00+00:00,SOLUSDT,1h,172.7849247777371,173.436971198613,172.70192629704897,173.353699502897,1218.1567106765374
2026-01-21 20:00:00+00:00,SOLUSDT,1h,173.353699502897,174.54670955796217,171.83301829554372,173.02375771042563,1359.6811573359362
2026-01-21 21:00:00+00:00,SOLUSDT,1h,173.02375771042563,174.63337451443266,170.89514185218883,172.4998851399589,1414.1781551426257
2026-01-21 22:00:00+00:00,SOLUSDT,1h,172.4998851399589,174.78749914390733,170.72072640292524,173.00314975049636,1581.8476210936176
2026-01-21 23:00:00+00:00,SOLUSDT,1h,173.00314975049636,174.89298230287514,171.96841203134713,173.8531606397051,1933.3459734500236
2026-01-22 00:00:00+00:00,SOLUSDT,1h,173.8531606397051,176.3022567694587,172.32714812949098,174.76821230695464,1720.023541755054
2026-01-22 01:00:00+00:00,SOLUSDT,1h,174.76821230695464,175.61012091771914,171.9991983515984,172.83177860576026,1329.723157294921
2026-01-22 02:00:00+00:00,SOLUSDT,1h,172.83177860576026,174.4276196481653,171.18203630448244,172.77737501167462,1524.3171322248206
2026-01-22 03:00:00+00:00,SOLUSDT,1h,172.77737501167462,175.09960805924214,171.09453405835038,173.41059953816915,721.5819784860857
2026-01-22 04:00:00+00:00,SOLUSDT,1h,173.41059953816915,174.95429385599198,172.1158139644012,173.65766355688385,1311.951773656758
2026-01-22 05:00:00+00:00,SOLUSDT,1h,173.65766355688385,175.35897562346057,171.60668809028402,173.30454063613618,1816.9610460332783
2026-01-22 06:00:00+00:00,SOLUSDT,1h,173.30454063613618,174.4971595279825,171.913958568158,173.1052057094518,1754.580795419317
2026-01-22 07:00:00+00:00,SOLUSDT,1h,173.1052057094518,175.3135135781985,170.07634865577165,172.27405349283856,1446.5516883033984
2026-01-22 08:00:00+00:00,SOLUSDT,1h,172.27405349283856,172.8108011447722,171.66915475766055,172.20568941024774,1593.8392512114394
2026-01-22 09:00:00+00:00,SOLUSDT,1h,172.20568941024774,172.9989446989379,171.66285630710314,172.45532468630142,1446.8722192643006
2026-01-22 10:00:00+00:00,SOLUSDT,1h,172.45532468630142,175.16731136594797,170.42075944589007,173.12484734060436,1823.28865285153
2026-01-22 11:00:00+00:00,SOLUSDT,1h,173.12484734060436,174.74557291920587,171.72659080772942,173.34553399311395,1861.0488796335603
2026-01-22 12:00:00+00:00,SOLUSDT,1h,173.34553399311395,174.65874583199283,172.21902412822843,173.53103049251757,1001.1082487569504
2026-01-22 13:00:00+00:00,SOLUSDT,1h,173.53103049251757,174.98294306464476,171.08326398770325,172.52677407112444,1785.3644423787837
2026-01-22 14:00:00+00:00,SOLUSDT,1h,172.52677407112444,173.85756567399028,170.71286837854512,172.03990449506983,1631.8781203305966
2026-01-22 15:00:00+00:00,SOLUSDT,1h,172.03990449506983,172.86889204802222,170.93384230599287,171.76148828897595,1481.4605508679383
2026-01-22 16:00:00+00:00,SOLUSDT,1h,171.76148828897595,174.09886416388105,169.93407347530592,172.26608085959302,1433.7614282125355
2026-01-22 17:00:00+00:00,SOLUSDT,1h,172.26608085959302,172.91666539147027,169.22542743687433,169.86695135427462,941.0142087042434
2026-01-22 18:00:00+00:00,SOLUSDT,1h,169.86695135427462,171.3990838491914,166.6350224101591,168.1516838730446,1428.50118528242
2026-01-22 19:00:00+00:00,SOLUSDT,1h,168.1516838730446,170.28025703917436,167.33455555815402,169.4567866147105,1610.7522171485602
2026-01-22 20:00:00+00:00,SOLUSDT,1h,169.4567866147105,170.97318570903735,159.66653699663547,161.10822827573068,1029.4364749535234
2026-01-22 21:00:00+00:00,SOLUSDT,1h,161.10822827573068,162.84798563462297,158.9818890689216,160.7174262793061,1016.1218564383285
2026-01-22 22:00:00+00:00,SOLUSDT,1h,160.7174262793061,164.3576878529603,159.40458558261014,163.02598936566366,1705.4774608486464
2026-01-22 23:00:00+00:00,SOLUSDT,1h,163.02598936566366,165.62228806903153,161.68423156972605,164.2702892734335,1916.712973986234
2026-01-23 00:00:00+00:00,SOLUSDT,1h,164.2702892734335,165.47784148829507,160.7846862512972,161.97536848502443,1189.0299771172977
2026-01-23 01:00:00+00:00,SOLUSDT,1h,161.97536848502443,163.98161031918153,160.76781201282083,162.76814356146045,1380.4665863225796
2026-01-23 02:00:00+00:00,SOLUSDT,1h,162.76814356146045,163.77335953938822,162.50685365105917,163.51087732664382,1951.2892918571376
2026-01-23 03:00:00+00:00,SOLUSDT,1h,163.51087732664382,164.48819185844195,161.69262289040773,162.66488084942887,826.8915283012685
2026-01-23 04:00:00+00:00,SOLUSDT,1h,162.66488084942887,165.59637154463488,160.79478447683226,163.71421141692602,1524.3451648382668
2026-01-23 05:00:00+00:00,SOLUSDT,1h,163.71421141692602,165.089392095353,161.84554356245687,163.21654389049948,2176.091854527092
2026-01-23 06:00:00+00:00,SOLUSDT,1h,163.21654389049948,164.25808899623613,161.5369495406618,162.5743968688594,792.9893611088036
2026-01-23 07:00:00+00:00,SOLUSDT,1h,162.5743968688594,163.7226107757451,159.3501549725649,160.48360222781588,1416.6657202931904
2026-01-23 08:00:00+00:00,SOLUSDT,1h,160.48360222781588,162.30148057161503,159.4733700815302,161.2861961572058,1745.6814937064748
2026-01-23 09:00:00+00:00,SOLUSDT,1h,161.2861961572058,163.96054687952483,159.0746030956561,161.74269421265186,1456.2399571155038
2026-01-23 10:00:00+00:00,SOLUSDT,1h,161.74269421265186,163.89178612893497,159.93168971870278,162.07703804590147,1118.8519719656329
2026-01-23 11:00:00+00:00,SOLUSDT,1h,162.07703804590147,163.1573255413696,161.39397695607755,162.4725973973783,1418.5126652941271
2026-01-23 12:00:00+00:00,SOLUSDT,1h,162.4725973973783,163.60004612425462,159.99612053401424,161.11414251290626,1670.4643110109027
2026-01-23 13:00:00+00:00,SOLUSDT,1h,161.11414251290626,163.8103325057077,159.92772010980127,162.61287365246577,1615.8905787134302
2026-01-23 14:00:00+00:00,SOLUSDT,1h,162.61287365246577,163.8596638464793,160.6351635365406,161.87630629974515,2261.9438440543577
2026-01-23 15:00:00+00:00,SOLUSDT,1h,161.87630629974515,163.1401290039818,160.45460917458615,161.71718960130417,1315.7513392739788
2026-01-23 16:00:00+00:00,SOLUSDT,1h,161.71718960130417,163.9468290310624,160.027184247569,162.25124262272442,1970.227567778596
2026-01-23 17:00:00+00:00,SOLUSDT,1h,162.25124262272442,163.22090491159068,160.80177908716507,161.7685566995909,2006.0864786645695
2026-01-23 18:00:00+00:00,SOLUSDT,1h,161.7685566995909,163.0495255785045,160.44773015507857,161.72838090079622,1831.1363903497931
2026-01-23 19:00:00+00:00,SOLUSDT,1h,161.72838090079622,162.67715267746394,160.98324393495713,161.93108180050464,1895.162284046486
2026-01-23 20:00:00+00:00,SOLUSDT,1h,161.93108180050464,162.4260433320213,161.63512690837675,162.12972538704045,1369.523834353583
2026-01-23 21:00:00+00:00,SOLUSDT,1h,162.12972538704045,162.6333319547698,161.19805580568007,161.7003285831369,1394.2867984131042
2026-01-23 22:00:00+00:00,SOLUSDT,1h,161.7003285831369,163.15310405713873,160.2028714554791,161.65524185365106,1619.190424477086
2026-01-23 23:00:00+00:00,SOLUSDT,1h,161.65524185365106,164.23828994409553,157.67480372152514,160.23516069548106,1811.0841051282075
2026-01-24 00:00:00+00:00,SOLUSDT,1h,160.23516069548106,162.25056168481618,158.69806321429485,160.70891954853334,1433.0598562725004
2026-01-24 01:00:00+00:00,SOLUSDT,1h,160.70891954853334,161.89881987137412,158.16001928268705,159.3397824163778,1664.3413284139071
2026-01-24 02:00:00+00:00,SOLUSDT,1h,159.3397824163778,161.0144449278743,157.79716964317248,159.47056600237963,1948.947274110219
2026-01-24 03:00:00+00:00,SOLUSDT,1h,159.47056600237963,160.17930390397885,157.20545097481008,157.90724096284876,1212.040277169802
2026-01-24 04:00:00+00:00,SOLUSDT,1h,157.90724096284876,158.97208114025565,156.69779794060662,157.76165637507808,1621.8644720397292
2026-01-24 05:00:00+00:00,SOLUSDT,1h,157.76165637507808,159.2242672200018,155.83985883650382,157.29817271700463,1479.305423047824
2026-01-24 06:00:00+00:00,SOLUSDT,1h,157.29817271700463,158.54808275329864,156.54713589353656,157.79467532542097,1550.5184759494116
2026-01-24 07:00:00+00:00,SOLUSDT,1h,157.79467532542097,159.31821374562116,155.38031817489613,156.89517171196334,1675.5712636698447
2026-01-24 08:00:00+00:00,SOLUSDT,1h,156.89517171196334,158.0118082173499,155.49607131301084,156.6106830882599,1606.256753066486
2026-01-24 09:00:00+00:00,SOLUSDT,1h,156.6106830882599,157.4364511522205,156.0269104674412,156.8517798335856,807.0598310328083
2026-01-24 10:00:00+00:00,SOLUSDT,1h,156.8517798335856,158.44037921109353,155.20337691481598,156.7913644030908,1685.8613566538995
2026-01-24 11:00:00+00:00,SOLUSDT,1h,156.7913644030908,158.57834544833207,154.20634696246154,155.98412777812817,1214.5425346135005
2026-01-24 12:00:00+00:00,SOLUSDT,1h,155.98412777812817,156.79118340383488,153.738440181171,154.53801367044082,1773.5002508145096
2026-01-24 13:00:00+00:00,SOLUSDT,1h,154.53801367044082,156.44694380731778,153.51814088501706,155.42124216025232,1250.0753609828123
2026-01-24 14:00:00+00:00,SOLUSDT,1h,155.42124216025232,156.91990278347035,153.40021323868177,154.89378784533392,1717.0755156034263
2026-01-24 15:00:00+00:00,SOLUSDT,1h,154.89378784533392,156.96257282100302,153.22992799837272,155.2944095198662,2067.782314997859
2026-01-24 16:00:00+00:00,SOLUSDT,1h,155.2944095198662,156.57593752357425,154.0890701696709,155.37001137894137,1297.251381076603
2026-01-24 17:00:00+00:00,SOLUSDT,1h,155.37001137894137,155.71407780154618,154.58065136490205,154.9237294976238,1611.309777564999
2026-01-24 18:00:00+00:00,SOLUSDT,1h,154.9237294976238,155.58986762393485,152.60862723665727,153.2676445602302,1826.75714174759
2026-01-24 19:00:00+00:00,SOLUSDT,1h,153.2676445602302,154.47960822640948,152.2025395522984,153.4134896948231,1658.2184166678255
2026-01-24 20:00:00+00:00,SOLUSDT,1h,153.4134896948231,155.05464308296206,152.49526810413838,154.13212029209308,1100.7260790605392
2026-01-24 21:00:00+00:00,SOLUSDT,1h,154.13212029209308,158.84689328380972,152.34419705193102,157.02540808090885,1674.1457142930467
2026-01-24 22:00:00+00:00,SOLUSDT,1h,157.02540808090885,158.73430835527554,154.30219704763118,155.9999371693607,1390.624841423477
2026-01-24 23:00:00+00:00,SOLUSDT,1h,155.9999371693607,157.20811497932382,153.7513919496533,154.95144950293184,1477.41393081018
2026-01-25 00:00:00+00:00,SOLUSDT,1h,154.95144950293184,156.338187521266,153.35226152919986,154.737081057099,1853.9931932321567
2026-01-25 01:00:00+00:00,SOLUSDT,1h,154.737081057099,155.5347778879824,153.5245686240778,154.32011592647703,1719.9741389838018
2026-01-25 02:00:00+00:00,SOLUSDT,1h,154.32011592647703,157.14629934305174,152.8054017661159,155.6188377047862,1769.8856737754315
2026-01-25 03:00:00+00:00,SOLUSDT,1h,155.6188377047862,157.255725250021,151.74377592227796,153.35687081175502,1846.5337988155093
2026-01-25 04:00:00+00:00,SOLUSDT,1h,153.35687081175502,154.67946380492563,150.3170601083901,151.62471449597888,2278.033160607896
2026-01-25 05:00:00+00:00,SOLUSDT,1h,151.62471449597888,153.01642827192762,150.9694363628113,152.35798117240495,1959.656727004187
2026-01-25 06:00:00+00:00,SOLUSDT,1h,152.35798117240495,158.67754858160433,151.60271133168385,157.8948314356339,4815.718961143352
2026-01-25 07:00:00+00:00,SOLUSDT,1h,157.8948314356339,158.69606145813117,155.93589976653882,156.73122512259516,2308.961500458337
2026-01-25 08:00:00+00:00,SOLUSDT,1h,156.73122512259516,158.56830868291834,152.96123430230728,154.77539309533392,2048.0197508916262
2026-01-25 09:00:00+00:00,SOLUSDT,1h,154.77539309533392,156.3395304519174,152.87216355995315,154.43283911641217,1580.9672301700605
2026-01-25 10:00:00+00:00,SOLUSDT,1h,154.43283911641217,155.67323542051287,153.07179748286958,154.3112169240259,2105.27239345262
2026-01-25 11:00:00+00:00,SOLUSDT,1h,154.3112169240259,156.8565527930281,153.09259936710575,155.62754004579872,1375.5088123389005
2026-01-25 12:00:00+00:00,SOLUSDT,1h,155.62754004579872,156.5506828822478,154.01963519770285,154.9386919631861,2091.5451603125025
2026-01-25 13:00:00+00:00,SOLUSDT,1h,154.9386919631861,157.313287984759,152.94556033806336,155.3153115248855,1805.985914893343
2026-01-25 14:00:00+00:00,SOLUSDT,1h,155.3153115248855,157.00344510421394,154.83122418965854,156.5156166535394,1977.6353292099125
2026-01-25 15:00:00+00:00,SOLUSDT,1h,156.5156166535394,158.18451761112408,153.48715168889998,155.1413995899889,2005.3300153214425
2026-01-25 16:00:00+00:00,SOLUSDT,1h,155.1413995899889,156.70925825006884,152.5436913416584,154.1010360903852,1565.3746086308436
2026-01-25 17:00:00+00:00,SOLUSDT,1h,154.1010360903852,156.06274796402766,152.22411019697302,154.1848018174998,1501.932955070362
2026-01-25 18:00:00+00:00,SOLUSDT,1h,154.1848018174998,156.03332659599607,151.18236181670278,153.01688440923152,1882.7028532170675
2026-01-25 19:00:00+00:00,SOLUSDT,1h,153.01688440923152,153.57761210345487,152.6894249436486,153.24965450479732,1347.0226677292603
2026-01-25 20:00:00+00:00,SOLUSDT,1h,153.24965450479732,154.1110355360343,152.82147967489215,153.68165371360217,2128.8947687326317
2026-01-25 21:00:00+00:00,SOLUSDT,1h,153.68165371360217,155.01350380311885,152.84632133037204,154.17548720160704,1227.3520389241808
2026-01-25 22:00:00+00:00,SOLUSDT,1h,154.17548720160704,155.89366494703603,152.30542148113145,154.02188746515355,867.9435590873617
2026-01-25 23:00:00+00:00,SOLUSDT,1h,154.02188746515355,155.2101542397923,152.44904583347696,153.6343225754062,1834.280167744408
2026-01-26 00:00:00+00:00,SOLUSDT,1h,153.6343225754062,155.29862719157128,151.27951205601994,152.93625457422877,1594.2041736256567
2026-01-26 01:00:00+00:00,SOLUSDT,1h,152.93625457422877,154.9293457591169,150.27323614725907,152.2574814457173,1546.230703846256
2026-01-26 02:00:00+00:00,SOLUSDT,1h,152.2574814457173,153.47036388028835,150.44687417933227,151.6549569060425,1798.7585559172437
2026-01-26 03:00:00+00:00,SOLUSDT,1h,151.6549569060425,153.22240050625783,150.2304433706835,151.79655690481349,1852.5201666298751
2026-01-26 04:00:00+00:00,SOLUSDT,1h,151.79655690481349,152.17427414608647,150.93697123039954,151.31348644149168,1583.335817942124
2026-01-26 05:00:00+00:00,SOLUSDT,1h,151.31348644149168,152.57953979095382,148.55124271507475,149.80467167770706,1536.4153555195703
2026-01-26 06:00:00+00:00,SOLUSDT,1h,149.80467167770706,151.03772598388588,147.23306599789362,148.45501113958662,1858.1462727352928
2026-01-26 07:00:00+00:00,SOLUSDT,1h,148.45501113958662,151.41977737939996,146.43382816609818,149.38592027866366,1252.9796141261395
2026-01-26 08:00:00+00:00,SOLUSDT,1h,149.38592027866366,151.45353073025677,148.08599815318658,150.1469859849989,1507.9884036663414
2026-01-26 09:00:00+00:00,SOLUSDT,1h,150.1469859849989,151.86050853808527,149.18203503926475,150.8907774611772,1970.357383152751
2026-01-26 10:00:00+00:00,SOLUSDT,1h,150.8907774611772,152.12443451507167,148.13945004154914,149.36059659980478,1216.0378752268316
2026-01-26 11:00:00+00:00,SOLUSDT,1h,149.36059659980478,150.33739638662018,148.35335005586714,149.32994941388569,1663.287840961552
2026-01-26 12:00:00+00:00,SOLUSDT,1h,149.32994941388569,150.84358583237255,146.3081548241172,147.806347729729,1022.281572714274
2026-01-26 13:00:00+00:00,SOLUSDT,1h,147.806347729729,149.9377704427626,146.33056603758683,148.4555071776485,1611.7499150898836
2026-01-26 14:00:00+00:00,SOLUSDT,1h,148.4555071776485,151.29534526138573,147.5156214659784,150.34350644960443,2090.659180143506
2026-01-26 15:00:00+00:00,SOLUSDT,1h,150.34350644960443,151.4310712518305,149.4250465455774,150.51158454594236,2042.282910003776
2026-01-26 16:00:00+00:00,SOLUSDT,1h,150.51158454594236,151.61989403622906,148.91510782101247,150.01979596913782,1526.8436487806891
2026-01-26 17:00:00+00:00,SOLUSDT,1h,150.01979596913782,151.29550425260953,148.95585763159124,150.23007462173982,1438.42888522572
2026-01-26 18:00:00+00:00,SOLUSDT,1h,150.23007462173982,151.4721811692083,149.15130197053978,150.39224401148084,1382.065976201496
2026-01-26 19:00:00+00:00,SOLUSDT,1h,150.39224401148084,151.98252588171678,148.1659678264463,149.74945267456073,1715.067759855015
2026-01-26 20:00:00+00:00,SOLUSDT,1h,149.74945267456073,151.28599353234995,147.7518123981734,149.28357298353228,1623.6794904908904
2026-01-26 21:00:00+00:00,SOLUSDT,1h,149.28357298353228,151.25080551286,148.3934575260151,150.35430572420515,1736.0651347366424
2026-01-26 22:00:00+00:00,SOLUSDT,1h,150.35430572420515,151.239331407677,149.10687757890685,149.9897574335744,926.491924070093
2026-01-26 23:00:00+00:00,SOLUSDT,1h,149.9897574335744,151.40017891646846,148.17546622338304,149.5820538855373,1360.0081234693953
2026-01-27 00:00:00+00:00,SOLUSDT,1h,149.5820538855373,151.2878740220822,147.8024718032985,149.50744106199045,1149.10359020359
2026-01-27 01:00:00+00:00,SOLUSDT,1h,149.50744106199045,150.4234621256134,149.20228386813392,150.11706064718734,1826.6095655239328
2026-01-27 02:00:00+00:00,SOLUSDT,1h,150.11706064718734,152.62962214018677,148.12797062331714,150.63368668717095,1517.395466110988
2026-01-27 03:00:00+00:00,SOLUSDT,1h,150.63368668717095,151.33313805292696,150.2472910207588,150.9459414111499,1895.3916531630632
2026-01-27 04:00:00+00:00,SOLUSDT,1h,150.9459414111499,151.02410991506102,149.90904648668723,149.9867182495879,1646.6572232463086
2026-01-27 05:00:00+00:00,SOLUSDT,1h,149.9867182495879,151.34349377392584,149.33402061303673,150.68774547516517,1509.0771629940657
2026-01-27 06:00:00+00:00,SOLUSDT,1h,150.68774547516517,152.29990903468664,148.97835706005364,150.58946919071434,1774.0278084913011
2026-01-27 07:00:00+00:00,SOLUSDT,1h,150.58946919071434,152.10653650379737,148.55673784548293,150.06855739279678,1795.2932575565442
2026-01-27 08:00:00+00:00,SOLUSDT,1h,150.06855739279678,152.93177075658855,148.49353573418253,151.34336950189254,1870.2077104478603
2026-01-27 09:00:00+00:00,SOLUSDT,1h,151.34336950189254,152.41544134392606,149.8533051600264,150.9223949423038,2054.226113667587
2026-01-27 10:00:00+00:00,SOLUSDT,1h,150.9223949423038,152.11343052948064,149.06308369447686,150.24880349411723,1967.5330266058493
2026-01-27 11:00:00+00:00,SOLUSDT,1h,150.24880349411723,151.67583093958532,148.15659759537826,149.57724675445473,1597.4631354350224
2026-01-27 12:00:00+00:00,SOLUSDT,1h,149.57724675445473,154.00743185293274,147.44575880740052,151.84364751054025,1941.2218165654117
2026-01-27 13:00:00+00:00,SOLUSDT,1h,151.84364751054025,153.57259170303044,149.4793085156577,151.20093455656612,1164.6268077929644
2026-01-27 14:00:00+00:00,SOLUSDT,1h,151.20093455656612,153.06282871372065,150.19965518311793,152.05588768917582,1100.4655874491823
2026-01-27 15:00:00+00:00,SOLUSDT,1h,152.05588768917582,153.8424944200625,150.71300329341182,152.49572558772974,1949.588788503467
2026-01-27 16:00:00+00:00,SOLUSDT,1h,152.49572558772974,154.50827623815655,150.93284789717845,152.94083675214512,1481.5695914823896
2026-01-27 17:00:00+00:00,SOLUSDT,1h,152.94083675214512,153.9966813787844,150.75962069785595,151.80764218569635,1495.1032700328417
2026-01-27 18:00:00+00:00,SOLUSDT,1h,151.80764218569635,153.72583130150045,149.8211898463291,151.73850537316636,1460.8908786720974
2026-01-27 19:00:00+00:00,SOLUSDT,1h,151.73850537316636,153.06136740074373,150.62083937892828,151.94220103771738,1807.6333879058216
2026-01-27 20:00:00+00:00,SOLUSDT,1h,151.94220103771738,153.21683466691516,149.53564594076434,150.8007036194558,1942.817945393621
2026-01-27 21:00:00+00:00,SOLUSDT,1h,150.8007036194558,152.9762690043963,149.19934539831138,151.3688773257561,1563.085588736158
2026-01-27 22:00:00+00:00,SOLUSDT,1h,151.3688773257561,152.01571573435186,150.2899007891835,150.93488463463106,1983.6242115000855
2026-01-27 23:00:00+00:00,SOLUSDT,1h,150.93488463463106,152.29243650814269,147.6904154621293,149.0308418255979,1359.5552673457814
2026-01-28 00:00:00+00:00,SOLUSDT,1h,149.0308418255979,151.31012675488606,147.78939058389278,150.06010161114062,1635.3122932805918
2026-01-28 01:00:00+00:00,SOLUSDT,1h,150.06010161114062,152.04793297310098,147.05053411648856,149.0246489390537,1894.7661521433683
2026-01-28 02:00:00+00:00,SOLUSDT,1h,149.0246489390537,153.15713230519788,147.1697353999614,151.27421831966316,1552.161212338321
2026-01-28 03:00:00+00:00,SOLUSDT,1h,151.27421831966316,153.83973041522532,149.90431939889712,152.45910150874204,1787.0684842661003
2026-01-28 04:00:00+00:00,SOLUSDT,1h,152.45910150874204,153.54056471086176,151.2620311372016,152.3426684253949,1938.7235781674312
2026-01-28 05:00:00+00:00,SOLUSDT,1h,152.3426684253949,154.16765115316647,151.772190480196,153.5924929870213,1594.8602430664955
2026-01-28 06:00:00+00:00,SOLUSDT,1h,153.5924929870213,154.81109155743866,151.3257954592292,152.53601193837034,1688.6789925499804
2026-01-28 07:00:00+00:00,SOLUSDT,1h,152.53601193837034,154.56078351782156,142.0976556074399,144.00924236929558,2087.6890584335238
2026-01-28 08:00:00+00:00,SOLUSDT,1h,144.00924236929558,145.4583542741864,142.9025152529681,144.34901595985593,1845.786691045176
2026-01-28 09:00:00+00:00,SOLUSDT,1h,144.34901595985593,145.2754540676262,143.43620771261718,144.3625601719442,1440.967081326155
2026-01-28 10:00:00+00:00,SOLUSDT,1h,144.3625601719442,146.80532960419364,143.23902380346638,145.67160527713494,1453.707344041306
2026-01-28 11:00:00+00:00,SOLUSDT,1h,145.67160527713494,147.20786691605352,143.71107099712407,145.2428105405836,1700.3899143804065
2026-01-28 12:00:00+00:00,SOLUSDT,1h,145.2428105405836,147.57201697164498,143.79579372709216,146.11629782867143,1903.1218372290168
2026-01-28 13:00:00+00:00,SOLUSDT,1h,146.11629782867143,146.3774823794373,145.90134150829869,146.16245815115002,1869.790435858996
2026-01-28 14:00:00+00:00,SOLUSDT,1h,146.16245815115002,147.11085213436746,144.80241847561172,145.7481239981759,1373.8287676048133
2026-01-28 15:00:00+00:00,SOLUSDT,1h,145.7481239981759,147.470731656992,144.80760053199654,146.52519370231323,1518.021324588448
2026-01-28 16:00:00+00:00,SOLUSDT,1h,146.52519370231323,147.51762849483404,143.70040639679794,144.6803457869112,1905.345126838388
2026-01-28 17:00:00+00:00,SOLUSDT,1h,144.6803457869112,146.00860612166733,143.2325217161049,144.5596742067193,1898.1872847680356
2026-01-28 18:00:00+00:00,SOLUSDT,1h,144.5596742067193,146.8663729293557,143.4122483800359,145.7098179685348,1991.56476915532
2026-01-28 19:00:00+00:00,SOLUSDT,1h,145.7098179685348,147.0162974169113,144.63848234260047,145.94324550827972,1902.1658704146323
2026-01-28 20:00:00+00:00,SOLUSDT,1h,145.94324550827972,147.41630201703504,142.99714573853336,144.45518270603725,1842.886133234217
2026-01-28 21:00:00+00:00,SOLUSDT,1h,144.45518270603725,146.09458853483213,142.02404919096435,143.65436664722725,1631.3692262328975
2026-01-28 22:00:00+00:00,SOLUSDT,1h,143.65436664722725,144.2589830605113,143.21640411495198,143.82051399082246,1668.9992071389338
2026-01-28 23:00:00+00:00,SOLUSDT,1h,143.82051399082246,144.91418934857344,142.94681761097456,144.03916468588585,1501.0632680896526
2026-01-29 00:00:00+00:00,SOLUSDT,1h,144.03916468588585,145.3129153252087,143.15545134405718,144.42682360690628,1674.9655609358565
2026-01-29 01:00:00+00:00,SOLUSDT,1h,144.42682360690628,146.28816236267235,143.18562454660645,145.04167925448627,1553.8734269325278
2026-01-29 02:00:00+00:00,SOLUSDT,1h,145.04167925448627,145.32008992708325,144.6683944825092,144.94662269195734,1315.0843060561094
2026-01-29 03:00:00+00:00,SOLUSDT,1h,144.94662269195734,146.83539410407755,143.7920460283162,145.67501540645654,1316.6305644427634
2026-01-29 04:00:00+00:00,SOLUSDT,1h,145.67501540645654,147.53169015779562,144.04269327492375,145.8968819603771,1621.643517987156
2026-01-29 05:00:00+00:00,SOLUSDT,1h,145.8968819603771,146.87575471382803,144.25873480309485,145.23315437812792,1265.6580105920118
2026-01-29 06:00:00+00:00,SOLUSDT,1h,145.23315437812792,147.84512740838517,143.6981179125491,146.2988273516399,1425.7743448831868
2026-01-29 07:00:00+00:00,SOLUSDT,1h,146.2988273516399,153.4622284833366,145.5473640011296,152.67799854511466,4868.721031383886
2026-01-29 08:00:00+00:00,SOLUSDT,1h,152.67799854511466,153.69590884681344,149.84315446567302,150.84886989374823,2162.175175064351
2026-01-29 09:00:00+00:00,SOLUSDT,1h,150.84886989374823,153.16116976132432,149.7307379905954,152.03425149479682,1741.545513257784
2026-01-29 10:00:00+00:00,SOLUSDT,1h,152.03425149479682,153.4018779496328,149.92399906302248,151.28488457618116,1612.2941234898572
2026-01-29 11:00:00+00:00,SOLUSDT,1h,151.28488457618116,152.756761978533,150.11303473925335,151.58260599714416,1149.8116381813363
2026-01-29 12:00:00+00:00,SOLUSDT,1h,151.58260599714416,152.68136690813907,149.72416369855057,150.81737778016307,1908.3895555107615
2026-01-29 13:00:00+00:00,SOLUSDT,1h,150.81737778016307,151.55452604797463,147.89164989763475,148.61804853055304,1305.6922550531517
2026-01-29 14:00:00+00:00,SOLUSDT,1h,148.61804853055304,149.83359288277163,147.2529199258478,148.46723074208066,909.5808915154488
2026-01-29 15:00:00+00:00,SOLUSDT,1h,148.46723074208066,151.10241368389683,146.69095879845148,149.31598716132822,2095.284328022441
2026-01-29 16:00:00+00:00,SOLUSDT,1h,149.31598716132822,152.75352641277308,147.29690745829956,150.7155219294994,1444.8989780275472
2026-01-29 17:00:00+00:00,SOLUSDT,1h,150.7155219294994,152.08597554921198,149.6228364838679,150.9912907832122,1606.8491405700545
2026-01-29 18:00:00+00:00,SOLUSDT,1h,150.9912907832122,153.13369305733318,149.73055665335568,151.86565820933305,2110.279118801476
2026-01-29 19:00:00+00:00,SOLUSDT,1h,151.86565820933305,153.84973868227584,151.79448031194565,153.77766464681736,1951.9931244315885
2026-01-29 20:00:00+00:00,SOLUSDT,1h,153.77766464681736,155.93563838582455,151.60296910894834,153.76070484982617,1946.671802021988
2026-01-29 21:00:00+00:00,SOLUSDT,1h,153.76070484982617,154.4501372744142,152.67014019601203,153.35776592257636,1810.5956937879428
2026-01-29 22:00:00+00:00,SOLUSDT,1h,153.35776592257636,155.86979614953887,151.43930483509843,153.9440014262639,1790.661899614939
2026-01-29 23:00:00+00:00,SOLUSDT,1h,153.9440014262639,155.24565171405666,151.94188854584547,153.2375656726611,2050.0316706130234
2026-01-30 00:00:00+00:00,SOLUSDT,1h,153.2375656726611,154.09084117122714,152.15531171914247,153.0073050533523,2115.785007797021
2026-01-30 01:00:00+00:00,SOLUSDT,1h,153.0073050533523,154.49294092546563,151.1989263867114,152.68139783834545,1702.2398912940496
2026-01-30 02:00:00+00:00,SOLUSDT,1h,152.68139783834545,157.0828165270545,150.57146559301538,154.94164945007066,2272.013522803186
2026-01-30 03:00:00+00:00,SOLUSDT,1h,154.94164945007066,156.19509288792594,152.7542741966691,154.0001007149443,564.1286668450887
2026-01-30 04:00:00+00:00,SOLUSDT,1h,154.0001007149443,154.7535510227424,152.17602951466816,152.9242160229716,1714.8730924923814
2026-01-30 05:00:00+00:00,SOLUSDT,1h,152.9242160229716,153.30128111090983,151.98716250750297,152.3628434195692,2042.9525929961824
2026-01-30 06:00:00+00:00,SOLUSDT,1h,152.3628434195692,153.52730266156456,151.31937413374354,152.4830104024145,1169.1539505615835
2026-01-30 07:00:00+00:00,SOLUSDT,1h,152.4830104024145,153.86459281101384,151.29221414405532,152.6723181781757,1900.4791710610675
2026-01-30 08:00:00+00:00,SOLUSDT,1h,152.6723181781757,153.80154669056415,150.38866183127917,151.50928808520047,1425.491859672792
2026-01-30 09:00:00+00:00,SOLUSDT,1h,151.50928808520047,152.6927874853661,149.21412852869872,150.38887594332863,1510.3350052993258
2026-01-30 10:00:00+00:00,SOLUSDT,1h,150.38887594332863,151.89451667020725,147.47096900428693,148.962327629335,1564.3729251829852
2026-01-30 11:00:00+00:00,SOLUSDT,1h,148.962327629335,149.6831571746995,147.8566191151441,148.57557717286377,1995.1264471412724
2026-01-30 12:00:00+00:00,SOLUSDT,1h,148.57557717286377,150.01970947120708,147.08671386904055,148.53040712126557,1872.639990178167
2026-01-30 13:00:00+00:00,SOLUSDT,1h,148.53040712126557,149.95699427825969,146.25164517496415,147.66996808966846,1474.15239118241
2026-01-30 14:00:00+00:00,SOLUSDT,1h,147.66996808966846,148.01905652015256,147.12071239896986,147.46932651736142,1643.4970021991192
2026-01-30 15:00:00+00:00,SOLUSDT,1h,147.46932651736142,148.6174410710554,146.6053987399078,147.75185812294467,1205.2118302791407
2026-01-30 16:00:00+00:00,SOLUSDT,1h,147.75185812294467,148.99514993583043,145.52011588762528,146.75501957448807,1728.8847021841864
2026-01-30 17:00:00+00:00,SOLUSDT,1h,146.75501957448807,147.41880791096258,145.74158409781268,146.4037837578719,1734.0713815670945
2026-01-30 18:00:00+00:00,SOLUSDT,1h,146.4037837578719,148.2836660424021,144.91454985568254,146.7904984398662,1674.7874482385278
2026-01-30 19:00:00+00:00,SOLUSDT,1h,146.7904984398662,148.62300783696878,145.42978762552124,147.25796373748236,852.6902498208656
2026-01-30 20:00:00+00:00,SOLUSDT,1h,147.25796373748236,149.06105535200103,144.25751276416426,146.04576164025897,1702.8276893840516
2026-01-30 21:00:00+00:00,SOLUSDT,1h,146.04576164025897,148.9449608080658,144.56098795281216,147.44595208967152,1660.2012098397774
2026-01-30 22:00:00+00:00,SOLUSDT,1h,147.44595208967152,148.85051342308563,145.93360512782905,147.33712982686708,2001.699852752146
2026-01-30 23:00:00+00:00,SOLUSDT,1h,147.33712982686708,148.8243345762582,145.95573129630915,147.4419532457974,1467.064670941843
2026-01-31 00:00:00+00:00,SOLUSDT,1h,147.4419532457974,148.66934557834958,146.0407378617457,147.2666710435861,1777.2246229451468
2026-01-31 01:00:00+00:00,SOLUSDT,1h,147.2666710435861,149.48713377568652,145.85027121676742,148.06307420285154,1364.3628117570845
2026-01-31 02:00:00+00:00,SOLUSDT,1h,148.06307420285154,149.19978425369408,147.00557819554354,148.141726496021,1845.6689693570468
2026-01-31 03:00:00+00:00,SOLUSDT,1h,148.141726496021,151.2848822385444,146.18710880500487,149.3147869053878,1714.8094997124783
2026-01-31 04:00:00+00:00,SOLUSDT,1h,149.3147869053878,151.07313190450773,148.07072937086105,149.82482484749278,1927.2394507260112
2026-01-31 05:00:00+00:00,SOLUSDT,1h,149.82482484749278,151.28010870407869,147.82928324314528,149.27926797719255,1507.3072900163004
2026-01-31 06:00:00+00:00,SOLUSDT,1h,149.27926797719255,151.08023789956908,146.75255178097663,148.5446590623565,1407.8537389803885
2026-01-31 07:00:00+00:00,SOLUSDT,1h,148.5446590623565,149.56262037425202,147.2756249405343,148.29185380392477,1785.872584402345
2026-01-31 08:00:00+00:00,SOLUSDT,1h,148.29185380392477,149.83656795262308,146.87613152329732,148.41962584954962,1558.5898396039345
2026-01-31 09:00:00+00:00,SOLUSDT,1h,148.41962584954962,150.3833688584063,147.5446462975757,149.50200832729956,1916.6922775827215
2026-01-31 10:00:00+00:00,SOLUSDT,1h,149.50200832729956,151.30251578337868,147.7558184550627,149.55569880406932,1581.504956791728
2026-01-31 11:00:00+00:00,SOLUSDT,1h,149.55569880406932,150.0998358791131,147.69387810957338,148.233203474021,1551.4193253589303
2026-01-31 12:00:00+00:00,SOLUSDT,1h,148.233203474021,149.28247857019457,147.27280138669377,148.3215043817851,1415.7305965946405
2026-01-31 13:00:00+00:00,SOLUSDT,1h,148.3215043817851,149.32282209119987,147.4477718952311,148.44834242694532,1132.4241612850326
2026-01-31 14:00:00+00:00,SOLUSDT,1h,148.44834242694532,149.8665061479935,147.5394143014084,148.95447901995357,1510.7985998671638
2026-01-31 15:00:00+00:00,SOLUSDT,1h,148.95447901995357,149.9939492266981,145.88351946106346,146.90871341096422,1636.4376398240456
2026-01-31 16:00:00+00:00,SOLUSDT,1h,146.90871341096422,149.002929420794,145.5794106097612,147.6667673718967,1631.5320557957484
2026-01-31 17:00:00+00:00,SOLUSDT,1h,147.6667673718967,149.36092624853052,147.0402438966353,148.72989212657592,2027.639483951088
2026-01-31 18:00:00+00:00,SOLUSDT,1h,148.72989212657592,150.2506744195503,147.90934971423718,149.42628998212723,1838.889267928592
2026-01-31 19:00:00+00:00,SOLUSDT,1h,149.42628998212723,151.2240171933254,148.3459982113941,150.13857588299516,1048.079708458663
2026-01-31 20:00:00+00:00,SOLUSDT,1h,150.13857588299516,151.07097194732987,148.0060779826087,148.93097455710932,1585.2683378609004
2026-01-31 21:00:00+00:00,SOLUSDT,1h,148.93097455710932,150.7124211218521,146.99412559309113,148.77369079895956,1293.0732932625592
2026-01-31 22:00:00+00:00,SOLUSDT,1h,148.77369079895956,149.3415929479426,148.22524230535805,148.79307300259225,1430.6812845558493
2026-01-31 23:00:00+00:00,SOLUSDT,1h,148.79307300259225,150.016468041897,147.85091003696178,149.07253550985251,2000.13368165512
2026-02-01 00:00:00+00:00,SOLUSDT,1h,149.07253550985251,151.045514027577,147.36482389133616,149.33479804095265,1882.4792431307128
2026-02-01 01:00:00+00:00,SOLUSDT,1h,149.33479804095265,150.95937425339696,148.13352213631518,149.75472041782996,1683.2178387387962
2026-02-01 02:00:00+00:00,SOLUSDT,1h,149.75472041782996,150.51829837482606,149.0544390578352,149.81772240563583,1490.002872059153
2026-02-01 03:00:00+00:00,SOLUSDT,1h,149.81772240563583,151.39086643360943,148.35179940825526,149.92390447544676,1717.942787915927
2026-02-01 04:00:00+00:00,SOLUSDT,1h,149.92390447544676,151.72920021304714,149.2716260990179,151.0719271005445,2261.21046295126
2026-02-01 05:00:00+00:00,SOLUSDT,1h,151.0719271005445,152.29335608151578,149.31204900363406,150.52908909459,1491.737779329644
2026-02-01 06:00:00+00:00,SOLUSDT,1h,150.52908909459,151.30156258437583,149.09481263824986,149.86387242076762,1585.7228847469255
2026-02-01 07:00:00+00:00,SOLUSDT,1h,149.86387242076762,151.82073978123498,148.8496985510064,150.8002293030077,1119.9898555973325
2026-02-01 08:00:00+00:00,SOLUSDT,1h,150.8002293030077,153.8964042916695,149.27288053479683,152.35332531343573,1558.6397220605586
2026-02-01 09:00:00+00:00,SOLUSDT,1h,152.35332531343573,155.52975907638395,150.8184872798406,153.97854822043266,1712.770264099296
2026-02-01 10:00:00+00:00,SOLUSDT,1h,153.97854822043266,157.96323446281363,153.0518342789547,157.0182263360746,1800.563662258592
2026-02-01 11:00:00+00:00,SOLUSDT,1h,157.0182263360746,158.23545050188451,156.11168852849198,157.3271292569065,1157.6875466850713
2026-02-01 12:00:00+00:00,SOLUSDT,1h,157.3271292569065,158.69463406673702,155.27112839813572,156.63259625024844,2119.2003594986413
2026-02-01 13:00:00+00:00,SOLUSDT,1h,156.63259625024844,158.2944750878465,154.39810952859543,156.05384781951062,1532.7689442358796
2026-02-01 14:00:00+00:00,SOLUSDT,1h,156.05384781951062,156.9981515833709,155.03145388893114,155.97528224143747,1092.090492786824
2026-02-01 15:00:00+00:00,SOLUSDT,1h,155.97528224143747,156.78409549397728,154.280903599755,155.08510079685837,690.3168734332193
2026-02-01 16:00:00+00:00,SOLUSDT,1h,155.08510079685837,157.21593241981438,153.83107783534814,155.95487642544666,1541.0987436948956
2026-02-01 17:00:00+00:00,SOLUSDT,1h,155.95487642544666,157.99389364686067,155.72625900043067,157.762626204679,1637.5272628611494
2026-02-01 18:00:00+00:00,SOLUSDT,1h,157.762626204679,160.02944475220386,156.40881351482898,158.66786392145892,1629.8991360821296
2026-02-01 19:00:00+00:00,SOLUSDT,1h,158.66786392145892,159.58108264148032,157.69538767180467,158.60826335859687,955.0963733980792
2026-02-01 20:00:00+00:00,SOLUSDT,1h,158.60826335859687,160.44981680363475,154.55331059095437,156.36886302372355,1847.2009985725024
2026-02-01 21:00:00+00:00,SOLUSDT,1h,156.36886302372355,158.4229910112894,153.1890975691302,155.2282418714094,1661.0069271828354
2026-02-01 22:00:00+00:00,SOLUSDT,1h,155.2282418714094,156.44981006123794,154.01180646144763,155.23333474135217,1220.007799710122
2026-02-01 23:00:00+00:00,SOLUSDT,1h,155.23333474135217,156.37535121955224,154.6251159337492,155.76504910505636,1396.1344760586485
2026-02-02 00:00:00+00:00,SOLUSDT,1h,155.76504910505636,156.63534524878654,154.57263346884423,155.44111974266747,1280.9921198635109
2026-02-02 01:00:00+00:00,SOLUSDT,1h,155.44111974266747,157.31274094765888,153.53777187603566,155.40900641379656,1432.7473618065449
2026-02-02 02:00:00+00:00,SOLUSDT,1h,155.40900641379656,158.25638247877012,154.84360083387642,157.6827047801802,2155.5136193251187
2026-02-02 03:00:00+00:00,SOLUSDT,1h,157.6827047801802,158.18465525089795,157.3662314597161,157.86781041856702,1681.7759364313702
2026-02-02 04:00:00+00:00,SOLUSDT,1h,157.86781041856702,159.28065843703956,156.40711374773275,157.81952967461393,1553.3711116684713
2026-02-02 05:00:00+00:00,SOLUSDT,1h,157.81952967461393,159.04441159556984,156.16273805970414,157.38424158693334,1782.5327508306514
2026-02-02 06:00:00+00:00,SOLUSDT,1h,157.38424158693334,158.62790733642575,155.15771056695723,156.39354775640555,1690.5811393096358
2026-02-02 07:00:00+00:00,SOLUSDT,1h,156.39354775640555,158.4592382290555,153.3125477287647,155.36464820339714,1778.8077269260289
2026-02-02 08:00:00+00:00,SOLUSDT,1h,155.36464820339714,161.60159334026332,155.228833164849,161.46044953804326,4727.985940678613
2026-02-02 09:00:00+00:00,SOLUSDT,1h,161.46044953804326,165.74528681601626,159.88204652225738,164.14068241366175,1419.8982878546412
2026-02-02 10:00:00+00:00,SOLUSDT,1h,164.14068241366175,164.89845989232168,162.8971796931187,163.65270435561487,1786.5402180413148
2026-02-02 11:00:00+00:00,SOLUSDT,1h,163.65270435561487,165.3881061442186,162.58826989825502,164.31933576436592,1393.9343743614336
2026-02-02 12:00:00+00:00,SOLUSDT,1h,164.31933576436592,165.19661718556205,163.4426296045861,164.31990797283245,1920.7183624949685
2026-02-02 13:00:00+00:00,SOLUSDT,1h,164.31990797283245,167.00543009130052,163.1542160514273,165.82903238169538,2211.971680854894
2026-02-02 14:00:00+00:00,SOLUSDT,1h,165.82903238169538,168.86241703829552,164.35261980086452,167.37226471838332,1468.8801561952357
2026-02-02 15:00:00+00:00,SOLUSDT,1h,167.37226471838332,169.40134418675967,166.84769611113174,168.87207495977998,1609.9604995825007
2026-02-02 16:00:00+00:00,SOLUSDT,1h,168.87207495977998,169.94987863877247,167.0712532743052,168.14441274547454,1953.2086679040403
2026-02-02 17:00:00+00:00,SOLUSDT,1h,168.14441274547454,169.6646111750934,165.3257016802222,166.83405311102618,2095.284635041184
2026-02-02 18:00:00+00:00,SOLUSDT,1h,166.83405311102618,167.6788579580852,157.0444371661931,157.8437172587848,2286.4198231018795
2026-02-02 19:00:00+00:00,SOLUSDT,1h,157.8437172587848,159.0890140930694,154.90620575985417,156.13804582005952,1672.948084635495
2026-02-02 20:00:00+00:00,SOLUSDT,1h,156.13804582005952,157.52218933121435,153.89658666647406,155.273062210193,1254.8425521272386
2026-02-02 21:00:00+00:00,SOLUSDT,1h,155.273062210193,156.62495424030746,153.49650657762564,154.84466878071913,1566.5087312381768
2026-02-02 22:00:00+00:00,SOLUSDT,1h,154.84466878071913,157.67284679842078,153.06788432187528,155.88413485648397,1991.6863790069367
2026-02-02 23:00:00+00:00,SOLUSDT,1h,155.88413485648397,156.95176833681833,152.7675911861038,153.82109513181075,1462.5721611325089
2026-02-03 00:00:00+00:00,SOLUSDT,1h,153.82109513181075,154.99884793891272,153.09316668520464,154.26880081215967,1164.597828265634
2026-02-03 01:00:00+00:00,SOLUSDT,1h,154.26880081215967,155.91862722413202,153.73206583989025,155.3780329899829,1468.5009847188087
2026-02-03 02:00:00+00:00,SOLUSDT,1h,155.3780329899829,157.01997863259015,152.34550841753608,153.9726022771043,1248.3606121859352
2026-02-03 03:00:00+00:00,SOLUSDT,1h,153.9726022771043,155.34201042522002,152.7567008572637,154.12490628066448,2089.709905030178
2026-02-03 04:00:00+00:00,SOLUSDT,1h,154.12490628066448,155.33717218147564,153.3579199463709,154.56798093292414,921.211894588679
2026-02-03 05:00:00+00:00,SOLUSDT,1h,154.56798093292414,156.42912723665708,152.91491680659271,154.7738612739299,2425.857677459885
2026-02-03 06:00:00+00:00,SOLUSDT,1h,154.7738612739299,155.5220627681406,153.57250038448052,154.3185005926385,1311.448332810467
2026-02-03 07:00:00+00:00,SOLUSDT,1h,154.3185005926385,157.47528058677432,152.9406208461223,156.08165795261408,1412.8866475087243
2026-02-03 08:00:00+00:00,SOLUSDT,1h,156.08165795261408,158.87918311930932,154.5210868332209,157.3063668370965,1021.8291379833364
2026-02-03 09:00:00+00:00,SOLUSDT,1h,157.3063668370965,159.57493673293337,152.9469734092456,155.18494960847548,1671.2495868817534
2026-02-03 10:00:00+00:00,SOLUSDT,1h,155.18494960847548,156.16753341335814,153.3103549904045,154.28725486576863,1926.6191495303897
2026-02-03 11:00:00+00:00,SOLUSDT,1h,154.28725486576863,156.0615242428225,151.80811530778195,153.5741845334007,1649.5750516844162
2026-02-03 12:00:00+00:00,SOLUSDT,1h,153.5741845334007,154.7258422507337,152.44511012881327,153.5966030258279,1309.758311936702
2026-02-03 13:00:00+00:00,SOLUSDT,1h,153.5966030258279,155.37934954857658,149.8880213669715,151.64815285331065,1444.2244874549683
2026-02-03 14:00:00+00:00,SOLUSDT,1h,151.64815285331065,152.49304230466262,150.4403228892464,151.28317893227722,1300.6647760427106
2026-02-03 15:00:00+00:00,SOLUSDT,1h,151.28317893227722,151.45593187559618,150.6079510659999,150.78012956833433,1488.8507988625422
2026-02-03 16:00:00+00:00,SOLUSDT,1h,150.78012956833433,151.45082498008978,150.12936385899468,150.79997362398095,1695.8501643737436
2026-02-03 17:00:00+00:00,SOLUSDT,1h,150.79997362398095,151.68424238731376,149.9560006656047,150.84004516301405,1344.051110657311
2026-02-03 18:00:00+00:00,SOLUSDT,1h,150.84004516301405,152.3096773299372,149.87822371516478,151.3446383772446,1220.7307844328743
2026-02-03 19:00:00+00:00,SOLUSDT,1h,151.3446383772446,153.21657403796792,150.22268041818705,152.08909720807756,1579.8737538981734
2026-02-03 20:00:00+00:00,SOLUSDT,1h,152.08909720807756,153.28776308008446,150.15700783441775,151.349847427625,1923.0768963385767
2026-02-03 21:00:00+00:00,SOLUSDT,1h,151.349847427625,152.91272421009435,149.98514315107832,151.54624900298924,1629.9815339835127
2026-02-03 22:00:00+00:00,SOLUSDT,1h,151.54624900298924,151.94797590227586,151.34164018481115,151.74310130571473,1782.9042936918845
2026-02-03 23:00:00+00:00,SOLUSDT,1h,151.74310130571473,153.8802970934238,150.53802598257684,152.66787761362576,1827.242958787513
2026-02-04 00:00:00+00:00,SOLUSDT,1h,152.66787761362576,154.37723676714808,150.86513129804388,152.57343299418045,1132.8320345635302
2026-02-04 01:00:00+00:00,SOLUSDT,1h,152.57343299418045,154.76076231522262,150.88739487932077,153.0692451456625,1952.2889524388572
2026-02-04 02:00:00+00:00,SOLUSDT,1h,153.0692451456625,155.4933456473221,151.56844531736647,153.98358101933098,1417.651336329753
2026-02-04 03:00:00+00:00,SOLUSDT,1h,153.98358101933098,155.5164389757674,151.76922815707258,153.29523383450586,1451.2821132873987
2026-02-04 04:00:00+00:00,SOLUSDT,1h,153.29523383450586,154.49601098969626,152.58882604040306,153.7873355160665,1594.1980753725431
2026-02-04 05:00:00+00:00,SOLUSDT,1h,153.7873355160665,154.44780394169763,152.0687574930513,152.7246620691555,1662.8933944396647
2026-02-04 06:00:00+00:00,SOLUSDT,1h,152.7246620691555,155.42056899373503,151.4302544191216,154.11438285818116,1945.8601354704988
2026-02-04 07:00:00+00:00,SOLUSDT,1h,154.11438285818116,156.4086442238843,152.6682657034222,154.95464257471284,1509.9055550482542
2026-02-04 08:00:00+00:00,SOLUSDT,1h,154.95464257471284,156.7509848687338,153.24225726918348,155.03768190544753,2036.519322698941
2026-02-04 09:00:00+00:00,SOLUSDT,1h,155.03768190544753,156.89465694832165,153.51534344672493,155.36906459284708,2130.0270731518926
2026-02-04 10:00:00+00:00,SOLUSDT,1h,155.36906459284708,156.73626891906687,154.44057232306525,155.8051704616949,1404.4169738234943
2026-02-04 11:00:00+00:00,SOLUSDT,1h,155.8051704616949,156.32942605398327,154.31743378064962,154.83843649186585,1485.145629745159
2026-02-04 12:00:00+00:00,SOLUSDT,1h,154.83843649186585,156.36960563132513,153.4708466038751,155.0005836005715,1764.2590017803393
2026-02-04 13:00:00+00:00,SOLUSDT,1h,155.0005836005715,157.10389785455305,152.97885826959626,155.08112203340548,1326.8343007133528
2026-02-04 14:00:00+00:00,SOLUSDT,1h,155.08112203340548,157.19065769784925,152.99510220676586,155.10432575441908,1967.5078790046605
2026-02-04 15:00:00+00:00,SOLUSDT,1h,155.10432575441908,157.60193700428357,152.45218595335325,154.94726813856184,1961.1695928315044
2026-02-04 16:00:00+00:00,SOLUSDT,1h,154.94726813856184,156.000871639501,153.27435528015553,154.32371879819007,1894.003072904176
2026-02-04 17:00:00+00:00,SOLUSDT,1h,154.32371879819007,156.11658712206858,151.6118998178977,153.39396667100507,1879.102958565161
2026-02-04 18:00:00+00:00,SOLUSDT,1h,153.39396667100507,155.78103705200525,151.0924557529648,153.4782613827905,1220.861456704832
2026-02-04 19:00:00+00:00,SOLUSDT,1h,153.4782613827905,155.1726201086778,151.06146340851504,152.74775756877318,1323.0805741826568
2026-02-04 20:00:00+00:00,SOLUSDT,1h,152.74775756877318,154.9428652684085,151.87990468805262,154.06751404871915,2048.194825469954
2026-02-04 21:00:00+00:00,SOLUSDT,1h,154.06751404871915,156.43337782095497,152.6936348662421,155.0507309161301,1398.0151101809734
2026-02-04 22:00:00+00:00,SOLUSDT,1h,155.0507309161301,156.2785798676458,153.25614853845408,154.47947369588783,937.6583181480972
2026-02-04 23:00:00+00:00,SOLUSDT,1h,154.47947369588783,155.54197405657428,153.12424963186905,154.18472271334636,1540.4346596015582
2026-02-05 00:00:00+00:00,SOLUSDT,1h,154.18472271334636,155.91099426550878,151.69913913280013,153.41681307201404,1856.5071527595376
2026-02-05 01:00:00+00:00,SOLUSDT,1h,153.41681307201404,154.46976216248407,152.05554948775122,153.10636789278618,1011.2076487525655
2026-02-05 02:00:00+00:00,SOLUSDT,1h,153.10636789278618,154.26118501640818,151.70052795464002,152.85343732909348,1965.6175428508384
2026-02-05 03:00:00+00:00,SOLUSDT,1h,152.85343732909348,155.70168547321498,151.3086090035851,154.1438158104397,1612.9720992087807
2026-02-05 04:00:00+00:00,SOLUSDT,1h,154.1438158104397,156.8650101250899,152.37985728386852,155.09022132249495,1401.2288205018067
2026-02-05 05:00:00+00:00,SOLUSDT,1h,155.09022132249495,156.59823558627463,153.00767499237963,154.51004796106645,1695.4415471988298
2026-02-05 06:00:00+00:00,SOLUSDT,1h,154.51004796106645,155.85842502547544,153.30931805769555,154.65655657303404,1224.6455041056115
2026-02-05 07:00:00+00:00,SOLUSDT,1h,154.65655657303404,155.72747303167773,153.65928150730596,154.72972614508802,1497.9255329011462
2026-02-05 08:00:00+00:00,SOLUSDT,1h,154.72972614508802,156.7492657543075,152.29791007270654,154.31199746772737,1917.917025663536
2026-02-05 09:00:00+00:00,SOLUSDT,1h,154.31199746772737,156.97500415703232,153.06492828940432,155.71658384330814,2141.439362631992
2026-02-05 10:00:00+00:00,SOLUSDT,1h,155.71658384330814,156.9010225836582,154.48632687398427,155.6704144324791,1975.1234429888464
2026-02-05 11:00:00+00:00,SOLUSDT,1h,155.6704144324791,157.69172021697543,154.35187664554513,156.367279937241,1781.243985163935
2026-02-05 12:00:00+00:00,SOLUSDT,1h,156.367279937241,159.78763521921977,154.50238130573544,157.90440422949814,1555.886265223265
2026-02-05 13:00:00+00:00,SOLUSDT,1h,157.90440422949814,159.1661987100833,157.01137971502436,158.27110035459998,1395.2851532580844
2026-02-05 14:00:00+00:00,SOLUSDT,1h,158.27110035459998,161.96457186166913,155.91154685810187,159.5854240297785,1988.867781987099
2026-02-05 15:00:00+00:00,SOLUSDT,1h,159.5854240297785,161.3293571825768,157.5022591609567,159.24244426606006,1548.8218688709958
2026-02-05 16:00:00+00:00,SOLUSDT,1h,159.24244426606006,161.4224157019949,157.63723224727835,159.81146775428746,1324.6341963664397
2026-02-05 17:00:00+00:00,SOLUSDT,1h,159.81146775428746,161.80138138994815,157.97863046736828,159.96676306045657,1262.8869331338874
2026-02-05 18:00:00+00:00,SOLUSDT,1h,159.96676306045657,162.22799801310973,157.88341458738674,160.14236259606858,1957.327419508216
2026-02-05 19:00:00+00:00,SOLUSDT,1h,160.14236259606858,161.12988555884007,158.2436373699306,159.22550651054453,1441.153324542258
2026-02-05 20:00:00+00:00,SOLUSDT,1h,159.22550651054453,160.70647504175707,158.80334022553976,160.28150890002397,1585.6576876345518
2026-02-05 21:00:00+00:00,SOLUSDT,1h,160.28150890002397,162.20499922973724,159.24359969400135,161.16139230417315,1757.501628166434
2026-02-05 22:00:00+00:00,SOLUSDT,1h,161.16139230417315,161.64571575132754,160.4935481145445,160.97731838133996,1126.725185447127
2026-02-05 23:00:00+00:00,SOLUSDT,1h,160.97731838133996,162.40611713460805,159.30439100463465,160.731003522182,1700.3185835819509
2026-02-06 00:00:00+00:00,SOLUSDT,1h,160.731003522182,162.04658307975546,159.37371068722757,160.68894600499266,1553.0785912455065
2026-02-06 01:00:00+00:00,SOLUSDT,1h,160.68894600499266,162.30454678517876,157.76139409037415,159.36367026691053,1674.5116354838217
2026-02-06 02:00:00+00:00,SOLUSDT,1h,159.36367026691053,162.0147615983376,157.6319990112476,160.27320716851187,1735.3847004476502
2026-02-06 03:00:00+00:00,SOLUSDT,1h,160.27320716851187,163.1284221842297,158.73611643059965,161.578810138063,1900.9103060565265
2026-02-06 04:00:00+00:00,SOLUSDT,1h,161.578810138063,163.73298677488728,160.98889439228762,163.13738076962997,1501.6569929440357
2026-02-06 05:00:00+00:00,SOLUSDT,1h,163.13738076962997,164.6091740269416,161.77463057651065,163.24552050045764,1124.0591888420304
2026-02-06 06:00:00+00:00,SOLUSDT,1h,163.24552050045764,164.0016234020848,161.88255766596416,162.6358367002718,1918.6767989417576
2026-02-06 07:00:00+00:00,SOLUSDT,1h,162.6358367002718,164.54097719232524,161.8982948237177,163.79816424357176,1372.2096556537897
2026-02-06 08:00:00+00:00,SOLUSDT,1h,163.79816424357176,165.18396595158154,162.1587407259846,163.5423783774447,2192.101663435425
2026-02-06 09:00:00+00:00,SOLUSDT,1h,163.5423783774447,171.24645903417348,162.80619884911462,170.47905433421084,5337.411475657168
2026-02-06 10:00:00+00:00,SOLUSDT,1h,170.47905433421084,173.23649050487217,168.23603572171206,170.9867915177237,1487.1505829898374
2026-02-06 11:00:00+00:00,SOLUSDT,1h,170.9867915177237,172.1740791936537,167.83360744136374,169.00714899604148,1067.8206658705071
2026-02-06 12:00:00+00:00,SOLUSDT,1h,169.00714899604148,169.9892203666976,168.5268046204379,169.50745404700027,1487.78620107782
2026-02-06 13:00:00+00:00,SOLUSDT,1h,169.50745404700027,171.37753990610616,167.03636771321015,168.89974908571398,1680.435656865931
2026-02-06 14:00:00+00:00,SOLUSDT,1h,168.89974908571398,171.4520387787877,167.0589499378912,169.60356886263875,1487.1396992477264
2026-02-06 15:00:00+00:00,SOLUSDT,1h,169.60356886263875,170.9481055249388,167.7083521677061,169.04848841545848,1881.634907140149
2026-02-06 16:00:00+00:00,SOLUSDT,1h,169.04848841545848,170.84948717046757,166.88616975176177,168.68327764594525,1240.7593155251363
2026-02-06 17:00:00+00:00,SOLUSDT,1h,168.68327764594525,169.81006167735453,167.18793299557728,168.31223853026526,1174.2608904639928
2026-02-06 18:00:00+00:00,SOLUSDT,1h,168.31223853026526,173.6129506783395,165.9745602520245,171.23468275291495,844.4438935463445
2026-02-06 19:00:00+00:00,SOLUSDT,1h,171.23468275291495,173.1170785101148,170.07301228916188,171.95055153246074,1609.5474278091815
2026-02-06 20:00:00+00:00,SOLUSDT,1h,171.95055153246074,174.57908364998838,171.17866568288974,173.7989005635117,1338.680438686734
2026-02-06 21:00:00+00:00,SOLUSDT,1h,173.7989005635117,177.97657203615185,172.21016926476932,176.3643890821179,926.5981901817228
2026-02-06 22:00:00+00:00,SOLUSDT,1h,176.3643890821179,178.03347496357455,174.5629513626423,176.23077271906496,1669.373535083956
2026-02-06 23:00:00+00:00,SOLUSDT,1h,176.23077271906496,178.5669793522901,173.64693661056316,175.97981643700103,2152.5391887104984
2026-02-07 00:00:00+00:00,SOLUSDT,1h,175.97981643700103,177.4070957468516,173.92140494394556,175.34352361894264,1597.799064039487
2026-02-07 01:00:00+00:00,SOLUSDT,1h,175.34352361894264,176.95690658325162,173.6204794072246,175.232843978365,1588.1257590265875
2026-02-07 02:00:00+00:00,SOLUSDT,1h,175.232843978365,177.13953120011678,174.20137028377556,176.102935880559,1652.4583508573166
2026-02-07 03:00:00+00:00,SOLUSDT,1h,176.102935880559,179.09997913053294,174.00855135671426,176.99498549953648,1664.0301048206968
2026-02-07 04:00:00+00:00,SOLUSDT,1h,176.99498549953648,178.44267810171965,174.8648643075056,176.3069290996284,1580.1092683294912
2026-02-07 05:00:00+00:00,SOLUSDT,1h,176.3069290996284,178.27763556878398,173.9421838459129,175.9084360784783,1282.155170479216
2026-02-07 06:00:00+00:00,SOLUSDT,1h,175.9084360784783,178.89270597286938,173.83750009717147,176.81114260232263,1303.356164031802
2026-02-07 07:00:00+00:00,SOLUSDT,1h,176.81114260232263,177.54136673067288,173.49986149692072,174.21938173925295,1724.1317280089763
2026-02-07 08:00:00+00:00,SOLUSDT,1h,174.21938173925295,176.36114949163726,172.40650000120152,174.54488069579594,2070.014154935004
2026-02-07 09:00:00+00:00,SOLUSDT,1h,174.54488069579594,175.51202128321788,173.7365726976182,174.70298113039152,2174.3437073187097
2026-02-07 10:00:00+00:00,SOLUSDT,1h,174.70298113039152,175.4912329084916,173.820658966154,174.60848437927962,1353.427869677026
2026-02-07 11:00:00+00:00,SOLUSDT,1h,174.60848437927962,176.49493353884088,169.4656749592234,171.3165585462228,1154.250429417366
2026-02-07 12:00:00+00:00,SOLUSDT,1h,171.3165585462228,172.93528206432174,169.59246125089564,171.21017962351726,1229.4215642863771
2026-02-07 13:00:00+00:00,SOLUSDT,1h,171.21017962351726,172.26583111832815,170.1501462767883,171.20577058626017,1737.000098830918
2026-02-07 14:00:00+00:00,SOLUSDT,1h,171.20577058626017,172.30192585149408,170.6666320303304,171.76103871864413,1075.5939283809512
2026-02-07 15:00:00+00:00,SOLUSDT,1h,171.76103871864413,173.40933756784128,170.86064993709752,172.50504861099628,1881.2319344068085
2026-02-07 16:00:00+00:00,SOLUSDT,1h,172.50504861099628,175.7254226795293,169.92294764117543,173.13390876540532,2204.698997541929
2026-02-07 17:00:00+00:00,SOLUSDT,1h,173.13390876540532,176.45439181050293,171.7420706833406,175.04717283733862,1201.630485282754
2026-02-07 18:00:00+00:00,SOLUSDT,1h,175.04717283733862,176.89798855711436,173.22588078311333,175.07639248477307,1714.0401258074903
2026-02-07 19:00:00+00:00,SOLUSDT,1h,175.07639248477307,176.65031739710912,174.0074426431361,175.57830308033633,1619.3391638175842
2026-02-07 20:00:00+00:00,SOLUSDT,1h,175.57830308033633,176.8800490471656,174.2318479160921,175.53325993084906,1573.620843193236
2026-02-07 21:00:00+00:00,SOLUSDT,1h,175.53325993084906,176.89547870871746,173.55404366803646,174.91143681269784,1945.6032095136948
2026-02-07 22:00:00+00:00,SOLUSDT,1h,174.91143681269784,177.38253172159,173.23815904716776,175.70169401696705,1725.3571314745905
2026-02-07 23:00:00+00:00,SOLUSDT,1h,175.70169401696705,177.09748943032886,173.33474917264627,174.72276787889558,2273.4653517356846
2026-02-08 00:00:00+00:00,SOLUSDT,1h,174.72276787889558,175.96363930907424,172.32805229655605,173.56067057598753,2081.5209526849244
2026-02-08 01:00:00+00:00,SOLUSDT,1h,173.56067057598753,176.04438733794916,172.10691875118246,174.58208014161335,1366.753783988947
2026-02-08 02:00:00+00:00,SOLUSDT,1h,174.58208014161335,175.80294187629977,173.14860784658245,174.36797231388752,2015.8836624837209
2026-02-08 03:00:00+00:00,SOLUSDT,1h,174.36797231388752,175.5720158112636,172.38927746595783,173.58793465726114,2060.481247193702
2026-02-08 04:00:00+00:00,SOLUSDT,1h,173.58793465726114,175.21939641527626,171.32401988395029,172.94948115305797,1325.2671359942792
2026-02-08 05:00:00+00:00,SOLUSDT,1h,172.94948115305797,174.51583749105856,164.8381423268227,166.3446807871086,1502.191487604854
2026-02-08 06:00:00+00:00,SOLUSDT,1h,166.3446807871086,167.38163857328837,163.97986134030967,165.00848959134763,1143.4376784335054
2026-02-08 07:00:00+00:00,SOLUSDT,1h,165.00848959134763,165.91141335247255,163.51366975481815,164.41333684985807,1372.4634007578504
2026-02-08 08:00:00+00:00,SOLUSDT,1h,164.41333684985807,165.3546612994411,163.1647118032034,164.104266717065,1268.133021776388
2026-02-08 09:00:00+00:00,SOLUSDT,1h,164.104266717065,165.3334138321878,162.26586338786666,163.4904127134699,2307.1334550440133
2026-02-08 10:00:00+00:00,SOLUSDT,1h,163.4904127134699,166.73172233410384,161.90145484587163,165.1268598909745,1619.821714881346
2026-02-08 11:00:00+00:00,SOLUSDT,1h,165.1268598909745,166.05547413803322,163.4712681872146,164.3957710528092,1477.4098156652085
2026-02-08 12:00:00+00:00,SOLUSDT,1h,164.3957710528092,167.32276493563828,162.90226295901493,165.81635110954306,1334.5716984989742
2026-02-08 13:00:00+00:00,SOLUSDT,1h,165.81635110954306,167.25966199759796,164.11938791047297,165.56047155285682,1238.080147864209
2026-02-08 14:00:00+00:00,SOLUSDT,1h,165.56047155285682,168.88127325865594,163.67511360381678,166.97975291664824,1912.2329320775627
2026-02-08 15:00:00+00:00,SOLUSDT,1h,166.97975291664824,168.78301184252027,165.47632746160562,167.27691088434034,1492.8887034965592
2026-02-08 16:00:00+00:00,SOLUSDT,1h,167.27691088434034,170.92808373403008,165.18760348339117,168.8195091080441,1182.926770920048
2026-02-08 17:00:00+00:00,SOLUSDT,1h,168.8195091080441,170.93030364304184,166.75662313739278,168.86683932196877,1497.988232369671
2026-02-08 18:00:00+00:00,SOLUSDT,1h,168.86683932196877,169.66854587121395,168.21484636819156,169.0159770981722,2142.1659363746
2026-02-08 19:00:00+00:00,SOLUSDT,1h,169.0159770981722,170.0029212953924,168.29383182440145,169.27964944328795,1572.1727040763
2026-02-08 20:00:00+00:00,SOLUSDT,1h,169.27964944328795,171.96394855988808,167.0683168343364,169.7465171680805,1487.3938012897954
2026-02-08 21:00:00+00:00,SOLUSDT,1h,169.7465171680805,170.99280196908063,166.93269431997734,168.16738507855007,1771.9774119555957
2026-02-08 22:00:00+00:00,SOLUSDT,1h,168.16738507855007,170.33737617371986,166.69415163228203,168.85809177879796,1782.7227326603406
2026-02-08 23:00:00+00:00,SOLUSDT,1h,168.85809177879796,170.53861090666524,167.0991915613063,168.7789227789397,2146.675566660338
2026-02-09 00:00:00+00:00,SOLUSDT,1h,168.7789227789397,170.52798731212062,166.63162344429233,168.3765178346351,1911.2344378229056
2026-02-09 01:00:00+00:00,SOLUSDT,1h,168.3765178346351,170.0097249165053,165.99464172333168,167.62051578803118,1450.3392562093418
2026-02-09 02:00:00+00:00,SOLUSDT,1h,167.62051578803118,168.11778381290952,165.80507532069765,166.29842118025374,1967.8491101104437
2026-02-09 03:00:00+00:00,SOLUSDT,1h,166.29842118025374,167.5367863528717,162.83668104246172,164.05836531608364,1317.7814598198595
2026-02-09 04:00:00+00:00,SOLUSDT,1h,164.05836531608364,165.4442200140427,162.92924033936112,164.31334018324495,1585.313236377698
2026-02-09 05:00:00+00:00,SOLUSDT,1h,164.31334018324495,165.3721291057648,163.48089425704185,164.53854225850247,1534.0635818930357
2026-02-09 06:00:00+00:00,SOLUSDT,1h,164.53854225850247,166.6095471612774,164.1737109586506,166.24094113250456,1718.472223596476
2026-02-09 07:00:00+00:00,SOLUSDT,1h,166.24094113250456,168.2347651614238,165.2718067828717,167.25969180385107,2103.2101092956777
2026-02-09 08:00:00+00:00,SOLUSDT,1h,167.25969180385107,169.20507237552332,165.08369752079795,167.02636428366358,2241.5689058118514
2026-02-09 09:00:00+00:00,SOLUSDT,1h,167.02636428366358,168.203897735349,165.17830555961186,166.35107825456203,1788.5011240867414
2026-02-09 10:00:00+00:00,SOLUSDT,1h,166.35107825456203,167.2811384384472,165.97767455396152,166.90648802477622,1692.462682164344
2026-02-09 11:00:00+00:00,SOLUSDT,1h,166.90648802477622,169.46443929612082,165.2112988268094,167.76057554063297,1419.1272960354977
2026-02-09 12:00:00+00:00,SOLUSDT,1h,167.76057554063297,168.89387315157657,166.0055332083111,167.13460208902453,1365.337512509205
2026-02-09 13:00:00+00:00,SOLUSDT,1h,167.13460208902453,168.81547575485348,164.9726896351338,166.64867634290624,1435.1158640254484
2026-02-09 14:00:00+00:00,SOLUSDT,1h,166.64867634290624,168.3375651082887,165.04808972036875,166.73613845099507,1473.8852049608083
2026-02-09 15:00:00+00:00,SOLUSDT,1h,166.73613845099507,168.2532228787923,165.3139611580428,166.83024292097318,2798.811886949576
2026-02-09 16:00:00+00:00,SOLUSDT,1h,166.83024292097318,167.61613351715667,166.1752672337126,166.96064586780676,1430.0415942001898
2026-02-09 17:00:00+00:00,SOLUSDT,1h,166.96064586780676,167.6739558598166,164.38353139422225,165.08884444388798,1558.983789585568
2026-02-09 18:00:00+00:00,SOLUSDT,1h,165.08884444388798,166.46501243561752,161.88714350083086,163.24796607111898,1495.203016713049
2026-02-09 19:00:00+00:00,SOLUSDT,1h,163.24796607111898,164.66906361484615,162.00629761049282,163.42604071365574,1992.1471085555008
2026-02-09 20:00:00+00:00,SOLUSDT,1h,163.42604071365574,164.7950290979757,162.82491199311573,164.19108631621137,1808.9135088881208
2026-02-09 21:00:00+00:00,SOLUSDT,1h,164.19108631621137,165.2522607835489,162.22446669868887,163.2797511654492,1699.7456131887095
2026-02-09 22:00:00+00:00,SOLUSDT,1h,163.2797511654492,163.748594457302,162.56620325031503,163.03434187119333,1131.170573606865
2026-02-09 23:00:00+00:00,SOLUSDT,1h,163.03434187119333,164.85097566057414,161.04832893794293,162.86305412882277,1548.317645053187
2026-02-10 00:00:00+00:00,SOLUSDT,1h,162.86305412882277,164.4745230500877,161.76975043634934,163.3777640969249,1595.8979351484136
2026-02-10 01:00:00+00:00,SOLUSDT,1h,163.3777640969249,164.27816580404172,162.50945009666552,163.40968216682404,1828.5868959614809
2026-02-10 02:00:00+00:00,SOLUSDT,1h,163.40968216682404,165.16858573090286,161.12294672617278,162.87610701219896,1475.783830482862
2026-02-10 03:00:00+00:00,SOLUSDT,1h,162.87610701219896,164.13247297115117,161.4419155116697,162.69689912737834,1661.8079427797045
2026-02-10 04:00:00+00:00,SOLUSDT,1h,162.69689912737834,164.36906738103045,160.91076337828972,162.5817481315765,1443.9905620420425
2026-02-10 05:00:00+00:00,SOLUSDT,1h,162.5817481315765,164.46905147487564,161.13811180020295,163.02151029780066,1356.4798937973317
2026-02-10 06:00:00+00:00,SOLUSDT,1h,163.02151029780066,164.5821884378343,161.45127710293417,163.01186288394177,1814.051421597126
2026-02-10 07:00:00+00:00,SOLUSDT,1h,163.01186288394177,165.8351443894269,161.62841332623995,164.4395780940776,1219.82909334043
2026-02-10 08:00:00+00:00,SOLUSDT,1h,164.4395780940776,166.8741761598576,163.18145731052985,165.6071225394016,1765.6578646918165
2026-02-10 09:00:00+00:00,SOLUSDT,1h,165.6071225394016,167.20978410666473,163.29808443964325,164.8938432524695,2548.3460754295784
2026-02-10 10:00:00+00:00,SOLUSDT,1h,164.8938432524695,172.9963387825941,163.4261277323842,171.47008828805355,4110.774399349039
2026-02-10 11:00:00+00:00,SOLUSDT,1h,171.47008828805355,172.77518400634895,170.18564306715342,171.49058524717606,1544.9635408376091
2026-02-10 12:00:00+00:00,SOLUSDT,1h,171.49058524717606,171.79491740018838,169.80757517961874,170.10945634132506,1761.876760895555
2026-02-10 13:00:00+00:00,SOLUSDT,1h,170.10945634132506,171.38262152814497,168.2772553033864,169.54620489781817,1922.7602057772071
2026-02-10 14:00:00+00:00,SOLUSDT,1h,169.54620489781817,172.661626368232,167.96116379534487,171.06241067261865,1485.1007493534516
2026-02-10 15:00:00+00:00,SOLUSDT,1h,171.06241067261865,174.17538541015784,169.12509109625785,172.22490038113702,1982.815531504565
2026-02-10 16:00:00+00:00,SOLUSDT,1h,172.22490038113702,173.42811472656263,169.2907292487594,170.4817655360355,1356.7887240628047
2026-02-10 17:00:00+00:00,SOLUSDT,1h,170.4817655360355,171.72786349557077,169.19878623444868,170.4446126332324,1646.2856662008155
2026-02-10 18:00:00+00:00,SOLUSDT,1h,170.4446126332324,172.03551813006965,169.0115738775085,170.60116315227486,1733.8226646994694
2026-02-10 19:00:00+00:00,SOLUSDT,1h,170.60116315227486,172.86195279913665,168.59785979325756,170.85566097084177,1722.3370436842358
2026-02-10 20:00:00+00:00,SOLUSDT,1h,170.85566097084177,171.06110091063687,170.59015178858925,170.79551941308654,1872.8264544877304
2026-02-10 21:00:00+00:00,SOLUSDT,1h,170.79551941308654,172.40993336878012,169.44491231123206,171.0572565171292,1366.9421972246655
2026-02-10 22:00:00+00:00,SOLUSDT,1h,171.0572565171292,172.25656565915807,169.800653650598,170.99955826114257,1018.2067026209022
2026-02-10 23:00:00+00:00,SOLUSDT,1h,170.99955826114257,172.36521521901753,169.2764146228879,170.63919359370567,1781.414193065405
2026-02-11 00:00:00+00:00,SOLUSDT,1h,170.63919359370567,172.41050542168554,169.4108804566329,171.17831154858453,1582.560163985807
2026-02-11 01:00:00+00:00,SOLUSDT,1h,171.17831154858453,172.8430745195969,169.07702966767908,170.7375056626743,1720.6297778224573
2026-02-11 02:00:00+00:00,SOLUSDT,1h,170.7375056626743,172.9582340228881,168.61159066375055,170.83115298695031,1529.4567014037818
2026-02-11 03:00:00+00:00,SOLUSDT,1h,170.83115298695031,171.66504604327596,169.77182293696893,170.6046101499197,1061.2061459512213
2026-02-11 04:00:00+00:00,SOLUSDT,1h,170.6046101499197,172.38671489453435,168.90773754273127,170.68900289770784,2066.3364694467195
2026-02-11 05:00:00+00:00,SOLUSDT,1h,170.68900289770784,172.64047979927494,169.28445548318604,171.23146860098225,1685.034456327143
2026-02-11 06:00:00+00:00,SOLUSDT,1h,171.23146860098225,173.45379179532085,170.81403687968947,173.03197077148707,1772.6177764258807
2026-02-11 07:00:00+00:00,SOLUSDT,1h,173.03197077148707,174.93270684306938,171.89008711412794,173.7858481498589,2097.0697670104096
2026-02-11 08:00:00+00:00,SOLUSDT,1h,173.7858481498589,175.80277660409897,172.2637859816886,174.27641789705055,1603.3554483247578
2026-02-11 09:00:00+00:00,SOLUSDT,1h,174.27641789705055,175.8160203933357,170.89292649261623,172.4160944149556,1436.3193956718198
2026-02-11 10:00:00+00:00,SOLUSDT,1h,172.4160944149556,176.08063957588524,171.50648576356545,175.15657309141682,1989.3269306359523
2026-02-11 11:00:00+00:00,SOLUSDT,1h,175.15657309141682,177.72549487886982,174.04643072040713,176.6061649942907,1662.4608359602014
2026-02-11 12:00:00+00:00,SOLUSDT,1h,176.6061649942907,178.90266157786797,175.03511896267764,177.32521901437389,1834.5136493675236
2026-02-11 13:00:00+00:00,SOLUSDT,1h,177.32521901437389,179.60681698834748,174.08599546121948,176.35511130891908,1114.6588148074918
2026-02-11 14:00:00+00:00,SOLUSDT,1h,176.35511130891908,177.2785349467862,175.43873621709764,176.36212341869316,1871.4846109249768
2026-02-11 15:00:00+00:00,SOLUSDT,1h,176.36212341869316,177.16101757702847,175.67150482952954,176.4699766441046,1629.3977610287145
2026-02-11 16:00:00+00:00,SOLUSDT,1h,176.4699766441046,177.92488708015134,174.93917904264495,176.3934586242669,1071.225985612123
2026-02-11 17:00:00+00:00,SOLUSDT,1h,176.3934586242669,177.7928315414495,174.20168047541134,175.59471677603824,1423.7439354194216
2026-02-11 18:00:00+00:00,SOLUSDT,1h,175.59471677603824,176.75389721221745,175.2526743586256,176.4102661793013,1204.395845413335
2026-02-11 19:00:00+00:00,SOLUSDT,1h,176.4102661793013,178.10447614191546,173.8894339773955,175.57562823920088,1956.7001754704156
2026-02-11 20:00:00+00:00,SOLUSDT,1h,175.57562823920088,177.5432317981476,172.4358801223277,174.39019906607285,882.8542924843933
2026-02-11 21:00:00+00:00,SOLUSDT,1h,174.39019906607285,175.72689691232534,172.58794334537322,173.92104513489355,1963.6879367653328
2026-02-11 22:00:00+00:00,SOLUSDT,1h,173.92104513489355,175.3649749599063,172.79005470400392,174.23196266472323,1224.9409608824833
2026-02-11 23:00:00+00:00,SOLUSDT,1h,174.23196266472323,178.0907155952206,172.8393453544979,176.6785430316552,1125.748388691048
2026-02-12 00:00:00+00:00,SOLUSDT,1h,176.6785430316552,177.8830709230034,175.08769682706043,176.28957286603676,1177.8313772186425
2026-02-12 01:00:00+00:00,SOLUSDT,1h,176.28957286603676,179.22158058915406,175.08414549882326,178.0044274425667,1439.37742491995
2026-02-12 02:00:00+00:00,SOLUSDT,1h,178.0044274425667,181.60429019802277,176.07684535154982,179.65879323867154,1130.773413266298
2026-02-12 03:00:00+00:00,SOLUSDT,1h,179.65879323867154,181.99148694776943,177.0456261343638,179.37463026518583,1328.7707758807042
2026-02-12 04:00:00+00:00,SOLUSDT,1h,179.37463026518583,179.87798265154524,178.09635558292285,178.5975273006388,1314.0712144502315
2026-02-12 05:00:00+00:00,SOLUSDT,1h,178.5975273006388,179.77432935438077,177.40134718875836,178.57802071107548,1496.0716058334915
2026-02-12 06:00:00+00:00,SOLUSDT,1h,178.57802071107548,180.2921414378128,177.18856018023638,178.9001743289796,1815.0916398385607
2026-02-12 07:00:00+00:00,SOLUSDT,1h,178.9001743289796,179.39648151373896,178.00751037096856,178.50271491867505,1773.617514584016
2026-02-12 08:00:00+00:00,SOLUSDT,1h,178.50271491867505,179.90573892221755,177.45248177549803,178.85344225038136,1419.4023726017203
2026-02-12 09:00:00+00:00,SOLUSDT,1h,178.85344225038136,182.0881090372719,177.07668537717578,180.2970115307048,1735.3672872596117
2026-02-12 10:00:00+00:00,SOLUSDT,1h,180.2970115307048,181.2601474688405,178.62289019028353,179.58220768870638,1573.2034179793595
2026-02-12 11:00:00+00:00,SOLUSDT,1h,179.58220768870638,181.5007960024444,177.42815991518293,179.34420550368836,1533.0219115073298
2026-02-12 12:00:00+00:00,SOLUSDT,1h,179.34420550368836,182.27946187696548,177.16906192552284,180.0952098788253,984.5723125781384
2026-02-12 13:00:00+00:00,SOLUSDT,1h,180.0952098788253,181.7298252086604,178.2041954285229,179.83646226269184,1888.0591042224512
2026-02-12 14:00:00+00:00,SOLUSDT,1h,179.83646226269184,182.47543498569948,178.22598054458095,180.85582461585005,1986.766531168617
2026-02-12 15:00:00+00:00,SOLUSDT,1h,180.85582461585005,182.03563171516657,178.5779434975701,179.7505403106111,1745.1712921167448
2026-02-12 16:00:00+00:00,SOLUSDT,1h,179.7505403106111,180.96956659008052,177.8242177755378,179.03841458426857,2148.5054737640357
2026-02-12 17:00:00+00:00,SOLUSDT,1h,179.03841458426857,180.65416228030267,177.61763715115544,179.2318498223089,916.6321311039834
2026-02-12 18:00:00+00:00,SOLUSDT,1h,179.2318498223089,182.6197139345148,177.5282548166422,180.9002607179772,1657.2324842511075
2026-02-12 19:00:00+00:00,SOLUSDT,1h,180.9002607179772,182.91188176296583,179.23066345879838,181.2391567039317,1718.0541680420065
2026-02-12 20:00:00+00:00,SOLUSDT,1h,181.2391567039317,181.88687456842104,179.7770308043058,180.42182767410824,1618.8909230256843
2026-02-12 21:00:00+00:00,SOLUSDT,1h,180.42182767410824,182.33290939980455,179.23632055690447,181.1426658336935,1266.923575216617
2026-02-12 22:00:00+00:00,SOLUSDT,1h,181.1426658336935,183.01848576593005,179.95159877942382,181.8229456688485,1414.8237106627528
2026-02-12 23:00:00+00:00,SOLUSDT,1h,181.8229456688485,183.74417389435243,180.12449048344223,182.04365698740656,1453.7037699031096
2026-02-13 00:00:00+00:00,SOLUSDT,1h,182.04365698740656,183.2110792024832,180.68406415708145,181.8502460530769,1478.5020406857732
2026-02-13 01:00:00+00:00,SOLUSDT,1h,181.8502460530769,183.01075885619431,179.1602926045288,180.3109822958473,1643.8788355478878
2026-02-13 02:00:00+00:00,SOLUSDT,1h,180.3109822958473,181.93858570859263,177.31978466597403,178.93496727822145,811.5011362942404
2026-02-13 03:00:00+00:00,SOLUSDT,1h,178.93496727822145,180.8115413191605,177.49044781861318,179.36356186938576,1534.6979564759988
2026-02-13 04:00:00+00:00,SOLUSDT,1h,179.36356186938576,180.7329840090527,177.84978823017542,179.21809978193383,1549.0044842528048
2026-02-13 05:00:00+00:00,SOLUSDT,1h,179.21809978193383,181.1263785160601,177.80702613911117,179.71142071108292,1779.839162839713
2026-02-13 06:00:00+00:00,SOLUSDT,1h,179.71142071108292,181.48317396327585,178.38816500400927,180.15664000615675,1708.7929685166828
2026-02-13 07:00:00+00:00,SOLUSDT,1h,180.15664000615675,183.8225906471672,178.00974344406134,181.6578049533465,1786.475574984884
2026-02-13 08:00:00+00:00,SOLUSDT,1h,181.6578049533465,182.920118800832,180.06885607245744,181.3288842978178,1363.3166566571851
2026-02-13 09:00:00+00:00,SOLUSDT,1h,181.3288842978178,182.89218011433996,179.9723482928973,181.53410880830813,1438.2060142036376
2026-02-13 10:00:00+00:00,SOLUSDT,1h,181.53410880830813,183.31596927346703,177.55044733522888,179.31048163573996,1351.3075549221792
2026-02-13 11:00:00+00:00,SOLUSDT,1h,179.31048163573996,181.6774281083789,177.58687249515737,179.9476938114721,1622.2480017724376
2026-02-13 12:00:00+00:00,SOLUSDT,1h,179.9476938114721,181.9244827774981,178.5007263591706,180.4732889908572,1683.6594027987076
2026-02-13 13:00:00+00:00,SOLUSDT,1h,180.4732889908572,183.4576276156504,178.48611688637874,181.45959539670775,1219.4204741188096
2026-02-13 14:00:00+00:00,SOLUSDT,1h,181.45959539670775,182.51192504262735,179.72160530565014,180.76993544073824,2177.49080055621
2026-02-13 15:00:00+00:00,SOLUSDT,1h,180.76993544073824,182.4154422561556,179.56014596852407,181.20275616315072,1730.938538555923
2026-02-13 16:00:00+00:00,SOLUSDT,1h,181.20275616315072,182.78384226608884,168.71305502344126,170.19812008598288,1997.4361134104568
2026-02-13 17:00:00+00:00,SOLUSDT,1h,170.19812008598288,172.70900316281094,167.10963673333572,169.61187104962846,1667.8701401058277
2026-02-13 18:00:00+00:00,SOLUSDT,1h,169.61187104962846,171.60003317986377,165.5883855889465,167.55240702456013,1769.967661469246
2026-02-13 19:00:00+00:00,SOLUSDT,1h,167.55240702456013,169.47841557086218,165.74349056985852,167.66824847754452,1056.847718982655
2026-02-13 20:00:00+00:00,SOLUSDT,1h,167.66824847754452,168.41689581994905,165.91766336701005,166.6618169409041,1248.394955071932
2026-02-13 21:00:00+00:00,SOLUSDT,1h,166.6618169409041,167.5730153188068,165.90477589642717,166.81527719975824,1562.428627049755
2026-02-13 22:00:00+00:00,SOLUSDT,1h,166.81527719975824,168.9394928893483,166.13107700951429,168.2494105381928,2009.97526082926
2026-02-13 23:00:00+00:00,SOLUSDT,1h,168.2494105381928,169.222977289193,167.210976093138,168.18416530588334,1040.9591228626102
2026-02-14 00:00:00+00:00,SOLUSDT,1h,168.18416530588334,170.5345381608504,166.933138548552,169.275394368522,1790.501420412027
2026-02-14 01:00:00+00:00,SOLUSDT,1h,169.275394368522,172.8144479934154,167.94581482086187,171.46764930215855,1543.005597303122
2026-02-14 02:00:00+00:00,SOLUSDT,1h,171.46764930215855,173.73463498998174,169.70295314797863,171.96482207538403,1676.1091322736747
2026-02-14 03:00:00+00:00,SOLUSDT,1h,171.96482207538403,174.2192096700769,170.35973108719398,172.60811429948345,1551.3525904545977
2026-02-14 04:00:00+00:00,SOLUSDT,1h,172.60811429948345,173.11274569474782,172.29479180573026,172.7990765616004,1562.4447689006158
2026-02-14 05:00:00+00:00,SOLUSDT,1h,172.7990765616004,175.29253587300278,172.05501677490255,174.54097560046267,1702.30216569439
2026-02-14 06:00:00+00:00,SOLUSDT,1h,174.54097560046267,178.04504307911364,173.35575593500823,176.84418349141973,1999.62143468648
2026-02-14 07:00:00+00:00,SOLUSDT,1h,176.84418349141973,178.30231479308887,175.10009102542946,176.55584489217975,1902.2936023249088
2026-02-14 08:00:00+00:00,SOLUSDT,1h,176.55584489217975,179.42554102035777,175.10370738017127,177.96183947614014,1648.8664032191568
2026-02-14 09:00:00+00:00,SOLUSDT,1h,177.96183947614014,179.33107965091943,176.58009209115642,177.94923528919514,1876.3433608549644
2026-02-14 10:00:00+00:00,SOLUSDT,1h,177.94923528919514,180.4599266008875,176.76587926094973,179.2678021503376,1886.0416856622444
2026-02-14 11:00:00+00:00,SOLUSDT,1h,179.2678021503376,187.10071743966148,178.37813816083542,186.17676588615285,5667.136978413902
2026-02-14 12:00:00+00:00,SOLUSDT,1h,186.17676588615285,189.1049165360092,184.5322897949062,187.44920118290725,804.0554086049945
2026-02-14 13:00:00+00:00,SOLUSDT,1h,187.44920118290725,188.843957222548,184.70791246989964,186.09257423537616,1557.9269259946402
2026-02-14 14:00:00+00:00,SOLUSDT,1h,186.09257423537616,188.6091825757116,182.93721197831923,185.4450637615182,1774.8621511397328
2026-02-14 15:00:00+00:00,SOLUSDT,1h,185.4450637615182,186.85406578583357,183.42032156011015,184.82460940423823,1828.813522298478
2026-02-14 16:00:00+00:00,SOLUSDT,1h,184.82460940423823,186.55165959729763,182.8198796702308,184.544310677612,1619.3356738063198
2026-02-14 17:00:00+00:00,SOLUSDT,1h,184.544310677612,186.3117906475729,182.32590373241368,184.0890231694036,1350.9702579669574
2026-02-14 18:00:00+00:00,SOLUSDT,1h,184.0890231694036,186.83971682977057,181.7277866478881,184.4735481594807,1307.208169214546
2026-02-14 19:00:00+00:00,SOLUSDT,1h,184.4735481594807,185.277558488608,181.65658994200524,182.45178862542716,1866.9694105903527
2026-02-14 20:00:00+00:00,SOLUSDT,1h,182.45178862542716,185.03513264512935,181.2067441791444,183.78101758819167,1112.3086013084935
2026-02-14 21:00:00+00:00,SOLUSDT,1h,183.78101758819167,186.67339537649076,181.8927463875155,184.77491233321965,1972.7482961492897
2026-02-14 22:00:00+00:00,SOLUSDT,1h,184.77491233321965,187.87646743121124,183.13528809311848,186.2239846591736,1630.9012642013588
2026-02-14 23:00:00+00:00,SOLUSDT,1h,186.2239846591736,188.31974524507723,184.931438901926,187.02166295237524,1569.0491400524063
2026-02-15 00:00:00+00:00,SOLUSDT,1h,187.02166295237524,187.81092361291527,184.630393754291,185.41286503607108,1291.258381029644
2026-02-15 01:00:00+00:00,SOLUSDT,1h,185.41286503607108,187.2856609883846,183.87586871728655,185.745903914407,1762.1499933185355
2026-02-15 02:00:00+00:00,SOLUSDT,1h,185.745903914407,187.7981081838971,182.8162886839516,184.8586906220407,1375.3988745905417
2026-02-15 03:00:00+00:00,SOLUSDT,1h,184.8586906220407,187.6522667244679,182.5480195165813,185.335633988254,1026.3547535324822
2026-02-15 04:00:00+00:00,SOLUSDT,1h,185.335633988254,187.41950096222095,182.89332689201476,184.97311782597885,1204.4346344673131
2026-02-15 05:00:00+00:00,SOLUSDT,1h,184.97311782597885,186.57210056353085,183.05012381232265,184.64628124173063,1467.4381086943908
2026-02-15 06:00:00+00:00,SOLUSDT,1h,184.64628124173063,185.3782889898884,182.66201787710017,183.38904145085684,1540.324235472273
2026-02-15 07:00:00+00:00,SOLUSDT,1h,183.38904145085684,185.09962846233435,181.57388687578,183.28348933508997,1389.3098687009183
2026-02-15 08:00:00+00:00,SOLUSDT,1h,183.28348933508997,184.44068739607408,182.1841342690589,183.34098744985772,1296.3531880439373
2026-02-15 09:00:00+00:00,SOLUSDT,1h,183.34098744985772,185.3583294089446,180.2888024326732,182.29463109840816,1823.520951052194
2026-02-15 10:00:00+00:00,SOLUSDT,1h,182.29463109840816,183.26051986030936,180.73093097381656,181.6936353576125,2173.794902902356
2026-02-15 11:00:00+00:00,SOLUSDT,1h,181.6936353576125,184.35072738937444,179.8916238020782,182.54031855071665,1160.256899666447
2026-02-15 12:00:00+00:00,SOLUSDT,1h,182.54031855071665,183.5270611161012,182.0543556410492,183.03976855947457,1598.414955609743
2026-02-15 13:00:00+00:00,SOLUSDT,1h,183.03976855947457,184.1931238660284,180.99456701888343,182.1422670619777,933.1868038412116
2026-02-15 14:00:00+00:00,SOLUSDT,1h,182.1422670619777,184.68518145950253,176.74413769732558,179.24662562816096,1342.35692935133
2026-02-15 15:00:00+00:00,SOLUSDT,1h,179.24662562816096,180.17774871939116,176.44933402760884,177.37071241035076,1677.770168801121
2026-02-15 16:00:00+00:00,SOLUSDT,1h,177.37071241035076,180.74791764091677,174.3536644166427,177.72484589223518,1113.1440095916437
2026-02-15 17:00:00+00:00,SOLUSDT,1h,177.72484589223518,178.58848353273913,175.42787564359827,176.28451412355153,1633.270111728301
2026-02-15 18:00:00+00:00,SOLUSDT,1h,176.28451412355153,177.0078330985158,174.59566171364062,175.31500265317476,1632.7423595588975
2026-02-15 19:00:00+00:00,SOLUSDT,1h,175.31500265317476,177.5531526505712,173.16151948343688,175.39864209511154,1373.9187169879622
2026-02-15 20:00:00+00:00,SOLUSDT,1h,175.39864209511154,176.79042890436833,173.0842884472706,174.46869614290287,1663.8702302370373
2026-02-15 21:00:00+00:00,SOLUSDT,1h,174.46869614290287,176.13481601969116,171.7016330690138,173.3571379226726,1328.466258447352
2026-02-15 22:00:00+00:00,SOLUSDT,1h,173.3571379226726,174.59799868130125,171.39880497596187,172.634493166962,1058.4340165376873
2026-02-15 23:00:00+00:00,SOLUSDT,1h,172.634493166962,173.35415072466105,171.56625639949044,172.2844547598964,1468.8516764504975
2026-02-16 00:00:00+00:00,SOLUSDT,1h,172.2844547598964,173.42321085612855,170.7742037828618,171.9104880550076,1754.475554679829
2026-02-16 01:00:00+00:00,SOLUSDT,1h,171.9104880550076,174.15656360897995,170.3106724093356,172.55078925831802,1104.0503929720362
2026-02-16 02:00:00+00:00,SOLUSDT,1h,172.55078925831802,174.34776675746852,171.36727018386063,173.1600686595702,1680.6152214362992
2026-02-16 03:00:00+00:00,SOLUSDT,1h,173.1600686595702,175.4583269127551,170.1783215976111,172.4673862586645,1941.8390404609895
2026-02-16 04:00:00+00:00,SOLUSDT,1h,172.4673862586645,173.75013385502228,170.1419475683675,171.4168819082033,1884.2587616346484
2026-02-16 05:00:00+00:00,SOLUSDT,1h,171.4168819082033,173.99059109693889,169.70566703333424,172.27085124474493,1870.9753947869144
2026-02-16 06:00:00+00:00,SOLUSDT,1h,172.27085124474493,173.9281608358271,170.2644380677209,171.91835652867556,1648.6282945621383
2026-02-16 07:00:00+00:00,SOLUSDT,1h,171.91835652867556,172.81200089938292,170.23590784970247,171.1254305322586,1801.422522979677
2026-02-16 08:00:00+00:00,SOLUSDT,1h,171.1254305322586,172.87371349213666,170.51666188013004,172.2609054547691,1943.1073575766327
2026-02-16 09:00:00+00:00,SOLUSDT,1h,172.2609054547691,173.55343462916062,171.4567595075806,172.74701941160444,1427.1599264214815
2026-02-16 10:00:00+00:00,SOLUSDT,1h,172.74701941160444,173.73547539566394,171.94779052632296,172.93537506680647,1940.855103810797
2026-02-16 11:00:00+00:00,SOLUSDT,1h,172.93537506680647,173.61937712581317,170.92999151818637,171.6087464337663,1755.8565298329572
2026-02-16 12:00:00+00:00,SOLUSDT,1h,171.6087464337663,173.9690557103524,170.22709834797809,172.579591205828,1946.304850931466
2026-02-16 13:00:00+00:00,SOLUSDT,1h,172.579591205828,174.59650364044614,171.65464380702497,173.66573500937113,1540.8782536633837
2026-02-16 14:00:00+00:00,SOLUSDT,1h,173.66573500937113,174.86067719109175,171.1038706672256,172.2893423007923,1630.043122312632
2026-02-16 15:00:00+00:00,SOLUSDT,1h,172.2893423007923,173.89561543981725,170.22456435153137,171.82652256954853,2139.5949605571136
2026-02-16 16:00:00+00:00,SOLUSDT,1h,171.82652256954853,174.22928403165594,169.97496864855287,172.3718537760955,2097.1377152210075
2026-02-16 17:00:00+00:00,SOLUSDT,1h,172.3718537760955,174.000704614933,170.94507067945446,172.57226266270985,1827.3751676104016
2026-02-16 18:00:00+00:00,SOLUSDT,1h,172.57226266270985,173.99231328924125,170.46363211173187,171.8779695877203,2213.9301873720465
2026-02-16 19:00:00+00:00,SOLUSDT,1h,171.8779695877203,173.62716871967146,170.55519474034594,172.30113716967853,1531.0357652912624
2026-02-16 20:00:00+00:00,SOLUSDT,1h,172.30113716967853,174.00963693839054,169.82726161228595,171.528096077396,1373.6879432699602
2026-02-16 21:00:00+00:00,SOLUSDT,1h,171.528096077396,173.35511263387744,169.46881709277395,171.29333309178776,1171.7991873844317
2026-02-16 22:00:00+00:00,SOLUSDT,1h,171.29333309178776,173.09585166590492,169.09635916090983,170.89468274009914,1356.3631811110772
2026-02-16 23:00:00+00:00,SOLUSDT,1h,170.89468274009914,172.68991192316415,167.4322332609207,169.20976254923607,1577.945434059358
2026-02-17 00:00:00+00:00,SOLUSDT,1h,169.20976254923607,169.96275765598713,168.06834710099596,168.81960598413937,1703.1319964312456
2026-02-17 01:00:00+00:00,SOLUSDT,1h,168.81960598413937,171.190299339047,165.9535955687177,168.3172342373231,1504.691333751127
2026-02-17 02:00:00+00:00,SOLUSDT,1h,168.3172342373231,171.67946307705094,166.04454980463228,169.39226318745676,1447.602695898541
2026-02-17 03:00:00+00:00,SOLUSDT,1h,169.39226318745676,170.63942645072075,166.97531544170283,168.21380219739595,1462.7262655296831
2026-02-17 04:00:00+00:00,SOLUSDT,1h,168.21380219739595,169.69528087291266,165.85449806675055,167.32817693677586,1757.2103436012255
2026-02-17 05:00:00+00:00,SOLUSDT,1h,167.32817693677586,168.31376755797265,164.60334874328993,165.57863426897725,1979.969570864268
2026-02-17 06:00:00+00:00,SOLUSDT,1h,165.57863426897725,166.484266426519,164.50709137148914,165.4118110898366,1771.8591068925402
2026-02-17 07:00:00+00:00,SOLUSDT,1h,165.4118110898366,166.25998437982574,164.86434570616018,165.71152702286045,1730.1386861139708
2026-02-17 08:00:00+00:00,SOLUSDT,1h,165.71152702286045,166.6974054667889,165.09960991660645,166.08411252719523,1788.9844027937254
2026-02-17 09:00:00+00:00,SOLUSDT,1h,166.08411252719523,167.56227264478872,164.3454677442632,165.8212887116746,1567.3821594868018
2026-02-17 10:00:00+00:00,SOLUSDT,1h,165.8212887116746,166.64493889293388,165.16122913747532,165.98423072027268,1793.6677895382072
2026-02-17 11:00:00+00:00,SOLUSDT,1h,165.98423072027268,167.52102449899823,162.6332976259738,164.15313791447923,1805.3563228830128
2026-02-17 12:00:00+00:00,SOLUSDT,1h,164.15313791447923,167.07148911069802,161.92421199590842,164.83332735363078,1745.9635464342036
2026-02-17 13:00:00+00:00,SOLUSDT,1h,164.83332735363078,165.00459322500362,163.039525514093,163.2091037773191,1854.1072632784465
2026-02-17 14:00:00+00:00,SOLUSDT,1h,163.2091037773191,164.83896191157726,162.39816698741757,164.02397626615857,1635.5486672285206
2026-02-17 15:00:00+00:00,SOLUSDT,1h,164.02397626615857,164.8566006380577,162.368622345588,163.19704903994014,1251.5160308477036
2026-02-17 16:00:00+00:00,SOLUSDT,1h,163.19704903994014,165.0420852241174,161.51393072243033,163.35731402784305,1611.991264845286
2026-02-17 17:00:00+00:00,SOLUSDT,1h,163.35731402784305,165.4415735658077,160.1869724668173,162.25719570576882,1302.2787185107472
2026-02-17 18:00:00+00:00,SOLUSDT,1h,162.25719570576882,163.87787061282552,158.77114189952889,160.3729968473445,1464.0404103611377
2026-02-17 19:00:00+00:00,SOLUSDT,1h,160.3729968473445,162.55031481757868,158.78162301591078,160.9531838176686,1548.115444373496
2026-02-17 20:00:00+00:00,SOLUSDT,1h,160.9531838176686,163.22702548849756,159.446264133085,161.71299211992203,1672.5346316505352
2026-02-17 21:00:00+00:00,SOLUSDT,1h,161.71299211992203,162.6927628664104,160.1382399225958,161.1143838804511,1821.496694560408
2026-02-17 22:00:00+00:00,SOLUSDT,1h,161.1143838804511,162.3624567124297,160.36584480439575,161.61160753020988,1876.278798229459
2026-02-17 23:00:00+00:00,SOLUSDT,1h,161.61160753020988,162.7949990923425,159.64185247365012,160.81944346062542,1855.380729393856
2026-02-18 00:00:00+00:00,SOLUSDT,1h,160.81944346062542,162.46493082537157,158.78175225228327,160.42318514426972,1548.5664143856432
2026-02-18 01:00:00+00:00,SOLUSDT,1h,160.42318514426972,162.31361388609105,159.10135072311107,160.98713272188743,1626.65068528208
2026-02-18 02:00:00+00:00,SOLUSDT,1h,160.98713272188743,161.9072700341491,159.29266609480362,160.20835221278426,1757.9326739283083
2026-02-18 03:00:00+00:00,SOLUSDT,1h,160.20835221278426,161.88076819843687,156.8034059486316,158.4575452495,1667.1096329579711
2026-02-18 04:00:00+00:00,SOLUSDT,1h,158.4575452495,160.8181560031288,154.98800783463057,157.33184859716397,1824.0998128164883
2026-02-18 05:00:00+00:00,SOLUSDT,1h,157.33184859716397,158.3159940107003,155.6642564807438,156.64409987433137,2268.967334716391
2026-02-18 06:00:00+00:00,SOLUSDT,1h,156.64409987433137,158.6402324823619,154.3244135288861,156.31636983782187,1493.4200577065776
2026-02-18 07:00:00+00:00,SOLUSDT,1h,156.31636983782187,157.98461597505704,154.2430552575689,155.90693177266309,2070.996516713268
2026-02-18 08:00:00+00:00,SOLUSDT,1h,155.90693177266309,158.2984298745361,154.82325314331803,157.20572359691457,1649.9555594818933
2026-02-18 09:00:00+00:00,SOLUSDT,1h,157.20572359691457,158.09212863011012,155.86647922176795,156.7503164400855,1810.632107136666
2026-02-18 10:00:00+00:00,SOLUSDT,1h,156.7503164400855,158.22666950132313,155.29808553472466,156.7742171650128,1568.2085282666928
2026-02-18 11:00:00+00:00,SOLUSDT,1h,156.7742171650128,156.9547999075981,154.96923964812694,155.1479491494118,1455.8908844949915
2026-02-18 12:00:00+00:00,SOLUSDT,1h,155.1479491494118,162.87116207314494,153.1075812951173,160.75702859414218,4812.66072596983
2026-02-18 13:00:00+00:00,SOLUSDT,1h,160.75702859414218,163.26624906877456,157.97290112284136,160.4777625970373,2060.6586980118022
2026-02-18 14:00:00+00:00,SOLUSDT,1h,160.4777625970373,162.9172671787473,159.19625906152885,161.62658962514203,1522.828072077554
2026-02-18 15:00:00+00:00,SOLUSDT,1h,161.62658962514203,163.72754393182677,160.41796493730334,162.5122960352947,1834.293186504305
2026-02-18 16:00:00+00:00,SOLUSDT,1h,162.5122960352947,163.51726335188133,161.7443346814511,162.74818728017212,1936.332177535816
2026-02-18 17:00:00+00:00,SOLUSDT,1h,162.74818728017212,164.11224371538066,162.3647032042773,163.7264545451903,1275.2006898677855
2026-02-18 18:00:00+00:00,SOLUSDT,1h,163.7264545451903,164.32559301284437,162.81205385378394,163.41003441772088,1700.9500136480187
2026-02-18 19:00:00+00:00,SOLUSDT,1h,163.41003441772088,166.28498230900564,161.89034378388013,164.75280410350405,1329.0266124559514
2026-02-18 20:00:00+00:00,SOLUSDT,1h,164.75280410350405,167.7423758408187,163.23604179757456,166.2121781126554,1940.903161610576
2026-02-18 21:00:00+00:00,SOLUSDT,1h,166.2121781126554,167.6134960567641,164.53558560750818,165.93456300693703,2089.81176916153
2026-02-18 22:00:00+00:00,SOLUSDT,1h,165.93456300693703,167.9729428362602,163.86491498199987,165.902905928202,1140.432868858635
2026-02-18 23:00:00+00:00,SOLUSDT,1h,165.902905928202,169.1701536360809,164.33202508158357,167.5833611040429,1536.8772474808886
2026-02-19 00:00:00+00:00,SOLUSDT,1h,167.5833611040429,168.2548400677711,166.90553838350823,167.57699182658936,1653.2245045514453
2026-02-19 01:00:00+00:00,SOLUSDT,1h,167.57699182658936,169.58366107581537,166.20699301793624,168.20849947768724,1800.7728097670122
2026-02-19 02:00:00+00:00,SOLUSDT,1h,168.20849947768724,170.78448777839566,167.31157130200862,169.8786539374424,1909.189857626401
2026-02-19 03:00:00+00:00,SOLUSDT,1h,169.8786539374424,171.15668349157713,160.88177307804227,162.10129205353485,1688.2549316100267
2026-02-19 04:00:00+00:00,SOLUSDT,1h,162.10129205353485,163.80244086812522,160.59824614779652,162.29757497540015,852.5078259862696
2026-02-19 05:00:00+00:00,SOLUSDT,1h,162.29757497540015,163.9718214425307,158.96312444741895,160.62006588912502,1533.0405328032791
2026-02-19 06:00:00+00:00,SOLUSDT,1h,160.62006588912502,163.59499312138072,159.1391798076293,162.1004581086576,1674.4861775934423
2026-02-19 07:00:00+00:00,SOLUSDT,1h,162.1004581086576,163.5669286132426,160.1028926618892,161.56451465913486,1412.2106381100707
2026-02-19 08:00:00+00:00,SOLUSDT,1h,161.56451465913486,163.64638791114598,159.78658608377532,161.86515099831306,1564.2034739212943
2026-02-19 09:00:00+00:00,SOLUSDT,1h,161.86515099831306,163.87135564325564,158.99912244454188,160.9945364346036,1736.5808873282897
2026-02-19 10:00:00+00:00,SOLUSDT,1h,160.9945364346036,162.33299040101647,159.6316731025168,160.96992243649854,1728.463684084148
2026-02-19 11:00:00+00:00,SOLUSDT,1h,160.96992243649854,162.09501085690067,159.79793192417966,160.9226902181762,1813.880277150172
2026-02-19 12:00:00+00:00,SOLUSDT,1h,160.9226902181762,162.40469531016555,158.24966387781484,159.72059839799024,1466.263093531708
2026-02-19 13:00:00+00:00,SOLUSDT,1h,159.72059839799024,159.8359259904902,158.920645075945,159.03547797151705,1590.9377236680457
2026-02-19 14:00:00+00:00,SOLUSDT,1h,159.03547797151705,161.5213461949853,157.36650832534175,159.84389278280528,1650.6703793392098
2026-02-19 15:00:00+00:00,SOLUSDT,1h,159.84389278280528,160.56221876918158,159.20194896034826,159.9199694178423,1512.3469562109422
2026-02-19 16:00:00+00:00,SOLUSDT,1h,159.9199694178423,161.05032781938058,158.38411269694183,159.51158452152356,1793.4945953914223
2026-02-19 17:00:00+00:00,SOLUSDT,1h,159.51158452152356,161.7709623361346,157.7850898536784,160.0387616966226,987.0221428773784
2026-02-19 18:00:00+00:00,SOLUSDT,1h,160.0387616966226,161.57766438153615,158.8184410572792,160.3549328873131,1696.658342042236
2026-02-19 19:00:00+00:00,SOLUSDT,1h,160.3549328873131,163.7700836952176,158.45338717797443,161.85079946902152,1943.613354366116
2026-02-19 20:00:00+00:00,SOLUSDT,1h,161.85079946902152,163.70306894640126,160.6284960935598,162.47604370277506,1951.3471269690924
2026-02-19 21:00:00+00:00,SOLUSDT,1h,162.47604370277506,164.22646138369694,161.10098293553116,162.84825057015107,1729.284802999178
2026-02-19 22:00:00+00:00,SOLUSDT,1h,162.84825057015107,165.0833343052594,161.16049026725696,163.38995972524242,1459.6508044948216
2026-02-19 23:00:00+00:00,SOLUSDT,1h,163.38995972524242,164.98542294115907,162.13191672875047,163.72480178315342,1068.416336248655
2026-02-20 00:00:00+00:00,SOLUSDT,1h,163.72480178315342,164.8830479329289,161.45066298465707,162.6009586777171,1747.5667928764344
2026-02-20 01:00:00+00:00,SOLUSDT,1h,162.6009586777171,163.67531869921973,160.8230899581121,161.89277074024298,1675.909371381383
2026-02-20 02:00:00+00:00,SOLUSDT,1h,161.89277074024298,162.6778618435234,160.10803931569774,160.88825908866994,1149.4847223331703
2026-02-20 03:00:00+00:00,SOLUSDT,1h,160.88825908866994,163.04320476183094,159.20127679676042,161.35136658946428,1556.7985648316392
2026-02-20 04:00:00+00:00,SOLUSDT,1h,161.35136658946428,161.978925695393,159.7713888252486,160.39522913549283,1433.0913172895569
2026-02-20 05:00:00+00:00,SOLUSDT,1h,160.39522913549283,162.76816743215377,158.2841172825307,160.6536542047877,1627.1320093707366
2026-02-20 06:00:00+00:00,SOLUSDT,1h,160.6536542047877,162.20147123164926,158.02200139647735,159.55927462741914,2114.121147179494
2026-02-20 07:00:00+00:00,SOLUSDT,1h,159.55927462741914,160.1536798848967,158.62532641762704,159.21846204794235,1337.4249359593866
2026-02-20 08:00:00+00:00,SOLUSDT,1h,159.21846204794235,160.34034991139177,157.5954719618675,158.7138038943626,2402.513729593353
2026-02-20 09:00:00+00:00,SOLUSDT,1h,158.7138038943626,160.28824589562683,157.57819312332947,159.14951755627004,1449.484563659445
2026-02-20 10:00:00+00:00,SOLUSDT,1h,159.14951755627004,160.79350844830824,158.30054696160485,159.94031938344105,1364.593008394956
2026-02-20 11:00:00+00:00,SOLUSDT,1h,159.94031938344105,162.54646671210062,157.99382723721487,160.59204301407172,1179.940103755675
2026-02-20 12:00:00+00:00,SOLUSDT,1h,160.59204301407172,161.99961002796414,158.85974852548338,160.2644441809785,1627.6179647093709
2026-02-20 13:00:00+00:00,SOLUSDT,1h,160.2644441809785,161.5352902811784,159.11192472003714,160.381925966317,1440.506560053072
2026-02-20 14:00:00+00:00,SOLUSDT,1h,160.381925966317,163.29184428414095,159.1030913701982,162.000106827209,720.6798971781157
2026-02-20 15:00:00+00:00,SOLUSDT,1h,162.000106827209,163.25711318503338,158.9698191552103,160.21295850487306,1694.0493445149075
2026-02-20 16:00:00+00:00,SOLUSDT,1h,160.21295850487306,161.65055792478836,157.1400143139435,158.56280683493117,1770.1623041142875
2026-02-20 17:00:00+00:00,SOLUSDT,1h,158.56280683493117,159.3077091970184,158.0692539923479,158.81337641536143,1938.58415957164
2026-02-20 18:00:00+00:00,SOLUSDT,1h,158.81337641536143,160.46058980611895,157.37825498597354,159.02356896598553,1424.5952365387298
2026-02-20 19:00:00+00:00,SOLUSDT,1h,159.02356896598553,161.6061788335689,157.2943317033887,159.8677617392662,1306.1370137603035
2026-02-20 20:00:00+00:00,SOLUSDT,1h,159.8677617392662,160.9621754522394,157.7691072070932,158.85659875751634,1677.616823724196
2026-02-20 21:00:00+00:00,SOLUSDT,1h,158.85659875751634,163.15008678185438,156.801440982189,161.06634115245024,1377.2016404184392
2026-02-20 22:00:00+00:00,SOLUSDT,1h,161.06634115245024,162.93147407103675,158.42740810583476,160.28347551476088,1316.6701718234904
2026-02-20 23:00:00+00:00,SOLUSDT,1h,160.28347551476088,161.07679048209525,158.9328108490907,159.72335352090406,857.5421432032432
2026-02-21 00:00:00+00:00,SOLUSDT,1h,159.72335352090406,160.49394914651654,158.38383317099104,159.15167067582817,1768.2599130096405
2026-02-21 01:00:00+00:00,SOLUSDT,1h,159.15167067582817,160.58113383997537,157.1169578681933,158.54093555198787,1174.681254111756
2026-02-21 02:00:00+00:00,SOLUSDT,1h,158.54093555198787,160.65359657824374,156.00467527013856,158.11161532529275,2183.128971500654
2026-02-21 03:00:00+00:00,SOLUSDT,1h,158.11161532529275,160.7798543430835,156.5066981834802,159.16425237434876,1965.2014178397217
2026-02-21 04:00:00+00:00,SOLUSDT,1h,159.16425237434876,161.36205762883623,156.7460074410712,158.94072615385994,1244.0277055331208
2026-02-21 05:00:00+00:00,SOLUSDT,1h,158.94072615385994,160.8685676066015,157.78182698905593,159.70410236646472,1378.0964614369293
2026-02-21 06:00:00+00:00,SOLUSDT,1h,159.70410236646472,162.63215072227982,158.52001314273747,161.43522647819145,1601.2796691426104
2026-02-21 07:00:00+00:00,SOLUSDT,1h,161.43522647819145,162.26871958298617,159.2964849666444,160.1232040751427,1787.4951068815803
2026-02-21 08:00:00+00:00,SOLUSDT,1h,160.1232040751427,163.07399142647978,158.2033475090749,161.14192058089003,1577.854743727097
2026-02-21 09:00:00+00:00,SOLUSDT,1h,161.14192058089003,162.02265196086313,160.15179517873435,161.0319253729269,1499.0758914373089
2026-02-21 10:00:00+00:00,SOLUSDT,1h,161.0319253729269,163.8029328095091,159.37237948898678,162.13204938322207,1810.637972530213
2026-02-21 11:00:00+00:00,SOLUSDT,1h,162.13204938322207,163.38718129338707,161.2783880378629,162.5314171876022,2029.85415032048
2026-02-21 12:00:00+00:00,SOLUSDT,1h,162.5314171876022,164.13489612177884,158.65789444075207,160.23875475772164,1406.6791043606734
2026-02-21 13:00:00+00:00,SOLUSDT,1h,160.23875475772164,162.22284788954653,159.0947036384222,161.07284166865207,1266.6489846427044
2026-02-21 14:00:00+00:00,SOLUSDT,1h,161.07284166865207,162.9504395648718,159.03135042108678,160.90701530847787,1732.2626462577332
2026-02-21 15:00:00+00:00,SOLUSDT,1h,160.90701530847787,163.4729556331095,160.20185268511835,162.75967387601818,1555.339117637819
2026-02-21 16:00:00+00:00,SOLUSDT,1h,162.75967387601818,163.88039534102964,161.95601346688417,163.0751770679709,1707.542964589365
2026-02-21 17:00:00+00:00,SOLUSDT,1h,163.0751770679709,164.9521282493911,160.87596534794187,162.74916420953758,2040.2939127877537
2026-02-21 18:00:00+00:00,SOLUSDT,1h,162.74916420953758,163.99042400471535,161.12460241350362,162.36291636299785,1713.4842608984277
2026-02-21 19:00:00+00:00,SOLUSDT,1h,162.36291636299785,163.4519473292311,161.28551306963973,162.37446738591856,1595.940317758414
2026-02-21 20:00:00+00:00,SOLUSDT,1h,162.37446738591856,164.2290964530433,160.3613560166846,162.21415399621796,1678.9157499402336
2026-02-21 21:00:00+00:00,SOLUSDT,1h,162.21415399621796,164.51487879108876,159.89575192311062,162.19622238942037,1680.3148950771465
2026-02-21 22:00:00+00:00,SOLUSDT,1h,162.19622238942037,163.38516912937527,160.1469928997558,161.32958694312242,1672.295899823446
2026-02-21 23:00:00+00:00,SOLUSDT,1h,161.32958694312242,163.8101233224535,159.48931796208822,161.96263325131062,1221.9675722828847
2026-02-22 00:00:00+00:00,SOLUSDT,1h,161.96263325131062,162.63583428126117,160.27200190026352,160.94095630890337,1559.7653505018982
2026-02-22 01:00:00+00:00,SOLUSDT,1h,160.94095630890337,161.7994600632413,158.58057263295575,159.4310219782645,1568.5246534782775
2026-02-22 02:00:00+00:00,SOLUSDT,1h,159.4310219782645,160.45742095553672,158.13395424682022,159.15859939818006,1780.4825918578028
2026-02-22 03:00:00+00:00,SOLUSDT,1h,159.15859939818006,160.90942837992256,157.29244362136666,159.04198983609805,1723.1799466407865
2026-02-22 04:00:00+00:00,SOLUSDT,1h,159.04198983609805,160.5825428720738,157.83951606549329,159.3775321561054,1445.1732538828833
2026-02-22 05:00:00+00:00,SOLUSDT,1h,159.3775321561054,160.4812081331335,158.25055314804018,159.35406662826577,966.8553369006275
2026-02-22 06:00:00+00:00,SOLUSDT,1h,159.35406662826577,161.11274646945225,158.92954914805105,160.6846842385637,1805.636184345714
2026-02-22 07:00:00+00:00,SOLUSDT,1h,160.6846842385637,161.22025030055056,159.0212775134675,159.553071883238,1712.6424776713868
2026-02-22 08:00:00+00:00,SOLUSDT,1h,159.553071883238,161.79649631938295,158.62583587581042,160.86165553277897,1874.300792776311
2026-02-22 09:00:00+00:00,SOLUSDT,1h,160.86165553277897,162.65521369448078,160.3052830786303,162.0945769331978,1494.88168003673
2026-02-22 10:00:00+00:00,SOLUSDT,1h,162.0945769331978,163.9357163512193,159.77460195614188,161.61024006925436,1909.0747111831845
2026-02-22 11:00:00+00:00,SOLUSDT,1h,161.61024006925436,162.65591891853478,159.94780534696145,160.9894675653821,1907.347649815962
2026-02-22 12:00:00+00:00,SOLUSDT,1h,160.9894675653821,162.21941710060088,159.0822427661262,160.3069781243965,1756.3556111507169
2026-02-22 13:00:00+00:00,SOLUSDT,1h,160.3069781243965,168.45803971733378,158.6020520530654,166.68527798562528,5989.398671783815
2026-02-22 14:00:00+00:00,SOLUSDT,1h,166.68527798562528,167.66464443594367,165.3177238929108,166.2947960499848,1707.75248786518
2026-02-22 15:00:00+00:00,SOLUSDT,1h,166.2947960499848,167.4871627345775,164.8062575456796,165.99648528288012,1865.3954868486337
2026-02-22 16:00:00+00:00,SOLUSDT,1h,165.99648528288012,167.00939600898752,164.39219703882762,165.40147702391906,1559.7827532714791
2026-02-22 17:00:00+00:00,SOLUSDT,1h,165.40147702391906,167.20717934670114,163.30952405999025,165.11206686689508,1341.9724628498195
2026-02-22 18:00:00+00:00,SOLUSDT,1h,165.11206686689508,166.8450278793704,163.67926097212194,165.409639713436,1375.641825553315
2026-02-22 19:00:00+00:00,SOLUSDT,1h,165.409639713436,166.8986233840722,164.90590968673035,166.39190202613662,2016.25158469724
2026-02-22 20:00:00+00:00,SOLUSDT,1h,166.39190202613662,168.22634377019585,164.23911853050615,166.0700114874307,1652.944148409685
2026-02-22 21:00:00+00:00,SOLUSDT,1h,166.0700114874307,166.62696250387796,163.27558140715848,163.82500331239646,1624.6984793879435
2026-02-22 22:00:00+00:00,SOLUSDT,1h,163.82500331239646,166.27273279644342,162.04168670557624,164.48226160633706,1792.4268707311144
2026-02-22 23:00:00+00:00,SOLUSDT,1h,164.48226160633706,167.08420677931616,163.00864175059442,165.60056785961163,1820.935897099308
2026-02-23 00:00:00+00:00,SOLUSDT,1h,165.60056785961163,168.29373214975993,163.78425787225814,166.46790914766083,1034.1967664580377
2026-02-23 01:00:00+00:00,SOLUSDT,1h,166.46790914766083,167.81735444494328,164.49728245943288,165.84165109667848,952.3887205768714
2026-02-23 02:00:00+00:00,SOLUSDT,1h,165.84165109667848,169.77686241049926,163.5929239081648,167.50557329581073,1175.9526151665443
2026-02-23 03:00:00+00:00,SOLUSDT,1h,167.50557329581073,169.3650818763352,165.971759678503,167.82831299884347,2137.0413451898144
2026-02-23 04:00:00+00:00,SOLUSDT,1h,167.82831299884347,169.08333312677564,165.66618763639616,166.91437332341738,1504.477369108921
2026-02-23 05:00:00+00:00,SOLUSDT,1h,166.91437332341738,168.47636070335895,165.91447821720882,167.4731184526879,1411.9042341867544
2026-02-23 06:00:00+00:00,SOLUSDT,1h,167.4731184526879,168.57791937236522,165.45655550319984,166.55530169115897,1189.3075328958926
2026-02-23 07:00:00+00:00,SOLUSDT,1h,166.55530169115897,167.7795822915662,164.0719286824733,165.2868856701707,1735.907258796739
2026-02-23 08:00:00+00:00,SOLUSDT,1h,165.2868856701707,168.6586448863191,163.8090410065582,167.1640166287824,1601.5794320752009
2026-02-23 09:00:00+00:00,SOLUSDT,1h,167.1640166287824,168.15237035285932,165.29452962404795,166.2776426808447,1964.0066330879424
2026-02-23 10:00:00+00:00,SOLUSDT,1h,166.2776426808447,168.03596364407812,164.92554309718767,166.68058748342003,2163.131254216279
2026-02-23 11:00:00+00:00,SOLUSDT,1h,166.68058748342003,168.64923495983527,165.24683076464868,167.21091644580952,1095.9709069184091
2026-02-23 12:00:00+00:00,SOLUSDT,1h,167.21091644580952,169.011856651655,165.3959657561418,167.19675341953374,1576.9055068720063
2026-02-23 13:00:00+00:00,SOLUSDT,1h,167.19675341953374,168.658374855164,162.8975474015261,164.33414412211033,1187.15477693026
2026-02-23 14:00:00+00:00,SOLUSDT,1h,164.33414412211033,166.16088423464464,160.7343867046525,162.54119639093418,1346.478045745032
2026-02-23 15:00:00+00:00,SOLUSDT,1h,162.54119639093418,162.84353461339666,162.49694663259052,162.79921461289766,1518.8738904987406
2026-02-23 16:00:00+00:00,SOLUSDT,1h,162.79921461289766,165.0913066547165,161.92698288870125,164.21150826424645,1572.0426964498918
2026-02-23 17:00:00+00:00,SOLUSDT,1h,164.21150826424645,165.65687468917056,162.88832370397822,164.33271348072,1432.6223181786029
2026-02-23 18:00:00+00:00,SOLUSDT,1h,164.33271348072,165.28878618538695,161.76098064217192,162.70759857688716,2492.581728176404
2026-02-23 19:00:00+00:00,SOLUSDT,1h,162.70759857688716,164.86645041592433,161.0825179232393,163.2360913159509,1405.3994784271526
2026-02-23 20:00:00+00:00,SOLUSDT,1h,163.2360913159509,165.99346274648386,161.83449203540513,164.58032145958998,1213.1706899176877
2026-02-23 21:00:00+00:00,SOLUSDT,1h,164.58032145958998,165.8602724060223,161.88401887122032,163.15286843056526,1763.6197098278444
2026-02-23 22:00:00+00:00,SOLUSDT,1h,163.15286843056526,163.50434952732863,162.85480563502452,163.20618932024013,1627.609453254528
2026-02-23 23:00:00+00:00,SOLUSDT,1h,163.20618932024013,164.24379720358692,162.2943819102091,163.33129087079274,1037.8206496122611
2026-02-24 00:00:00+00:00,SOLUSDT,1h,163.33129087079274,164.32894020071222,162.42835978946886,163.42548837499288,1489.507374216265
2026-02-24 01:00:00+00:00,SOLUSDT,1h,163.42548837499288,164.73672310431093,161.7410548556685,163.04927102737426,1175.7386196311718
2026-02-24 02:00:00+00:00,SOLUSDT,1h,163.04927102737426,165.85787271716885,159.12309918340955,161.91211277839375,1971.4076623667693
2026-02-24 03:00:00+00:00,SOLUSDT,1h,161.91211277839375,163.41190877560103,160.0654060566918,161.56195856657578,1800.034934020683
2026-02-24 04:00:00+00:00,SOLUSDT,1h,161.56195856657578,163.05088125868772,160.1893593409546,161.67730209669094,1598.1060156329715
2026-02-24 05:00:00+00:00,SOLUSDT,1h,161.67730209669094,163.02003175133405,159.2630323231432,160.5967883130808,1588.143416158014
2026-02-24 06:00:00+00:00,SOLUSDT,1h,160.5967883130808,160.79042697324624,159.90073470067549,160.0937668455798,1402.4077975182129
2026-02-24 07:00:00+00:00,SOLUSDT,1h,160.0937668455798,160.78559083397602,158.6488042512686,159.33735952571553,1445.4022962329675
2026-02-24 08:00:00+00:00,SOLUSDT,1h,159.33735952571553,160.97682541619707,157.22170355904595,158.85621886097303,1203.2965365399837
2026-02-24 09:00:00+00:00,SOLUSDT,1h,158.85621886097303,160.80107037037496,155.458243240919,157.38508387789244,1418.005091949493
2026-02-24 10:00:00+00:00,SOLUSDT,1h,157.38508387789244,158.2645639847462,156.30930284568265,157.1876798434167,2085.706194141801
2026-02-24 11:00:00+00:00,SOLUSDT,1h,157.1876798434167,159.1369459010876,154.78503991985934,156.72861314502404,1819.207031614685
2026-02-24 12:00:00+00:00,SOLUSDT,1h,156.72861314502404,157.7472153264417,154.7849921934943,155.79754321525144,1367.8970509963417
2026-02-24 13:00:00+00:00,SOLUSDT,1h,155.79754321525144,158.301838073812,154.2057103235676,156.7007765606849,1279.8637773646008
2026-02-24 14:00:00+00:00,SOLUSDT,1h,156.7007765606849,157.76665379109565,149.3041520139209,150.32667264857443,1581.7179927584114
2026-02-24 15:00:00+00:00,SOLUSDT,1h,150.32667264857443,152.07085046247022,149.45953263479134,151.19868038458142,1492.933478990908
2026-02-24 16:00:00+00:00,SOLUSDT,1h,151.19868038458142,153.85268125735485,149.88610840674374,152.52856441347956,2026.2564703226235
2026-02-24 17:00:00+00:00,SOLUSDT,1h,152.52856441347956,153.75976283542374,151.20826092249118,152.43873424245044,1967.71112832532
2026-02-24 18:00:00+00:00,SOLUSDT,1h,152.43873424245044,154.82600577713973,150.9247751763244,153.30345862268,1945.5313317119237
2026-02-24 19:00:00+00:00,SOLUSDT,1h,153.30345862268,155.38633828391437,152.3817699748198,154.4577100636565,2149.5948084819584
2026-02-24 20:00:00+00:00,SOLUSDT,1h,154.4577100636565,156.72571252367308,153.393741915517,155.65350723347188,2206.921484630703
2026-02-24 21:00:00+00:00,SOLUSDT,1h,155.65350723347188,157.00098652559473,154.34026740272756,155.68746023529567,1677.8607906232069
2026-02-24 22:00:00+00:00,SOLUSDT,1h,155.68746023529567,157.44196276787406,153.72893053838908,155.4811076029074,1648.742809603922
2026-02-24 23:00:00+00:00,SOLUSDT,1h,155.4811076029074,156.40954961142083,154.18444108032574,155.11067105900383,1514.523891199217
2026-02-25 00:00:00+00:00,SOLUSDT,1h,155.11067105900383,156.17868726913855,153.90615759907618,154.97322743967734,1567.6451596794248
2026-02-25 01:00:00+00:00,SOLUSDT,1h,154.97322743967734,156.3532055738391,153.70645943445862,155.08551967964576,2086.9311815620363
2026-02-25 02:00:00+00:00,SOLUSDT,1h,155.08551967964576,156.42734514994137,152.65246692028393,153.98476851008556,1165.4859781955315
2026-02-25 03:00:00+00:00,SOLUSDT,1h,153.98476851008556,156.2531602587578,152.2200402892096,154.48272525063706,1321.593014028689
2026-02-25 04:00:00+00:00,SOLUSDT,1h,154.48272525063706,156.40988647879547,153.44348401909872,155.36471191776252,1980.7139059404728
2026-02-25 05:00:00+00:00,SOLUSDT,1h,155.36471191776252,156.36836489560463,154.32054603018292,155.3239355937755,1684.0907365144012
2026-02-25 06:00:00+00:00,SOLUSDT,1h,155.3239355937755,156.64891461060898,153.55461585176025,154.8757718418001,1463.5754926157774
2026-02-25 07:00:00+00:00,SOLUSDT,1h,154.8757718418001,156.1900310221735,152.59563359088494,153.9016262765255,1384.5478392243303
2026-02-25 08:00:00+00:00,SOLUSDT,1h,153.9016262765255,154.66343629855513,153.71235915053276,154.47346592822362,1756.9196080263605
2026-02-25 09:00:00+00:00,SOLUSDT,1h,154.47346592822362,157.67674400683373,152.8207918461842,156.00765599797546,1410.493427393766
2026-02-25 10:00:00+00:00,SOLUSDT,1h,156.00765599797546,159.11144432249415,155.1054389848216,158.19656848134775,1463.672713227341
2026-02-25 11:00:00+00:00,SOLUSDT,1h,158.19656848134775,159.63094330733193,155.43784350192735,156.8601005176374,1986.1042480339208
2026-02-25 12:00:00+00:00,SOLUSDT,1h,156.8601005176374,158.29029511379244,155.74953985890974,157.17748737403429,1744.0406965441716
2026-02-25 13:00:00+00:00,SOLUSDT,1h,157.17748737403429,160.09036063334182,156.07858045476374,158.97885941552607,1405.390355733831
2026-02-25 14:00:00+00:00,SOLUSDT,1h,158.97885941552607,161.4961117484443,157.40288611326653,159.91089904431072,1733.7241816656835
2026-02-25 15:00:00+00:00,SOLUSDT,1h,159.91089904431072,162.95709388101486,158.04188156297252,161.0744766581076,1663.5202874792824
2026-02-25 16:00:00+00:00,SOLUSDT,1h,161.0744766581076,164.00675040180144,159.64807929375894,162.5671347817883,1762.519933661015
2026-02-25 17:00:00+00:00,SOLUSDT,1h,162.5671347817883,164.24165126889417,159.78048261607205,161.4434243674972,2113.7462986794176
2026-02-25 18:00:00+00:00,SOLUSDT,1h,161.4434243674972,164.86993704745942,160.05752568618496,163.4666699696149,1986.3956679466976
2026-02-25 19:00:00+00:00,SOLUSDT,1h,163.4666699696149,165.2317679809372,162.5998500187663,164.3602098276406,1973.924939711536
2026-02-25 20:00:00+00:00,SOLUSDT,1h,164.3602098276406,167.22867514001172,163.22921084787458,166.0858019787486,852.8427830443039
2026-02-25 21:00:00+00:00,SOLUSDT,1h,166.0858019787486,167.60946327999602,164.70668637497016,166.2291573061406,1705.6430703460303
2026-02-25 22:00:00+00:00,SOLUSDT,1h,166.2291573061406,167.6066166988333,164.77799783056295,166.15484140386957,1479.1260720648854
2026-02-25 23:00:00+00:00,SOLUSDT,1h,166.15484140386957,169.3976418706529,164.6926125696577,167.9198799933039,1601.8228247085756
2026-02-26 00:00:00+00:00,SOLUSDT,1h,167.9198799933039,170.78549218272315,166.3199513053023,169.1736179683574,1950.140465063242
2026-02-26 01:00:00+00:00,SOLUSDT,1h,169.1736179683574,169.98352228461655,168.45184112965802,169.26137104864625,2037.7972774360123
2026-02-26 02:00:00+00:00,SOLUSDT,1h,169.26137104864625,170.51784912597068,167.52450779160617,168.777393155431,1426.232839324618
2026-02-26 03:00:00+00:00,SOLUSDT,1h,168.777393155431,169.93189788210805,167.71096990251607,168.86492157913952,1455.1102930934894
2026-02-26 04:00:00+00:00,SOLUSDT,1h,168.86492157913952,170.11503506283708,166.81938697604917,168.0635680085637,1632.0299169537711
2026-02-26 05:00:00+00:00,SOLUSDT,1h,168.0635680085637,168.9586792638574,166.93253061777668,167.82637859563516,1476.1102635939942
2026-02-26 06:00:00+00:00,SOLUSDT,1h,167.82637859563516,169.5053692841924,166.6916860792618,168.36702142248663,1792.6789013365285
2026-02-26 07:00:00+00:00,SOLUSDT,1h,168.36702142248663,170.13528985712094,165.97339235652896,167.73502325369796,1805.2090176284607
2026-02-26 08:00:00+00:00,SOLUSDT,1h,167.73502325369796,169.6183519800731,164.58247964188735,166.4513958000913,1598.5532264833244
2026-02-26 09:00:00+00:00,SOLUSDT,1h,166.4513958000913,169.63064847196537,164.90931529810453,168.07353970020796,2309.9315997764925
2026-02-26 10:00:00+00:00,SOLUSDT,1h,168.07353970020796,170.30390151896435,165.81055579805582,168.04047889482084,1761.7971457874578
2026-02-26 11:00:00+00:00,SOLUSDT,1h,168.04047889482084,170.33604983457724,167.7684368695386,170.0607371975716,1098.829786396282
2026-02-26 12:00:00+00:00,SOLUSDT,1h,170.0607371975716,171.3485139976753,169.19908156370164,170.48471019762587,1612.9756711991145
2026-02-26 13:00:00+00:00,SOLUSDT,1h,170.48471019762587,171.647393259728,167.48081231914682,168.6308523169241,1240.0404527069315
2026-02-26 14:00:00+00:00,SOLUSDT,1h,168.6308523169241,175.3702615994212,167.23848022256988,173.93410098503378,5818.488051405721
2026-02-26 15:00:00+00:00,SOLUSDT,1h,173.93410098503378,174.97957372755178,172.52181958176186,173.56507420004326,2076.4038779621314
2026-02-26 16:00:00+00:00,SOLUSDT,1h,173.56507420004326,175.59667095370338,172.40164929616805,174.4274653514529,1855.1190982776768
2026-02-26 17:00:00+00:00,SOLUSDT,1h,174.4274653514529,176.1191102976487,173.50856123311644,175.19615662452946,1842.3012261437364
2026-02-26 18:00:00+00:00,SOLUSDT,1h,175.19615662452946,176.3436922571616,172.37828168251966,173.51480445067077,1944.4215443775715
2026-02-26 19:00:00+00:00,SOLUSDT,1h,173.51480445067077,173.94703951589744,173.06327317346785,173.49546005071423,1741.1049106255343
2026-02-26 20:00:00+00:00,SOLUSDT,1h,173.49546005071423,174.9136591294592,171.86236100242985,173.27878895268813,1713.8345027041423
2026-02-26 21:00:00+00:00,SOLUSDT,1h,173.27878895268813,174.88113765852123,171.81705465188864,173.4182270942243,1394.5006846096317
2026-02-26 22:00:00+00:00,SOLUSDT,1h,173.4182270942243,176.2310369401938,171.55474338090167,174.35746059496637,1767.122527594215
2026-02-26 23:00:00+00:00,SOLUSDT,1h,174.35746059496637,175.3738765435326,171.66825185809938,172.67485908956607,1662.194226838666
2026-02-27 00:00:00+00:00,SOLUSDT,1h,172.67485908956607,174.09494708356434,171.21784278720187,172.63762456230177,1418.3360748420716
2026-02-27 01:00:00+00:00,SOLUSDT,1h,172.63762456230177,173.58237260754143,170.96493097371268,171.90567346471462,1797.2434389059806
2026-02-27 02:00:00+00:00,SOLUSDT,1h,171.90567346471462,173.90484231382518,169.4809998528256,171.47516209039517,1637.431388720723
2026-02-27 03:00:00+00:00,SOLUSDT,1h,171.47516209039517,172.05241155740518,170.82046620374416,171.39745407654408,1586.025975316155
2026-02-27 04:00:00+00:00,SOLUSDT,1h,171.39745407654408,175.05764569382535,170.85924266399903,174.50966152487663,1139.4199612476375
2026-02-27 05:00:00+00:00,SOLUSDT,1h,174.50966152487663,176.26687878033522,172.99260466141402,174.74775213465804,2249.241111989952
2026-02-27 06:00:00+00:00,SOLUSDT,1h,174.74775213465804,176.64710472889146,171.80072516117403,173.6885653372686,1586.4425571168742
2026-02-27 07:00:00+00:00,SOLUSDT,1h,173.6885653372686,174.70077733773238,171.32070540874705,172.32497073281496,1402.4172202785048
2026-02-27 08:00:00+00:00,SOLUSDT,1h,172.32497073281496,173.38287459872805,169.95578604878983,171.00559023113763,1654.673833683369
2026-02-27 09:00:00+00:00,SOLUSDT,1h,171.00559023113763,174.45831685051226,168.61232938098294,172.05043319327586,1231.7359029148918
2026-02-27 10:00:00+00:00,SOLUSDT,1h,172.05043319327586,173.5022584812802,170.67058359884416,172.12183623235015,2069.405776089048
2026-02-27 11:00:00+00:00,SOLUSDT,1h,172.12183623235015,173.5130910856335,169.7945377628901,171.17816495384506,1443.8425313953064
2026-02-27 12:00:00+00:00,SOLUSDT,1h,171.17816495384506,172.70387396366704,169.7938106537488,171.3183856687665,1614.2229724902922
2026-02-27 13:00:00+00:00,SOLUSDT,1h,171.3183856687665,174.49740233514953,169.4777205900822,172.64251069989862,1697.261761389002
2026-02-27 14:00:00+00:00,SOLUSDT,1h,172.64251069989862,178.22419011195558,170.1667459179163,175.7045149269281,2268.268575625108
2026-02-27 15:00:00+00:00,SOLUSDT,1h,175.7045149269281,176.97846812543114,174.1302498250951,175.4020096963164,2386.7548311573314
2026-02-27 16:00:00+00:00,SOLUSDT,1h,175.4020096963164,176.96853211965103,172.7092786450128,174.26565221383711,1564.0348891832869
2026-02-27 17:00:00+00:00,SOLUSDT,1h,174.26565221383711,178.0452656891611,172.53318028625463,176.29264232371216,1552.3334036212
2026-02-27 18:00:00+00:00,SOLUSDT,1h,176.29264232371216,178.00593052367572,175.25311391965369,176.96245251226466,1803.983655760072
2026-02-27 19:00:00+00:00,SOLUSDT,1h,176.96245251226466,178.63971377518243,175.42458279046994,177.10064312541243,1442.738027326271
2026-02-27 20:00:00+00:00,SOLUSDT,1h,177.10064312541243,180.02966341994988,176.16270337169993,179.08123429049712,1352.505269389024
2026-02-27 21:00:00+00:00,SOLUSDT,1h,179.08123429049712,180.91388215065152,177.72717328717516,179.55622963382615,1705.2966714104684
2026-02-27 22:00:00+00:00,SOLUSDT,1h,179.55622963382615,181.77606739146407,177.31135333095435,179.53087766444108,1559.6050777559662
2026-02-27 23:00:00+00:00,SOLUSDT,1h,179.53087766444108,180.6012596603596,178.45144763649685,179.52177536353898,1805.4213410654831
2026-02-28 00:00:00+00:00,SOLUSDT,1h,179.52177536353898,181.5648895424732,177.74003417953745,179.780579742935,2255.3928852846807
2026-02-28 01:00:00+00:00,SOLUSDT,1h,179.780579742935,182.07045951980345,177.6146226487122,179.90302720534132,1470.1231615892918
2026-02-28 02:00:00+00:00,SOLUSDT,1h,179.90302720534132,181.6710745688206,177.40814628207863,179.1689795870939,2085.164325702168
2026-02-28 03:00:00+00:00,SOLUSDT,1h,179.1689795870939,180.48005672616864,177.74734701096898,179.05760919212435,804.0316905432501
2026-02-28 04:00:00+00:00,SOLUSDT,1h,179.05760919212435,181.69951231124287,178.26024457436586,180.89397016185472,1200.5301712983537
2026-02-28 05:00:00+00:00,SOLUSDT,1h,180.89397016185472,183.0131438261933,179.06409487736934,181.180371383136,1821.2403051698584
2026-02-28 06:00:00+00:00,SOLUSDT,1h,181.180371383136,184.5306799392432,179.21968409640192,182.55511552568672,1564.8681402539337
2026-02-28 07:00:00+00:00,SOLUSDT,1h,182.55511552568672,183.2388225567608,181.04488616078035,181.7254860562378,1895.171507603501
2026-02-28 08:00:00+00:00,SOLUSDT,1h,181.7254860562378,183.8532508554327,180.7896901086182,182.9113483065194,1740.6977629527096
2026-02-28 09:00:00+00:00,SOLUSDT,1h,182.9113483065194,186.0136717035611,181.6212894665695,184.71092062662768,1612.4418595371494
2026-02-28 10:00:00+00:00,SOLUSDT,1h,184.71092062662768,186.1610123634016,182.2401731887001,183.6821887620773,1734.100650417608
2026-02-28 11:00:00+00:00,SOLUSDT,1h,183.6821887620773,186.0242048862956,181.620200006569,183.959107482682,2091.7852628376627
2026-02-28 12:00:00+00:00,SOLUSDT,1h,183.959107482682,185.3051256271531,181.91126125300468,183.2521063108126,1569.6377237517531
2026-02-28 13:00:00+00:00,SOLUSDT,1h,183.2521063108126,185.51751066465863,181.87985136994777,184.13861722448323,1439.7365295296092
2026-02-28 14:00:00+00:00,SOLUSDT,1h,184.13861722448323,186.6100728095372,181.86953469095857,184.33852685225327,1292.7963988038111
2026-02-28 15:00:00+00:00,SOLUSDT,1h,184.33852685225327,185.95527911331865,182.3364753887571,183.9498184592204,2023.2409073035776
2026-02-28 16:00:00+00:00,SOLUSDT,1h,183.9498184592204,185.0463251437778,181.66818543041927,182.7575853311515,1367.8829597249255
2026-02-28 17:00:00+00:00,SOLUSDT,1h,182.7575853311515,183.3109330800689,181.4787520568977,182.02989653223796,1612.0578321064406
2026-02-28 18:00:00+00:00,SOLUSDT,1h,182.02989653223796,184.9492760207736,181.7138894486073,184.62875726945555,1615.7834025006744
2026-02-28 19:00:00+00:00,SOLUSDT,1h,184.62875726945555,186.31420675282536,183.4051248631454,185.08753379189943,1876.4668712457203
2026-02-28 20:00:00+00:00,SOLUSDT,1h,185.08753379189943,187.4645160248266,183.31963721607733,185.69085670266384,1354.0341594827405
2026-02-28 21:00:00+00:00,SOLUSDT,1h,185.69085670266384,188.2826817180958,184.38821784072155,186.9710620946637,2404.996147528837
2026-02-28 22:00:00+00:00,SOLUSDT,1h,186.9710620946637,189.280014990668,185.4026188634244,187.70541152595737,2257.458274050895
2026-02-28 23:00:00+00:00,SOLUSDT,1h,187.70541152595737,189.33719771124277,184.16949601504615,185.78458379977707,1601.866455209257
2026-03-01 00:00:00+00:00,SOLUSDT,1h,185.78458379977707,187.6407977606301,184.77889787667647,186.63053256219555,1531.9730874039178
2026-03-01 01:00:00+00:00,SOLUSDT,1h,186.63053256219555,188.06133591487,184.28415558915796,185.70788546601668,1955.466562510738
2026-03-01 02:00:00+00:00,SOLUSDT,1h,185.70788546601668,186.9809895692233,184.06940564095711,185.339987653009,1680.672103330672
2026-03-01 03:00:00+00:00,SOLUSDT,1h,185.339987653009,188.0159119319009,183.46338087002,186.13129301388136,1244.7584191103083
2026-03-01 04:00:00+00:00,SOLUSDT,1h,186.13129301388136,188.65511856800487,184.5254407173245,187.04141417877128,1317.5196070635582
2026-03-01 05:00:00+00:00,SOLUSDT,1h,187.04141417877128,189.12889539809623,186.20781974052943,188.2897375107582,1757.2765749174328
2026-03-01 06:00:00+00:00,SOLUSDT,1h,188.2897375107582,190.2014953388009,185.4643820140738,187.36676868411985,763.2002298892841
2026-03-01 07:00:00+00:00,SOLUSDT,1h,187.36676868411985,188.85469984102664,185.48700854852572,186.9718031754578,1587.101551705799
2026-03-01 08:00:00+00:00,SOLUSDT,1h,186.9718031754578,188.91328902163227,183.4571235440331,185.38210218473205,1771.0123511425688
2026-03-01 09:00:00+00:00,SOLUSDT,1h,185.38210218473205,187.69696029435525,184.43320420557197,186.74110610926985,1619.7968414287982
2026-03-01 10:00:00+00:00,SOLUSDT,1h,186.74110610926985,189.12201889744003,185.19234298666532,187.56641099492373,1937.3782494567545
2026-03-01 11:00:00+00:00,SOLUSDT,1h,187.56641099492373,189.4313462774106,186.5139527540512,188.37435456562164,1831.8612029807448
2026-03-01 12:00:00+00:00,SOLUSDT,1h,188.37435456562164,190.7323860458086,185.1627590574492,187.50997035360623,1649.5399278828515
2026-03-01 13:00:00+00:00,SOLUSDT,1h,187.50997035360623,190.9613974297437,186.275536330446,189.7124637361814,1293.1849635038905
2026-03-01 14:00:00+00:00,SOLUSDT,1h,189.7124637361814,191.9219117340615,187.9898300998851,190.19489748623988,1669.631032592538
2026-03-01 15:00:00+00:00,SOLUSDT,1h,190.19489748623988,194.73804760671632,188.3144194200551,192.83150114742733,1155.0654786866496
2026-03-01 16:00:00+00:00,SOLUSDT,1h,192.83150114742733,195.4283912276908,191.366052116524,193.95440851065507,1209.786882271867
2026-03-01 17:00:00+00:00,SOLUSDT,1h,193.95440851065507,195.9904086651944,193.10388500216047,195.1347093341692,969.7070668601248
2026-03-01 18:00:00+00:00,SOLUSDT,1h,195.1347093341692,197.13515325760045,192.4875355953547,194.48128082797345,1537.6415640635034
2026-03-01 19:00:00+00:00,SOLUSDT,1h,194.48128082797345,195.77920926569888,192.1726870974352,193.4638252439252,1444.427632931654
2026-03-01 20:00:00+00:00,SOLUSDT,1h,193.4638252439252,196.0749065775879,192.71379212248192,195.31768628726024,1719.063515618637
2026-03-01 21:00:00+00:00,SOLUSDT,1h,195.31768628726024,196.982682060032,194.3661581012243,196.0276949284838,1355.423535600211
2026-03-01 22:00:00+00:00,SOLUSDT,1h,196.0276949284838,201.21732812748107,193.75522167834845,198.91142491099197,1377.4682168017862
2026-03-01 23:00:00+00:00,SOLUSDT,1h,198.91142491099197,201.03718940104528,196.2121111784649,198.3316799395696,1978.24306380478
2026-01-01 00:00:00+00:00,ADAUSDT,1h,160.0,161.34261446184405,158.8931565925202,160.23415124957086,7053.389313264355
2026-01-01 01:00:00+00:00,ADAUSDT,1h,160.23415124957086,161.92441260270792,157.54793384895336,159.22757715797923,1137.2114603500622
2026-01-01 02:00:00+00:00,ADAUSDT,1h,159.22757715797923,160.3597955056404,156.54674222431154,157.66786997370744,2242.270469784101
2026-01-01 03:00:00+00:00,ADAUSDT,1h,157.66786997370744,157.94597686091512,157.35925878989073,157.63731177616603,1944.3037588556583
2026-01-01 04:00:00+00:00,ADAUSDT,1h,157.63731177616603,160.726581851596,156.28766497311915,159.3621673153397,1697.8660892979865
2026-01-01 05:00:00+00:00,ADAUSDT,1h,159.3621673153397,160.55117720738292,158.5717762013952,159.75881881459412,3096.425337152913
2026-01-01 06:00:00+00:00,ADAUSDT,1h,159.75881881459412,161.35914095062108,156.7297290845749,158.31559427737136,1269.7248145347598
2026-01-01 07:00:00+00:00,ADAUSDT,1h,158.31559427737136,159.5039833861114,157.29883586914815,158.48612973919424,2240.7838827824294
2026-01-01 08:00:00+00:00,ADAUSDT,1h,158.48612973919424,160.4383663380643,156.28277105716077,158.23187574822668,1266.528046182904
2026-01-01 09:00:00+00:00,ADAUSDT,1h,158.23187574822668,159.629220830847,155.92519491624293,157.31443811063477,2518.4301918026117
2026-01-01 10:00:00+00:00,ADAUSDT,1h,157.31443811063477,159.09680326576213,155.8532376228156,157.6326471232047,1357.7087392642077
2026-01-01 11:00:00+00:00,ADAUSDT,1h,157.6326471232047,158.00592328097147,157.36343333243406,157.7365320697187,1515.9528373665255
2026-01-01 12:00:00+00:00,ADAUSDT,1h,157.7365320697187,159.1865764739718,156.13055870629498,157.57915638333523,2117.268206757992
2026-01-01 13:00:00+00:00,ADAUSDT,1h,157.57915638333523,159.13996648016686,155.78044231637273,157.3388724179827,1518.9917511793692
2026-01-01 14:00:00+00:00,ADAUSDT,1h,157.3388724179827,157.8420786312762,156.04436179244496,156.54502911068678,2161.245013489294
2026-01-01 15:00:00+00:00,ADAUSDT,1h,156.54502911068678,160.0931771344162,155.33867094939723,158.86891081167445,2016.243176679013
2026-01-01 16:00:00+00:00,ADAUSDT,1h,158.86891081167445,160.20096529349155,157.7084613865184,159.03927147799948,1808.4919322388787
2026-01-01 17:00:00+00:00,ADAUSDT,1h,159.03927147799948,160.1133864895498,158.00588008196038,159.07973219144407,1825.9651377395303
2026-01-01 18:00:00+00:00,ADAUSDT,1h,159.07973219144407,161.370098232308,157.17783978818713,159.46361626758969,1829.320126251452
2026-01-01 19:00:00+00:00,ADAUSDT,1h,159.46361626758969,161.2600851984972,157.89453592046314,159.68878920842684,1140.142288255504
2026-01-01 20:00:00+00:00,ADAUSDT,1h,159.68878920842684,160.4066527022517,158.6420467786229,159.3584251569717,1612.200079797258
2026-01-01 21:00:00+00:00,ADAUSDT,1h,159.3584251569717,161.1883765402242,157.5115555694646,159.34131042004887,1902.0209992379175
2026-01-01 22:00:00+00:00,ADAUSDT,1h,159.34131042004887,161.51938640020614,157.71221948060833,159.88473949179138,1217.1233678217022
2026-01-01 23:00:00+00:00,ADAUSDT,1h,159.88473949179138,162.15203821081303,158.37363314670793,160.63385183781165,2049.37465765171
2026-01-02 00:00:00+00:00,ADAUSDT,1h,160.63385183781165,162.70897328541344,158.88596021749336,160.95755933394605,1959.0021949849884
2026-01-02 01:00:00+00:00,ADAUSDT,1h,160.95755933394605,163.73890949760806,159.5631927208636,162.33263071567055,1382.6397656311517
2026-01-02 02:00:00+00:00,ADAUSDT,1h,162.33263071567055,163.26367302303333,161.45822529038713,162.38896415741957,2078.0661544088234
2026-01-02 03:00:00+00:00,ADAUSDT,1h,162.38896415741957,163.69358619413535,160.50540892169204,161.80534217860915,1110.9778428839054
2026-01-02 04:00:00+00:00,ADAUSDT,1h,161.80534217860915,163.30796815083053,160.464002366898,161.9653022959199,2105.687731875544
2026-01-02 05:00:00+00:00,ADAUSDT,1h,161.9653022959199,163.9405543932359,159.0798891694957,161.0439043337686,2052.750290493373
2026-01-02 06:00:00+00:00,ADAUSDT,1h,161.0439043337686,163.17019602932805,159.8113429365709,161.93084635596037,1850.8810483438067
2026-01-02 07:00:00+00:00,ADAUSDT,1h,161.93084635596037,163.59306781646188,160.12657780914904,161.7873260323565,1694.134938276954
2026-01-02 08:00:00+00:00,ADAUSDT,1h,161.7873260323565,163.92290521499282,160.6804835030344,162.80907256755037,1756.3339813993207
2026-01-02 09:00:00+00:00,ADAUSDT,1h,162.80907256755037,165.2168586729209,160.90495621793082,163.30691980342277,1526.1182196713612
2026-01-02 10:00:00+00:00,ADAUSDT,1h,163.30691980342277,165.81890452229615,161.5760830949065,164.07987550869956,2397.821843162856
2026-01-02 11:00:00+00:00,ADAUSDT,1h,164.07987550869956,166.50808221889298,161.16013758027336,163.5809608875533,1803.3938106814576
2026-01-02 12:00:00+00:00,ADAUSDT,1h,163.5809608875533,165.2819527070925,161.75301731102357,163.45267515514038,2229.3488338522147
2026-01-02 13:00:00+00:00,ADAUSDT,1h,163.45267515514038,164.69643956877806,162.02869705473023,163.27107964927157,1864.691769125986
2026-01-02 14:00:00+00:00,ADAUSDT,1h,163.27107964927157,164.6909755326573,162.33944216171164,163.75656781185702,1276.347251923575
2026-01-02 15:00:00+00:00,ADAUSDT,1h,163.75656781185702,165.31097017387964,162.18715128417037,163.74140976368375,2075.767951609575
2026-01-02 16:00:00+00:00,ADAUSDT,1h,163.74140976368375,165.31692541300984,161.14221294115387,162.70778306082892,1910.6680481138117
2026-01-02 17:00:00+00:00,ADAUSDT,1h,162.70778306082892,164.94559045557432,161.68062779988065,163.9108404337207,1554.4997893503246
2026-01-02 18:00:00+00:00,ADAUSDT,1h,163.9108404337207,166.89426653935695,161.93328160441405,164.90471674671443,1770.6561791012805
2026-01-02 19:00:00+00:00,ADAUSDT,1h,164.90471674671443,166.01785075105798,162.7073881221743,163.81315389746203,2354.994224346468
2026-01-02 20:00:00+00:00,ADAUSDT,1h,163.81315389746203,165.39701766551607,162.54726177540576,164.12868720975595,1620.4636769977242
2026-01-02 21:00:00+00:00,ADAUSDT,1h,164.12868720975595,165.5125689300843,160.60252076272803,161.96818581147596,1499.7055055578203
2026-01-02 22:00:00+00:00,ADAUSDT,1h,161.96818581147596,163.28803567994424,160.16574638367712,161.48163140705273,2194.643297868871
2026-01-02 23:00:00+00:00,ADAUSDT,1h,161.48163140705273,163.2539938429977,159.3090151432488,161.07693579034887,2625.126656589237
2026-01-03 00:00:00+00:00,ADAUSDT,1h,161.07693579034887,163.6565791101438,159.24453355037323,161.81577191164942,1584.4016983991323
2026-01-03 01:00:00+00:00,ADAUSDT,1h,161.81577191164942,162.93921307378648,160.72314698672375,161.84638146467802,1902.1723447116372
2026-01-03 02:00:00+00:00,ADAUSDT,1h,161.84638146467802,163.12065786851304,160.6348920575681,161.90870196579002,1109.7680146201435
2026-01-03 03:00:00+00:00,ADAUSDT,1h,161.90870196579002,163.97316077621102,159.57083241558,161.63176000586142,1480.9536046261842
2026-01-03 04:00:00+00:00,ADAUSDT,1h,161.63176000586142,163.29016892762115,158.98680818080226,160.6349898269474,1813.5015605284575
2026-01-03 05:00:00+00:00,ADAUSDT,1h,160.6349898269474,163.54670589065827,159.32317858410002,162.22193500231234,2479.009592931463
2026-01-03 06:00:00+00:00,ADAUSDT,1h,162.22193500231234,163.72338660798945,160.91435234320411,162.41425377203058,1195.270478642578
2026-01-03 07:00:00+00:00,ADAUSDT,1h,162.41425377203058,163.47992534754067,161.45252591696698,162.51758561813472,2017.242568336449
2026-01-03 08:00:00+00:00,ADAUSDT,1h,162.51758561813472,163.58264225359494,161.10040659013367,162.16314037383657,1627.417862825797
2026-01-03 09:00:00+00:00,ADAUSDT,1h,162.16314037383657,164.55313665550233,160.60618415817325,162.98825834025763,1493.971090690159
2026-01-03 10:00:00+00:00,ADAUSDT,1h,162.98825834025763,164.16570185318886,160.9403783290185,162.11148796488817,1507.162300189512
2026-01-03 11:00:00+00:00,ADAUSDT,1h,162.11148796488817,163.68916343905295,161.06563546062128,162.63990190407193,2043.024262942252
2026-01-03 12:00:00+00:00,ADAUSDT,1h,162.63990190407193,164.38919974835483,161.07396848470538,162.82151769149107,1427.2890584840966
2026-01-03 13:00:00+00:00,ADAUSDT,1h,162.82151769149107,164.71655766558655,160.17383593045673,162.06001293624115,1715.4940034590072
2026-01-03 14:00:00+00:00,ADAUSDT,1h,162.06001293624115,165.115843167397,160.37136274144578,163.41309399438356,2170.768836225777
2026-01-03 15:00:00+00:00,ADAUSDT,1h,163.41309399438356,167.44799596567847,161.55846795040648,165.56890297487763,1461.0980768972806
2026-01-03 16:00:00+00:00,ADAUSDT,1h,165.56890297487763,167.43111527461517,165.0196786174386,166.8775498800448,1894.4138370191984
2026-01-03 17:00:00+00:00,ADAUSDT,1h,166.8775498800448,167.94138878212058,165.91192598665052,166.97519984484074,1510.961955545581
2026-01-03 18:00:00+00:00,ADAUSDT,1h,166.97519984484074,168.96800805687,165.7995816352592,167.78667650340657,2005.272428646225
2026-01-03 19:00:00+00:00,ADAUSDT,1h,167.78667650340657,168.92427566141416,165.2014616530735,166.32917892983133,1647.2556138587777
2026-01-03 20:00:00+00:00,ADAUSDT,1h,166.32917892983133,168.8779145107886,164.38580430897994,166.92754859455658,1964.138618482741
2026-01-03 21:00:00+00:00,ADAUSDT,1h,166.92754859455658,169.17483635237994,166.29346043968266,168.53464351400254,1915.8565471070413
2026-01-03 22:00:00+00:00,ADAUSDT,1h,168.53464351400254,170.27772562846263,165.78083296291652,167.51335229682778,2293.571444326189
2026-01-03 23:00:00+00:00,ADAUSDT,1h,167.51335229682778,170.54220202013772,165.3174133790616,168.33548572395088,1855.064702498011
2026-01-04 00:00:00+00:00,ADAUSDT,1h,168.33548572395088,171.59765117399922,166.14370633202515,169.3921141574379,1745.8582508274217
2026-01-04 01:00:00+00:00,ADAUSDT,1h,169.3921141574379,172.09818568541738,167.8495151558864,170.54508693501774,2087.5423307139376
2026-01-04 02:00:00+00:00,ADAUSDT,1h,170.54508693501774,173.06068276726495,168.63806521864828,171.14693127493578,2296.26008581837
2026-01-04 03:00:00+00:00,ADAUSDT,1h,171.14693127493578,173.443279324782,167.32027947483536,169.59581557387008,1489.3787592082458
2026-01-04 04:00:00+00:00,ADAUSDT,1h,169.59581557387008,170.99850375031468,167.88430274287262,169.28441539974494,2430.029950766861
2026-01-04 05:00:00+00:00,ADAUSDT,1h,169.28441539974494,171.44158021134464,167.703819310501,169.85565054175092,1945.6987342661923
2026-01-04 06:00:00+00:00,ADAUSDT,1h,169.85565054175092,170.87472485726272,168.73059657376638,169.7490312106954,2147.8057238105407
2026-01-04 07:00:00+00:00,ADAUSDT,1h,169.7490312106954,171.6850728607863,168.09324318169192,170.02657755323057,1853.5865719680885
2026-01-04 08:00:00+00:00,ADAUSDT,1h,170.02657755323057,171.60087442470294,167.76847943317566,169.33638573420282,1735.871044009176
2026-01-04 09:00:00+00:00,ADAUSDT,1h,169.33638573420282,171.48949504528505,167.91571545593175,170.0627309961979,2293.847668623832
2026-01-04 10:00:00+00:00,ADAUSDT,1h,170.0627309961979,172.6424572487793,167.20765147735122,169.78313648736113,2245.5914856901454
2026-01-04 11:00:00+00:00,ADAUSDT,1h,169.78313648736113,170.99822148765398,167.0219851058882,168.22592563335445,1088.4213038140797
2026-01-04 12:00:00+00:00,ADAUSDT,1h,168.22592563335445,169.80668244848155,164.52646819771908,166.08712751785828,2086.7955799470064
2026-01-04 13:00:00+00:00,ADAUSDT,1h,166.08712751785828,166.83972621245908,164.96967329494518,165.72061117618605,2472.5134105144025
2026-01-04 14:00:00+00:00,ADAUSDT,1h,165.72061117618605,166.79184136864217,164.64679898345355,165.71801237708152,1365.2645193041078
2026-01-04 15:00:00+00:00,ADAUSDT,1h,165.71801237708152,166.99799923673285,164.4329466082303,165.71289393361323,1904.454828671562
2026-01-04 16:00:00+00:00,ADAUSDT,1h,165.71289393361323,168.20440672775408,164.75592258892183,167.23862447899245,2809.9060139825683
2026-01-04 17:00:00+00:00,ADAUSDT,1h,167.23862447899245,170.9703228309295,165.59057587981982,169.30194133044725,1508.3874119539882
2026-01-04 18:00:00+00:00,ADAUSDT,1h,169.30194133044725,170.47759041050352,167.27082584221947,168.44049294121658,1948.5823431369356
2026-01-04 19:00:00+00:00,ADAUSDT,1h,168.44049294121658,169.6957567618809,165.67009429759565,166.91398214960117,1771.3369858301917
2026-01-04 20:00:00+00:00,ADAUSDT,1h,166.91398214960117,169.36575670147363,164.97366904839043,167.4195663713064,1876.9489264600595
2026-01-04 21:00:00+00:00,ADAUSDT,1h,167.4195663713064,168.68425265566665,166.61238828604917,167.87487937491105,1390.9324990994646
2026-01-04 22:00:00+00:00,ADAUSDT,1h,167.87487937491105,169.33815304099122,166.43855025050155,167.9015953361452,1492.1217766299133
2026-01-04 23:00:00+00:00,ADAUSDT,1h,167.9015953361452,169.9537671132705,166.04344082202547,168.09348892700007,1030.3964139850984
2026-01-05 00:00:00+00:00,ADAUSDT,1h,168.09348892700007,170.24511871428328,165.2989619954307,167.4422558712508,1900.710232581501
2026-01-05 01:00:00+00:00,ADAUSDT,1h,167.4422558712508,176.09388051691,166.54561771388995,175.1559362975404,5306.709799432144
2026-01-05 02:00:00+00:00,ADAUSDT,1h,175.1559362975404,176.8451476112209,173.10522241619765,174.79091343382555,2132.567283465085
2026-01-05 03:00:00+00:00,ADAUSDT,1h,174.79091343382555,176.4515678662771,173.01047539306512,174.66998086876455,2039.1910910961408
2026-01-05 04:00:00+00:00,ADAUSDT,1h,174.66998086876455,175.6324199491325,173.61362784335833,174.5755465867854,2253.820835378472
2026-01-05 05:00:00+00:00,ADAUSDT,1h,174.5755465867854,175.35869668434236,171.65357879997393,172.4270908735676,1904.7531351536225
2026-01-05 06:00:00+00:00,ADAUSDT,1h,172.4270908735676,175.94426074319114,169.56746587797798,173.0739085698563,1878.933882362371
2026-01-05 07:00:00+00:00,ADAUSDT,1h,173.0739085698563,174.0203887130265,172.09019514242192,173.0364705502717,1881.139222533537
2026-01-05 08:00:00+00:00,ADAUSDT,1h,173.0364705502717,173.82344702903072,172.20715146031,172.9939344834119,1616.7044365974273
2026-01-05 09:00:00+00:00,ADAUSDT,1h,172.9939344834119,174.4448014127224,172.0097223662271,173.4579493816771,2022.951444121764
2026-01-05 10:00:00+00:00,ADAUSDT,1h,173.4579493816771,174.85488213449162,172.03212007410315,173.42881822093554,2001.611046067115
2026-01-05 11:00:00+00:00,ADAUSDT,1h,173.42881822093554,176.76094962780854,171.65598730158584,174.97234045448462,1746.5769261263831
2026-01-05 12:00:00+00:00,ADAUSDT,1h,174.97234045448462,177.7640612137541,172.62830677070968,175.41410933099812,1879.981561756119
2026-01-05 13:00:00+00:00,ADAUSDT,1h,175.41410933099812,177.99385514389004,173.9795820692006,176.55003831524084,1451.717134371388
2026-01-05 14:00:00+00:00,ADAUSDT,1h,176.55003831524084,180.0652344933172,174.7801435517986,178.27801693381363,1762.1621762895068
2026-01-05 15:00:00+00:00,ADAUSDT,1h,178.27801693381363,181.84632046750409,176.0258687981461,179.57775304298934,1632.1589816627768
2026-01-05 16:00:00+00:00,ADAUSDT,1h,179.57775304298934,182.38997020326764,177.68401000861337,180.4866424461348,1749.680561667789
2026-01-05 17:00:00+00:00,ADAUSDT,1h,180.4866424461348,181.69075571171567,179.2390014404787,180.44282236118096,2483.0487696863024
2026-01-05 18:00:00+00:00,ADAUSDT,1h,180.44282236118096,183.029305943926,178.755554577647,181.3337077530044,1725.375946866012
2026-01-05 19:00:00+00:00,ADAUSDT,1h,181.3337077530044,183.95416039443745,179.7259055461493,182.337458394398,2188.1901965366837
2026-01-05 20:00:00+00:00,ADAUSDT,1h,182.337458394398,183.24962340097105,180.152993746334,181.05876192041933,2145.135107723432
2026-01-05 21:00:00+00:00,ADAUSDT,1h,181.05876192041933,182.7081235831516,179.3309500501542,180.9795904978077,1670.926343407064
2026-01-05 22:00:00+00:00,ADAUSDT,1h,180.9795904978077,182.87245144110943,178.4451782170117,180.3312582699991,1701.7827529987126
2026-01-05 23:00:00+00:00,ADAUSDT,1h,180.3312582699991,181.5366745981037,177.57637476285154,178.77136404694488,1548.083376163453
2026-01-06 00:00:00+00:00,ADAUSDT,1h,178.77136404694488,180.40746039108765,176.54381083390422,178.17444423194107,1661.3119005662709
2026-01-06 01:00:00+00:00,ADAUSDT,1h,178.17444423194107,180.3754628803389,175.51610308927792,177.71140169594293,1970.3276567679547
2026-01-06 02:00:00+00:00,ADAUSDT,1h,177.71140169594293,179.48420856185487,175.8931832396513,177.66553252558032,2439.569247808692
2026-01-06 03:00:00+00:00,ADAUSDT,1h,177.66553252558032,181.07331379672672,175.7784965147388,179.1702952739507,2401.043068911079
2026-01-06 04:00:00+00:00,ADAUSDT,1h,179.1702952739507,182.01386017990168,177.1837099968559,180.0178771746705,2529.2809798286203
2026-01-06 05:00:00+00:00,ADAUSDT,1h,180.0178771746705,181.4656615585401,177.3072705050965,178.744816363823,1548.155661682047
2026-01-06 06:00:00+00:00,ADAUSDT,1h,178.744816363823,181.11458988805327,176.82657517800735,179.19155442973934,2297.007564510653
2026-01-06 07:00:00+00:00,ADAUSDT,1h,179.19155442973934,182.1885643752248,177.21298345521882,180.19887096104827,2222.88865822235
2026-01-06 08:00:00+00:00,ADAUSDT,1h,180.19887096104827,180.95506488440492,179.74019741741515,180.49563596281493,1353.7799824471235
2026-01-06 09:00:00+00:00,ADAUSDT,1h,180.49563596281493,183.30175692691705,179.62168222221445,182.4184927789037,1578.5704404630944
2026-01-06 10:00:00+00:00,ADAUSDT,1h,182.4184927789037,183.88467305507376,180.006754482685,181.4652733009837,1435.0184487828683
2026-01-06 11:00:00+00:00,ADAUSDT,1h,181.4652733009837,182.3786941057732,171.5935745799501,172.46167501105933,1948.7849914612516
2026-01-06 12:00:00+00:00,ADAUSDT,1h,172.46167501105933,173.94604738921186,172.460014009323,173.9443721074191,1365.400054379828
2026-01-06 13:00:00+00:00,ADAUSDT,1h,173.9443721074191,177.2602949374133,172.43574852227707,175.73613138240398,2117.816751195499
2026-01-06 14:00:00+00:00,ADAUSDT,1h,175.73613138240398,176.8140031738112,174.19964811061138,175.27468966439295,2086.2217795316783
2026-01-06 15:00:00+00:00,ADAUSDT,1h,175.27468966439295,176.23865886740236,173.68772801585712,174.6482519601377,1801.965129617226
2026-01-06 16:00:00+00:00,ADAUSDT,1h,174.6482519601377,175.83288692361856,173.41836110591143,174.60268700336786,2082.886077502928
2026-01-06 17:00:00+00:00,ADAUSDT,1h,174.60268700336786,176.69340077981468,172.99867656707755,175.08495988061725,1809.098200942332
2026-01-06 18:00:00+00:00,ADAUSDT,1h,175.08495988061725,177.30540247224627,171.66535359285925,173.87039294160783,2784.461434606474
2026-01-06 19:00:00+00:00,ADAUSDT,1h,173.87039294160783,175.5992580424406,171.25386688644028,172.97381696215058,1387.590807296834
2026-01-06 20:00:00+00:00,ADAUSDT,1h,172.97381696215058,173.31418142982585,171.9656640629102,172.3047119175493,2247.896435503017
2026-01-06 21:00:00+00:00,ADAUSDT,1h,172.3047119175493,173.96832508403836,170.34684949048147,172.00759396386135,2299.1310490157266
2026-01-06 22:00:00+00:00,ADAUSDT,1h,172.00759396386135,173.66743708332285,169.95238780361194,171.60837856447353,2201.934159568053
2026-01-06 23:00:00+00:00,ADAUSDT,1h,171.60837856447353,174.57599702455218,170.23236754923673,173.18732550635698,1693.9831980938566
2026-01-07 00:00:00+00:00,ADAUSDT,1h,173.18732550635698,174.7870360280473,172.03559832147317,173.63234935371227,2108.1556667884106
2026-01-07 01:00:00+00:00,ADAUSDT,1h,173.63234935371227,175.55697767211814,173.02281007539773,174.94283790174794,1476.5020910514406
2026-01-07 02:00:00+00:00,ADAUSDT,1h,174.94283790174794,176.1734894503238,173.4082827343351,174.63678129947908,1894.158752713373
2026-01-07 03:00:00+00:00,ADAUSDT,1h,174.63678129947908,175.88912530151703,173.67896235382602,174.9296998048733,1525.648478126899
2026-01-07 04:00:00+00:00,ADAUSDT,1h,174.9296998048733,176.98329562089356,171.43661231530626,173.47310840493412,2041.6964940881348
2026-01-07 05:00:00+00:00,ADAUSDT,1h,173.47310840493412,174.7000901032623,172.3520099433697,173.5783117478115,1062.2316811607898
2026-01-07 06:00:00+00:00,ADAUSDT,1h,173.5783117478115,175.2857798633103,171.47197802872824,173.17548357392658,2176.8045893137664
2026-01-07 07:00:00+00:00,ADAUSDT,1h,173.17548357392658,174.36870638425376,172.2686824706779,173.46041329966735,1702.1109225640262
2026-01-07 08:00:00+00:00,ADAUSDT,1h,173.46041329966735,175.37052642080545,172.1382044000224,174.04387009850475,1805.686007005819
2026-01-07 09:00:00+00:00,ADAUSDT,1h,174.04387009850475,175.1387446715947,172.93450115399543,174.0292839687108,1769.4058894167672
2026-01-07 10:00:00+00:00,ADAUSDT,1h,174.0292839687108,175.60789737857104,171.72344265346229,173.2953990191965,1454.2185408165565
2026-01-07 11:00:00+00:00,ADAUSDT,1h,173.2953990191965,175.5382028607093,169.26205787198785,171.4813845838879,2068.8159216267745
2026-01-07 12:00:00+00:00,ADAUSDT,1h,171.4813845838879,173.2121400439248,167.8938822453541,169.60570655435814,2038.3868414178696
2026-01-07 13:00:00+00:00,ADAUSDT,1h,169.60570655435814,170.67453780206822,168.51618438222752,169.58488441173077,2227.284764209629
2026-01-07 14:00:00+00:00,ADAUSDT,1h,169.58488441173077,171.9531292249729,167.69894196404246,170.06188211689147,1611.67700060196
2026-01-07 15:00:00+00:00,ADAUSDT,1h,170.06188211689147,171.50931046592686,168.4411911231987,169.88713214266002,1766.3949411334772
2026-01-07 16:00:00+00:00,ADAUSDT,1h,169.88713214266002,171.36427680269503,168.89266859170357,170.3670042378845,1753.132611415347
2026-01-07 17:00:00+00:00,ADAUSDT,1h,170.3670042378845,172.26148542373312,168.65578805851996,170.54844678221477,1844.9143380059893
2026-01-07 18:00:00+00:00,ADAUSDT,1h,170.54844678221477,171.9320733979532,169.1492606396873,170.53275999152194,2034.418639241584
2026-01-07 19:00:00+00:00,ADAUSDT,1h,170.53275999152194,172.2444365745461,168.65523723139822,170.36523230040768,2031.13396671792
2026-01-07 20:00:00+00:00,ADAUSDT,1h,170.36523230040768,171.421416705375,169.71146178442095,170.76610784375703,2022.3027059118217
2026-01-07 21:00:00+00:00,ADAUSDT,1h,170.76610784375703,172.29461960684725,169.3907930448773,170.91808084891815,1815.050720753048
2026-01-07 22:00:00+00:00,ADAUSDT,1h,170.91808084891815,172.93974088287968,168.20149483282978,170.21483672672744,2062.1622875046583
2026-01-07 23:00:00+00:00,ADAUSDT,1h,170.21483672672744,172.56075249525014,166.23408580242855,168.5571552599785,1663.8257449438252
2026-01-08 00:00:00+00:00,ADAUSDT,1h,168.5571552599785,169.20458993493486,167.161789859567,167.80634062592986,2552.6532379546907
2026-01-08 01:00:00+00:00,ADAUSDT,1h,167.80634062592986,167.95563031948868,166.03908187891494,166.1869308570202,2055.546673370293
2026-01-08 02:00:00+00:00,ADAUSDT,1h,166.1869308570202,167.75784891259582,165.28654431929897,166.85384906920177,1835.301230742903
2026-01-08 03:00:00+00:00,ADAUSDT,1h,166.85384906920177,168.11177177538124,165.5247295572916,166.78211142843665,1711.4582851052817
2026-01-08 04:00:00+00:00,ADAUSDT,1h,166.78211142843665,167.65986377178925,164.74737567393683,165.61900675015724,1481.338431428053
2026-01-08 05:00:00+00:00,ADAUSDT,1h,165.61900675015724,165.91245488957517,163.83885660971058,164.12966589558562,1799.110744981225
2026-01-08 06:00:00+00:00,ADAUSDT,1h,164.12966589558562,165.5613530555604,162.56728514936228,163.9978222500015,2126.160786675141
2026-01-08 07:00:00+00:00,ADAUSDT,1h,163.9978222500015,165.70385890170914,162.2833042589386,163.98925175347946,1639.2892678947128
2026-01-08 08:00:00+00:00,ADAUSDT,1h,163.98925175347946,166.33150264474145,162.74537651367203,165.07935883130287,2395.050673544648
2026-01-08 09:00:00+00:00,ADAUSDT,1h,165.07935883130287,166.1793209672364,163.2949412895622,164.3903121472907,1787.3794358527302
2026-01-08 10:00:00+00:00,ADAUSDT,1h,164.3903121472907,166.16731566240887,163.16751162674592,164.9404231970939,1986.986228086848
2026-01-08 11:00:00+00:00,ADAUSDT,1h,164.9404231970939,166.89040973754143,163.77751876311652,165.7219948704826,1999.384956890276
2026-01-08 12:00:00+00:00,ADAUSDT,1h,165.7219948704826,166.874769693965,164.25796320885064,165.4085577397695,2030.1281877663453
2026-01-08 13:00:00+00:00,ADAUSDT,1h,165.4085577397695,167.96324978796002,163.77104713110427,166.31674828024435,1962.4801748765512
2026-01-08 14:00:00+00:00,ADAUSDT,1h,166.31674828024435,170.34241880029293,164.26044294008378,168.26206200980195,2300.939939612529
2026-01-08 15:00:00+00:00,ADAUSDT,1h,168.26206200980195,169.52529738720654,166.10559418240294,167.3620728486747,2159.398622948176
2026-01-08 16:00:00+00:00,ADAUSDT,1h,167.3620728486747,169.15272742338357,165.14598531158464,166.93203882961197,2670.588368704498
2026-01-08 17:00:00+00:00,ADAUSDT,1h,166.93203882961197,168.63565581190576,164.60056879277062,166.29771218466058,1738.4204152513878
2026-01-08 18:00:00+00:00,ADAUSDT,1h,166.29771218466058,167.69479666393005,165.66096063735904,167.0551449175919,2419.4870796539085
2026-01-08 19:00:00+00:00,ADAUSDT,1h,167.0551449175919,168.94794017856424,165.9080304819557,167.79574031041122,1607.2776882662606
2026-01-08 20:00:00+00:00,ADAUSDT,1h,167.79574031041122,168.8499898426356,166.61444704502193,167.66789332308545,1831.0411172889228
2026-01-08 21:00:00+00:00,ADAUSDT,1h,167.66789332308545,169.18991713697255,167.29698410387908,168.81646708190522,1805.975973315922
2026-01-08 22:00:00+00:00,ADAUSDT,1h,168.81646708190522,171.06411580091253,166.100251409799,168.34157737330952,2070.899883139087
2026-01-08 23:00:00+00:00,ADAUSDT,1h,168.34157737330952,169.30040324779029,167.75306843026542,168.71060421586586,1816.775241767413
2026-01-09 00:00:00+00:00,ADAUSDT,1h,168.71060421586586,171.02305186500777,166.6291506363516,168.93878314619909,1954.5899038680725
2026-01-09 01:00:00+00:00,ADAUSDT,1h,168.93878314619909,170.41582234523608,167.3212757722734,168.79707601968096,2753.9211318236403
2026-01-09 02:00:00+00:00,ADAUSDT,1h,168.79707601968096,174.61798836049775,168.46984163462855,174.28012439579928,6780.789494619992
2026-01-09 03:00:00+00:00,ADAUSDT,1h,174.28012439579928,174.96144074682508,173.9383369930757,174.61898878421783,1890.6939547171023
2026-01-09 04:00:00+00:00,ADAUSDT,1h,174.61898878421783,175.14662753935397,172.93974663997733,173.46389509775787,2631.5583748167733
2026-01-09 05:00:00+00:00,ADAUSDT,1h,173.46389509775787,176.71854838424656,172.21875806254255,175.4590896904611,1893.3164844722712
2026-01-09 06:00:00+00:00,ADAUSDT,1h,175.4590896904611,176.91944935615587,174.8035200129815,176.26088392627886,2198.2259683801717
2026-01-09 07:00:00+00:00,ADAUSDT,1h,176.26088392627886,178.0349686064753,174.46535782650636,176.2392245022798,2078.787863997308
2026-01-09 08:00:00+00:00,ADAUSDT,1h,176.2392245022798,177.21937647962577,174.7728423225955,175.75027501421545,1621.8456177790636
2026-01-09 09:00:00+00:00,ADAUSDT,1h,175.75027501421545,177.53346608024432,174.14230615024923,175.9239086132393,2566.390305901085
2026-01-09 10:00:00+00:00,ADAUSDT,1h,175.9239086132393,178.92538528251094,173.9289735070072,176.9191642154553,1806.8021893484165
2026-01-09 11:00:00+00:00,ADAUSDT,1h,176.9191642154553,180.6047414646834,174.77617820282447,178.44329397686627,1415.8324356832345
2026-01-09 12:00:00+00:00,ADAUSDT,1h,178.44329397686627,180.38581621139227,176.55903875993164,178.50095215830166,1760.48521903516
2026-01-09 13:00:00+00:00,ADAUSDT,1h,178.50095215830166,179.44370535942346,176.15801881234523,177.09333769434554,1296.0349381297078
2026-01-09 14:00:00+00:00,ADAUSDT,1h,177.09333769434554,178.9314660985315,173.76981582167622,175.59236498039,2030.543938850801
2026-01-09 15:00:00+00:00,ADAUSDT,1h,175.59236498039,178.08228194445357,174.6845591313716,177.16633871110696,1974.325252974559
2026-01-09 16:00:00+00:00,ADAUSDT,1h,177.16633871110696,179.7772292431357,175.50473062883535,178.1068007532088,1693.518939877707
2026-01-09 17:00:00+00:00,ADAUSDT,1h,178.1068007532088,180.4367741980083,176.88760154665752,179.21002307444422,1760.7165479683508
2026-01-09 18:00:00+00:00,ADAUSDT,1h,179.21002307444422,181.86104963101536,177.88949729170267,180.53079164180284,2219.078786237747
2026-01-09 19:00:00+00:00,ADAUSDT,1h,180.53079164180284,182.7731011792441,180.10865453077412,182.34671786819555,2754.6393382857013
2026-01-09 20:00:00+00:00,ADAUSDT,1h,182.34671786819555,183.76799306926463,178.42590919501868,179.82754909833318,1540.0474442847146
2026-01-09 21:00:00+00:00,ADAUSDT,1h,179.82754909833318,181.6039872081137,178.16638438943144,179.9417674027192,2460.3761839312515
2026-01-09 22:00:00+00:00,ADAUSDT,1h,179.9417674027192,181.66878742451783,179.43409036516397,181.1576798835553,2074.3006611245623
2026-01-09 23:00:00+00:00,ADAUSDT,1h,181.1576798835553,182.8180617416726,179.30604256735498,180.9646552785472,2034.724109691268
2026-01-10 00:00:00+00:00,ADAUSDT,1h,180.9646552785472,181.95590077866805,179.94415283400193,180.93523719468257,2120.5383305046157
2026-01-10 01:00:00+00:00,ADAUSDT,1h,180.93523719468257,184.68936041892343,179.39730031099248,183.13274487338904,1760.2810599290488
2026-01-10 02:00:00+00:00,ADAUSDT,1h,183.13274487338904,185.2999925448842,180.37023631993455,182.5303551310652,1563.6105440311762
2026-01-10 03:00:00+00:00,ADAUSDT,1h,182.5303551310652,186.2065262874237,180.97261911316335,184.63086427172288,1114.5930680547576
2026-01-10 04:00:00+00:00,ADAUSDT,1h,184.63086427172288,187.014354717234,183.60718513073945,185.9831777232892,1382.8216548938792
2026-01-10 05:00:00+00:00,ADAUSDT,1h,185.9831777232892,186.328319144241,183.93614609216436,184.27812332964848,1968.6835443067869
2026-01-10 06:00:00+00:00,ADAUSDT,1h,184.27812332964848,186.61046755711277,181.8218396792552,184.1525951400052,1246.6912093369556
2026-01-10 07:00:00+00:00,ADAUSDT,1h,184.1525951400052,186.54347178023312,181.1948256777455,183.57824546282876,1816.888935497697
2026-01-10 08:00:00+00:00,ADAUSDT,1h,183.57824546282876,184.39194355177105,182.7089380318706,183.52238853879567,1811.269539156951
2026-01-10 09:00:00+00:00,ADAUSDT,1h,183.52238853879567,185.81783345390647,181.4801075810455,183.77276623339029,2106.730009434972
2026-01-10 10:00:00+00:00,ADAUSDT,1h,183.77276623339029,185.9058462518719,181.1098749115511,183.23673310743263,1492.6659659414795
2026-01-10 11:00:00+00:00,ADAUSDT,1h,183.23673310743263,184.7006843893094,183.12892343710135,184.59207728493485,2509.3237566265884
2026-01-10 12:00:00+00:00,ADAUSDT,1h,184.59207728493485,185.3148462341931,183.1549961945304,183.87495726551705,1440.2664573846891
2026-01-10 13:00:00+00:00,ADAUSDT,1h,183.87495726551705,185.83664226227756,182.24046252911836,184.19926470372292,1748.414970594943
2026-01-10 14:00:00+00:00,ADAUSDT,1h,184.19926470372292,187.05425304012903,182.0371387061035,184.88408859812031,1913.652167859133
2026-01-10 15:00:00+00:00,ADAUSDT,1h,184.88408859812031,187.91507295233112,182.83537176082055,185.85559081358556,1999.1447378184664
2026-01-10 16:00:00+00:00,ADAUSDT,1h,185.85559081358556,187.76574767492244,183.52059712409755,185.4263423239716,1627.5633353007331
2026-01-10 17:00:00+00:00,ADAUSDT,1h,185.4263423239716,187.75738807714697,184.3193649154047,186.64314646502672,2151.1445062404846
2026-01-10 18:00:00+00:00,ADAUSDT,1h,186.64314646502672,187.5063218108561,184.5695665805368,185.4271181158448,1816.798917380553
2026-01-10 19:00:00+00:00,ADAUSDT,1h,185.4271181158448,190.18424231765636,183.8935866750597,188.6242695863481,2168.594766101246
2026-01-10 20:00:00+00:00,ADAUSDT,1h,188.6242695863481,190.62870624774857,185.73013149867347,187.7250121009532,2056.4879508520494
2026-01-10 21:00:00+00:00,ADAUSDT,1h,187.7250121009532,191.56150722131645,186.67041704291975,190.49137140598503,1138.1681210708905
2026-01-10 22:00:00+00:00,ADAUSDT,1h,190.49137140598503,192.84654930862263,188.0471563071497,190.40121960002992,1269.0289436207456
2026-01-10 23:00:00+00:00,ADAUSDT,1h,190.40121960002992,192.4340738568174,188.4382842945004,190.47042507960177,1791.8958802754476
2026-01-11 00:00:00+00:00,ADAUSDT,1h,190.47042507960177,192.1904945309317,188.88855681328715,190.6074879492909,2045.563503993589
2026-01-11 01:00:00+00:00,ADAUSDT,1h,190.6074879492909,193.41268245160407,189.3551259611397,192.15018437497292,1954.6532631655784
2026-01-11 02:00:00+00:00,ADAUSDT,1h,192.15018437497292,193.457776880064,188.61591658642072,189.90825262342776,1779.637795674084
2026-01-11 03:00:00+00:00,ADAUSDT,1h,189.90825262342776,192.22245069916687,186.6295712337542,188.9318712488934,2141.391886937467
2026-01-11 04:00:00+00:00,ADAUSDT,1h,188.9318712488934,190.4742025180032,187.56897433553564,189.11002049033584,1819.1500610596624
2026-01-11 05:00:00+00:00,ADAUSDT,1h,189.11002049033584,190.46342715925675,186.75259591896392,188.0987653220584,2376.2542791775068
2026-01-11 06:00:00+00:00,ADAUSDT,1h,188.0987653220584,189.42234444108848,187.8352201327228,189.1573161161832,1790.473308909694
2026-01-11 07:00:00+00:00,ADAUSDT,1h,189.1573161161832,191.2827492709902,186.26306471891183,188.3797610115504,2148.8180755214826
2026-01-11 08:00:00+00:00,ADAUSDT,1h,188.3797610115504,189.8113628908201,186.53165771260169,187.9600701289856,1709.7803727461924
2026-01-11 09:00:00+00:00,ADAUSDT,1h,187.9600701289856,189.88015427979295,185.1540507685976,187.0649913466101,2003.589107151539
2026-01-11 10:00:00+00:00,ADAUSDT,1h,187.0649913466101,189.787102215126,185.31043017864107,188.02355031971348,1955.1359765615125
2026-01-11 11:00:00+00:00,ADAUSDT,1h,188.02355031971348,189.7442765233941,186.4468238724629,188.16635256615973,2668.874724699154
2026-01-11 12:00:00+00:00,ADAUSDT,1h,188.16635256615973,191.79218977316484,186.17295702983344,189.78168177233377,2218.905757439756
2026-01-11 13:00:00+00:00,ADAUSDT,1h,189.78168177233377,190.87428666972028,189.2814417790448,190.37248938389976,1399.897325608507
2026-01-11 14:00:00+00:00,ADAUSDT,1h,190.37248938389976,192.29328181151757,189.1768521208004,191.0931186257013,1921.6614542894008
2026-01-11 15:00:00+00:00,ADAUSDT,1h,191.0931186257013,193.92521767801668,189.31621702816585,192.13859460048687,1458.7076151722497
2026-01-11 16:00:00+00:00,ADAUSDT,1h,192.13859460048687,195.2738450219237,190.57462905372475,193.6971928312356,1363.17393440094
2026-01-11 17:00:00+00:00,ADAUSDT,1h,193.6971928312356,194.72260777494927,191.0834085296764,192.1003700418936,2331.2384881965404
2026-01-11 18:00:00+00:00,ADAUSDT,1h,192.1003700418936,194.0971604197127,190.51637521821652,192.50978966003044,2064.2475218491463
2026-01-11 19:00:00+00:00,ADAUSDT,1h,192.50978966003044,195.02838347179025,191.14052216170336,193.6509988761912,1659.564855114873
2026-01-11 20:00:00+00:00,ADAUSDT,1h,193.6509988761912,196.30850012208856,192.28034691689768,194.9288039234071,1961.153049176543
2026-01-11 21:00:00+00:00,ADAUSDT,1h,194.9288039234071,196.47236636598103,194.80347326839384,196.3461244361605,1836.1757883246903
2026-01-11 22:00:00+00:00,ADAUSDT,1h,196.3461244361605,198.80590791602023,183.72897866523704,186.05989844155127,2278.6378823023
2026-01-11 23:00:00+00:00,ADAUSDT,1h,186.05989844155127,186.93364356214693,184.21400459052697,185.08316291996965,2257.0632186971056
2026-01-12 00:00:00+00:00,ADAUSDT,1h,185.08316291996965,186.2294609312948,183.26804941111988,184.41017935165,2176.21720227168
2026-01-12 01:00:00+00:00,ADAUSDT,1h,184.41017935165,185.8979644575217,183.1477621509147,184.63401494493635,1085.266522426294
2026-01-12 02:00:00+00:00,ADAUSDT,1h,184.63401494493635,185.51947724690191,183.8134911069533,184.69866609560725,2262.10265723503
2026-01-12 03:00:00+00:00,ADAUSDT,1h,184.69866609560725,188.1224115033111,183.5500507059721,186.9597348407249,2231.101567975209
2026-01-12 04:00:00+00:00,ADAUSDT,1h,186.9597348407249,188.67611549919607,185.36968239031532,187.08499771490483,2066.012813948858
2026-01-12 05:00:00+00:00,ADAUSDT,1h,187.08499771490483,188.12384143522908,184.9936430235057,186.02660973756355,1179.8829001167323
2026-01-12 06:00:00+00:00,ADAUSDT,1h,186.02660973756355,187.26148734091797,183.99039138482644,185.21991399890376,1513.8521472306643
2026-01-12 07:00:00+00:00,ADAUSDT,1h,185.21991399890376,185.38733663314505,183.72571618951116,183.89193844977612,1517.1578658165115
2026-01-12 08:00:00+00:00,ADAUSDT,1h,183.89193844977612,185.1812855056139,182.6528221760477,183.941833028002,1805.7354261803573
2026-01-12 09:00:00+00:00,ADAUSDT,1h,183.941833028002,186.16898184311407,182.9212853243312,185.14177660190157,1612.6774480704776
2026-01-12 10:00:00+00:00,ADAUSDT,1h,185.14177660190157,186.6533396722692,181.0241383320582,182.51424933876825,1719.5709013297728
2026-01-12 11:00:00+00:00,ADAUSDT,1h,182.51424933876825,184.0627114844185,181.87889791052388,183.42419244785816,1316.6996963792471
2026-01-12 12:00:00+00:00,ADAUSDT,1h,183.42419244785816,187.17989386982185,181.33046741212863,185.067412038976,2135.307849960116
2026-01-12 13:00:00+00:00,ADAUSDT,1h,185.067412038976,186.9813931926944,183.36841428630692,185.2804397547624,1988.984550612972
2026-01-12 14:00:00+00:00,ADAUSDT,1h,185.2804397547624,188.32341746243705,183.517231778155,186.54814545572003,1452.2680185471077
2026-01-12 15:00:00+00:00,ADAUSDT,1h,186.54814545572003,187.58616780998145,184.78371369056808,185.81767141916785,2084.6388668014392
2026-01-12 16:00:00+00:00,ADAUSDT,1h,185.81767141916785,187.05172410864768,184.2558071907856,185.4876682626452,1956.14472545954
2026-01-12 17:00:00+00:00,ADAUSDT,1h,185.4876682626452,187.33902974284445,182.5270275306859,184.367205618486,1822.4870820931928
2026-01-12 18:00:00+00:00,ADAUSDT,1h,184.367205618486,188.155780462724,183.10265333510628,186.87403414676768,2005.1171306378824
2026-01-12 19:00:00+00:00,ADAUSDT,1h,186.87403414676768,188.1166577670037,185.1140875804641,186.3532482215079,1588.882386200042
2026-01-12 20:00:00+00:00,ADAUSDT,1h,186.3532482215079,187.8137181464447,184.3942992582296,185.85083169220312,2060.960985586328
2026-01-12 21:00:00+00:00,ADAUSDT,1h,185.85083169220312,187.14279772018253,183.75329212625908,185.03961890390852,2206.747285025644
2026-01-12 22:00:00+00:00,ADAUSDT,1h,185.03961890390852,187.5790092302649,179.78768149727014,182.2893282225957,1932.2657191462229
2026-01-12 23:00:00+00:00,ADAUSDT,1h,182.2893282225957,184.23750830686905,179.4919441885335,181.4309505360332,2158.987880629811
2026-01-13 00:00:00+00:00,ADAUSDT,1h,181.4309505360332,182.9816269479839,180.1310362585704,181.67992879411247,2181.80415571206
2026-01-13 01:00:00+00:00,ADAUSDT,1h,181.67992879411247,183.23731750749684,179.64765364641866,181.20093636189404,2592.242798541288
2026-01-13 02:00:00+00:00,ADAUSDT,1h,181.20093636189404,182.74765042309195,179.22290586335475,180.7659065512185,1140.8443116861863
2026-01-13 03:00:00+00:00,ADAUSDT,1h,180.7659065512185,191.4564027755363,178.2439945049693,188.8220967306181,5263.246001254047
2026-01-13 04:00:00+00:00,ADAUSDT,1h,188.8220967306181,190.2122674876908,185.4564200733348,186.83193862791512,1275.289955951563
2026-01-13 05:00:00+00:00,ADAUSDT,1h,186.83193862791512,189.49517955801852,184.64528895255023,187.30301646663565,2219.489590149434
2026-01-13 06:00:00+00:00,ADAUSDT,1h,187.30301646663565,190.07676107621245,182.3952002365057,185.1368666310959,1560.8227840750242
2026-01-13 07:00:00+00:00,ADAUSDT,1h,185.1368666310959,186.79907846424908,183.6788930570028,185.33950905833015,2256.641395617354
2026-01-13 08:00:00+00:00,ADAUSDT,1h,185.33950905833015,186.3657750194949,184.49201060958123,185.51746284485017,1149.2967161414915
2026-01-13 09:00:00+00:00,ADAUSDT,1h,185.51746284485017,188.8794499581288,183.0666744223942,186.41678104422292,2487.5398877685766
2026-01-13 10:00:00+00:00,ADAUSDT,1h,186.41678104422292,187.77524647575123,183.92890971679785,185.27908447053272,2626.933786984924
2026-01-13 11:00:00+00:00,ADAUSDT,1h,185.27908447053272,186.64278100166692,184.4067704255987,185.76816431572368,1972.339240408273
2026-01-13 12:00:00+00:00,ADAUSDT,1h,185.76816431572368,188.24820998702413,183.66612764086744,186.14194385603403,1582.44988331106
2026-01-13 13:00:00+00:00,ADAUSDT,1h,186.14194385603403,188.3260839450909,184.3131266209816,186.49380968004272,2070.3059986475005
2026-01-13 14:00:00+00:00,ADAUSDT,1h,186.49380968004272,187.60425654125697,184.8731922790306,185.98058321728607,2355.0017947896035
2026-01-13 15:00:00+00:00,ADAUSDT,1h,185.98058321728607,189.4277139587913,184.03471872010115,187.46630475929763,2241.2729029647817
2026-01-13 16:00:00+00:00,ADAUSDT,1h,187.46630475929763,189.76029562466087,183.84060556116256,186.11809867539623,1671.3278006969504
2026-01-13 17:00:00+00:00,ADAUSDT,1h,186.11809867539623,187.15247874203948,184.63867957273536,185.67057244325352,1182.0477247813285
2026-01-13 18:00:00+00:00,ADAUSDT,1h,185.67057244325352,188.25255637098843,184.07086360937265,186.64445670149692,1544.512351259994
2026-01-13 19:00:00+00:00,ADAUSDT,1h,186.64445670149692,189.3873009842937,184.44739970559397,187.18389408283508,1733.8246384746787
2026-01-13 20:00:00+00:00,ADAUSDT,1h,187.18389408283508,190.8655440340347,185.3002776831361,188.9640144271635,1387.7347514068967
2026-01-13 21:00:00+00:00,ADAUSDT,1h,188.9640144271635,191.2925757695819,187.62771545643696,189.9493090794528,2010.3162406674985
2026-01-13 22:00:00+00:00,ADAUSDT,1h,189.9493090794528,191.8204837087976,186.1431277625832,187.9950511619437,2297.699806232519
2026-01-13 23:00:00+00:00,ADAUSDT,1h,187.9950511619437,189.6018872024319,184.9948733744497,186.58969754104157,2148.44140546106
2026-01-14 00:00:00+00:00,ADAUSDT,1h,186.58969754104157,188.53049092340103,185.428210684144,187.36418303546856,1202.6388364007394
2026-01-14 01:00:00+00:00,ADAUSDT,1h,187.36418303546856,188.10087646180168,186.40188986918287,187.1376927630133,1471.7849070705215
2026-01-14 02:00:00+00:00,ADAUSDT,1h,187.1376927630133,188.32103151197077,185.79795687312375,186.98030037355332,1582.3599436442094
2026-01-14 03:00:00+00:00,ADAUSDT,1h,186.98030037355332,188.5473256637056,184.61621014018132,186.17649901448985,2350.3498620185305
2026-01-14 04:00:00+00:00,ADAUSDT,1h,186.17649901448985,188.96955954748785,184.111795553296,186.89686717978805,1805.943755940201
2026-01-14 05:00:00+00:00,ADAUSDT,1h,186.89686717978805,188.21954610096543,183.96729723781357,185.278523052814,1385.4746305626809
2026-01-14 06:00:00+00:00,ADAUSDT,1h,185.278523052814,187.17065286748684,183.40139552517564,185.2933748704083,2182.715041152956
2026-01-14 07:00:00+00:00,ADAUSDT,1h,185.2933748704083,187.96167933270672,184.0198954886711,186.678679069094,2573.754295421634
2026-01-14 08:00:00+00:00,ADAUSDT,1h,186.678679069094,187.718479484674,184.97013543321455,186.0061900845268,2398.3590602577947
2026-01-14 09:00:00+00:00,ADAUSDT,1h,186.0061900845268,187.91832082088277,183.9415027387,185.85204891451644,1833.6484178100757
2026-01-14 10:00:00+00:00,ADAUSDT,1h,185.85204891451644,187.13298335887956,183.40671802461367,184.67957148881763,1690.9207586017474
2026-01-14 11:00:00+00:00,ADAUSDT,1h,184.67957148881763,186.11689190054284,181.89774429361103,183.3245186274953,1996.20979809622
2026-01-14 12:00:00+00:00,ADAUSDT,1h,183.3245186274953,185.8053442332308,181.84052823717352,184.31334937445524,2009.0966126352373
2026-01-14 13:00:00+00:00,ADAUSDT,1h,184.31334937445524,185.009407948615,183.51424574893716,184.20991369871064,2028.964745726537
2026-01-14 14:00:00+00:00,ADAUSDT,1h,184.20991369871064,185.47620443361737,182.3080549614725,183.56994645108324,1935.588789085604
2026-01-14 15:00:00+00:00,ADAUSDT,1h,183.56994645108324,185.17298445776947,181.93414470431935,183.53689407874256,2081.683545022922
2026-01-14 16:00:00+00:00,ADAUSDT,1h,183.53689407874256,184.88332304004783,181.7771405173639,183.12051491589835,1572.8476619694843
2026-01-14 17:00:00+00:00,ADAUSDT,1h,183.12051491589835,185.05703992662745,179.96429431111028,181.88778300983077,1417.524951800733
2026-01-14 18:00:00+00:00,ADAUSDT,1h,181.88778300983077,182.25073372919132,180.9489170117618,181.31071621448385,1766.8667276603326
2026-01-14 19:00:00+00:00,ADAUSDT,1h,181.31071621448385,183.85529341761392,179.40938540145746,181.9472871473689,1655.659423150113
2026-01-14 20:00:00+00:00,ADAUSDT,1h,181.9472871473689,184.4398718389037,180.23275640497053,182.71807776093365,2542.7172410810745
2026-01-14 21:00:00+00:00,ADAUSDT,1h,182.71807776093365,184.22810373367884,180.99252622338597,182.5007561986717,1491.6841088148835
2026-01-14 22:00:00+00:00,ADAUSDT,1h,182.5007561986717,184.3231716211145,180.6204163108028,182.44224747705496,1973.0341829624383
2026-01-14 23:00:00+00:00,ADAUSDT,1h,182.44224747705496,185.28121919198264,180.5097102280263,183.33918108646887,2343.644987303648
2026-01-15 00:00:00+00:00,ADAUSDT,1h,183.33918108646887,185.26543171024232,181.0919415016224,183.01478385022543,1860.057080440067
2026-01-15 01:00:00+00:00,ADAUSDT,1h,183.01478385022543,185.6540565052317,181.67947068171563,184.30929829545707,2340.437244490574
2026-01-15 02:00:00+00:00,ADAUSDT,1h,184.30929829545707,186.5955796472492,182.46069449662733,184.74262957905367,1818.6574825563696
2026-01-15 03:00:00+00:00,ADAUSDT,1h,184.74262957905367,187.3957803364755,182.5265674130813,185.17453726405984,1925.5027493898604
2026-01-15 04:00:00+00:00,ADAUSDT,1h,185.17453726405984,186.35031626344505,181.6176885655669,182.7782521810295,2316.9654760039084
2026-01-15 05:00:00+00:00,ADAUSDT,1h,182.7782521810295,184.3461205899461,180.3611539243537,181.9216746271263,2431.992247944554
2026-01-15 06:00:00+00:00,ADAUSDT,1h,181.9216746271263,183.301478315901,179.95980376076494,181.335158961028,1797.562400720321
2026-01-15 07:00:00+00:00,ADAUSDT,1h,181.335158961028,182.316441927341,179.98636774629904,180.96565114602572,2285.2843927322924
2026-01-15 08:00:00+00:00,ADAUSDT,1h,180.96565114602572,181.84568648342943,180.16863323987863,181.048304551052,2022.1080578586827
2026-01-15 09:00:00+00:00,ADAUSDT,1h,181.048304551052,182.76159232084015,177.32741558966475,179.02152362183162,1631.4716909469812
2026-01-15 10:00:00+00:00,ADAUSDT,1h,179.02152362183162,180.17581589419973,177.21300842787528,178.36305503645775,1464.7853292478828
2026-01-15 11:00:00+00:00,ADAUSDT,1h,178.36305503645775,179.7026702119896,177.0246247513492,178.36423110172734,1644.0082702408038
2026-01-15 12:00:00+00:00,ADAUSDT,1h,178.36423110172734,180.24262494312316,177.41191552899514,179.2853911474317,1988.871146592702
2026-01-15 13:00:00+00:00,ADAUSDT,1h,179.2853911474317,180.65827788320044,177.1962925448988,178.56365253157736,1303.1869276145867
2026-01-15 14:00:00+00:00,ADAUSDT,1h,178.56365253157736,181.54042091279427,177.0688027333482,180.03326819264748,1741.1134039386727
2026-01-15 15:00:00+00:00,ADAUSDT,1h,180.03326819264748,181.03713760724744,179.05749699210315,180.06121493676466,1577.963275677488
2026-01-15 16:00:00+00:00,ADAUSDT,1h,180.06121493676466,181.62287473529395,178.65715334742964,180.21759375238503,1481.2336453118833
2026-01-15 17:00:00+00:00,ADAUSDT,1h,180.21759375238503,182.6808512251445,178.76306573411557,181.21824698009848,1908.2532974591425
2026-01-15 18:00:00+00:00,ADAUSDT,1h,181.21824698009848,182.8208960387389,179.95123726195698,181.5515559498382,2005.1664120912828
2026-01-15 19:00:00+00:00,ADAUSDT,1h,181.5515559498382,182.34296268624936,179.50932478752074,180.2952551460852,1503.5597847253557
2026-01-15 20:00:00+00:00,ADAUSDT,1h,180.2952551460852,182.209528414045,178.0388136496853,179.9494149819603,1180.9098406691908
2026-01-15 21:00:00+00:00,ADAUSDT,1h,179.9494149819603,182.59973225731645,178.25287722823668,180.89428638897311,2186.652614309868
2026-01-15 22:00:00+00:00,ADAUSDT,1h,180.89428638897311,182.9337255537385,178.575128197606,180.611377793026,1820.1780454113125
2026-01-15 23:00:00+00:00,ADAUSDT,1h,180.611377793026,181.5761659141654,179.6493198496196,180.61409350504616,2261.782971459751
2026-01-16 00:00:00+00:00,ADAUSDT,1h,180.61409350504616,181.4377239980124,178.10370100514638,178.91960434395764,1550.5431468177037
2026-01-16 01:00:00+00:00,ADAUSDT,1h,178.91960434395764,179.82851865576183,177.508996374346,178.4153490616453,1987.8572602150175
2026-01-16 02:00:00+00:00,ADAUSDT,1h,178.4153490616453,179.16732897093186,177.69776663053153,178.44960874814683,2304.4043349317544
2026-01-16 03:00:00+00:00,ADAUSDT,1h,178.44960874814683,180.6172303894741,174.9860250171903,177.1377110798579,2062.0967188093136
2026-01-16 04:00:00+00:00,ADAUSDT,1h,177.1377110798579,180.4713360538169,175.66166225186714,178.97993637550775,1878.703326346895
2026-01-16 05:00:00+00:00,ADAUSDT,1h,178.97993637550775,180.17008899232167,178.05633946990702,179.2451236309405,1637.1834551431127
2026-01-16 06:00:00+00:00,ADAUSDT,1h,179.2451236309405,180.81135133166015,177.81042095123007,179.37560426695148,1975.1365023612263
2026-01-16 07:00:00+00:00,ADAUSDT,1h,179.37560426695148,181.2847458522783,176.67204980531037,178.57264528769934,1713.5445277623608
2026-01-16 08:00:00+00:00,ADAUSDT,1h,178.57264528769934,180.5329044712413,176.27250068501303,178.22898740656106,2024.2138055072448
2026-01-16 09:00:00+00:00,ADAUSDT,1h,178.22898740656106,180.3081446199961,176.7146211923269,178.7890199521665,2403.9391861186323
2026-01-16 10:00:00+00:00,ADAUSDT,1h,178.7890199521665,180.4499026252102,175.16185525805705,176.8043006359918,1990.1577355067889
2026-01-16 11:00:00+00:00,ADAUSDT,1h,176.8043006359918,179.40430356898943,174.7078780171289,177.30197981601285,2043.693299268445
2026-01-16 12:00:00+00:00,ADAUSDT,1h,177.30197981601285,179.40546920001367,176.0042480787254,178.10188270931366,1607.299004297292
2026-01-16 13:00:00+00:00,ADAUSDT,1h,178.10188270931366,180.2567616184264,176.3334634697446,178.4845428482648,2150.1716081323543
2026-01-16 14:00:00+00:00,ADAUSDT,1h,178.4845428482648,181.5137890109907,176.78198198878064,179.7986925014868,1771.3764166216183
2026-01-16 15:00:00+00:00,ADAUSDT,1h,179.7986925014868,180.7607884323832,178.7319460074654,179.69347894464084,2041.716786697462
2026-01-16 16:00:00+00:00,ADAUSDT,1h,179.69347894464084,180.7593837963827,178.49571050247442,179.56082849898684,1430.1204082223626
2026-01-16 17:00:00+00:00,ADAUSDT,1h,179.56082849898684,180.9227729274659,177.20562214022098,178.55997523299092,1929.7246101699768
2026-01-16 18:00:00+00:00,ADAUSDT,1h,178.55997523299092,180.03217334882123,176.04305817007383,177.50657113952923,1832.1264299111256
2026-01-16 19:00:00+00:00,ADAUSDT,1h,177.50657113952923,178.37847908516645,174.9808089297434,175.84455308324738,2358.743677203194
2026-01-16 20:00:00+00:00,ADAUSDT,1h,175.84455308324738,177.27370853270327,175.1769130289962,176.60318812117632,1959.7123673355893
2026-01-16 21:00:00+00:00,ADAUSDT,1h,176.60318812117632,178.0623279898942,173.28558030838408,174.72923712358696,1639.3439299075187
2026-01-16 22:00:00+00:00,ADAUSDT,1h,174.72923712358696,176.54307606024298,173.29323554138196,175.10399455692078,2032.3524212177372
2026-01-16 23:00:00+00:00,ADAUSDT,1h,175.10399455692078,178.79999663346047,172.948434946228,176.62570451733194,1210.446953792811
2026-01-17 00:00:00+00:00,ADAUSDT,1h,176.62570451733194,178.15178289928633,175.64642520268438,177.16948864100192,1904.871573777266
2026-01-17 01:00:00+00:00,ADAUSDT,1h,177.16948864100192,179.42040777941395,175.70886837149533,177.9533254047565,1957.891043829008
2026-01-17 02:00:00+00:00,ADAUSDT,1h,177.9533254047565,180.358491679041,177.06336572991998,179.46099203549971,2143.2306895214856
2026-01-17 03:00:00+00:00,ADAUSDT,1h,179.46099203549971,181.38590330536928,177.47913597796747,179.40342983157407,3075.010031206816
2026-01-17 04:00:00+00:00,ADAUSDT,1h,179.40342983157407,188.5601375834283,178.3033716612198,187.41097906993988,5902.675366090122
2026-01-17 05:00:00+00:00,ADAUSDT,1h,187.41097906993988,188.74283008810545,186.4336920941061,187.7637037683043,1749.22037192397
2026-01-17 06:00:00+00:00,ADAUSDT,1h,187.7637037683043,188.9717626596079,185.1675401880835,186.3666102749335,2011.7317676832831
2026-01-17 07:00:00+00:00,ADAUSDT,1h,186.3666102749335,188.07595292505883,184.64004854727048,186.34923180316235,1946.8386487063035
2026-01-17 08:00:00+00:00,ADAUSDT,1h,186.34923180316235,188.30703378245,183.17802604792783,185.122944541706,1854.585483889178
2026-01-17 09:00:00+00:00,ADAUSDT,1h,185.122944541706,186.65915905196164,174.6443774094383,176.10576422462364,1875.4642977815447
2026-01-17 10:00:00+00:00,ADAUSDT,1h,176.10576422462364,177.88257464038344,174.5439555558565,176.31887597229465,1621.1012329771677
2026-01-17 11:00:00+00:00,ADAUSDT,1h,176.31887597229465,177.2770796426166,175.9365921147624,176.8935498122346,1426.8379755745611
2026-01-17 12:00:00+00:00,ADAUSDT,1h,176.8935498122346,178.06604263588366,174.45371364320386,175.61775016114305,2182.149967737237
2026-01-17 13:00:00+00:00,ADAUSDT,1h,175.61775016114305,177.2522646629945,173.54276051391193,175.17313689860455,2484.391316420406
2026-01-17 14:00:00+00:00,ADAUSDT,1h,175.17313689860455,176.6353566777153,173.25360751487318,174.71197786897284,1991.0269288581335
2026-01-17 15:00:00+00:00,ADAUSDT,1h,174.71197786897284,177.73451929793245,172.3671627235996,175.3807288242077,2417.6079591013936
2026-01-17 16:00:00+00:00,ADAUSDT,1h,175.3807288242077,178.40485026379372,173.42055907940417,176.43292053616125,1959.899345880144
2026-01-17 17:00:00+00:00,ADAUSDT,1h,176.43292053616125,178.13308680198352,175.04964451417283,176.74734561267977,1803.6541415636127
2026-01-17 18:00:00+00:00,ADAUSDT,1h,176.74734561267977,178.95728560829284,174.440275779724,176.64898594662756,1735.6458533580296
2026-01-17 19:00:00+00:00,ADAUSDT,1h,176.64898594662756,179.74901961026526,175.71910670097148,178.8077765035384,2283.796976505444
2026-01-17 20:00:00+00:00,ADAUSDT,1h,178.8077765035384,179.00626501442417,178.25996099258563,178.45806129635835,1864.9632781259293
2026-01-17 21:00:00+00:00,ADAUSDT,1h,178.45806129635835,180.1682342678535,173.90136460722928,175.58399525292492,1614.9862734663177
2026-01-17 22:00:00+00:00,ADAUSDT,1h,175.58399525292492,179.35846188452447,173.74766361197075,177.50207020495992,2344.7563230705755
2026-01-17 23:00:00+00:00,ADAUSDT,1h,177.50207020495992,178.76888645149523,175.24647658302226,176.50618528884007,1800.7848830202834
2026-01-18 00:00:00+00:00,ADAUSDT,1h,176.50618528884007,178.2378086336939,176.023550808487,177.75176825972352,2311.5839765427004
2026-01-18 01:00:00+00:00,ADAUSDT,1h,177.75176825972352,179.71731860581565,174.63539726631993,176.58807973261773,1663.3428005115793
2026-01-18 02:00:00+00:00,ADAUSDT,1h,176.58807973261773,178.56427644573753,175.18133161612212,177.15302780105006,1858.160362269076
2026-01-18 03:00:00+00:00,ADAUSDT,1h,177.15302780105006,177.3846211509586,176.92090643015376,177.1524990888733,2072.268485851113
2026-01-18 04:00:00+00:00,ADAUSDT,1h,177.1524990888733,179.38689268658734,174.42638415372542,176.6544965319789,1153.0625496125167
2026-01-18 05:00:00+00:00,ADAUSDT,1h,176.6544965319789,177.96437322012866,175.41165584285238,176.72106419871275,2024.372400003952
2026-01-18 06:00:00+00:00,ADAUSDT,1h,176.72106419871275,178.4610874705325,175.22130721778623,176.95930860998124,2437.723138893838
2026-01-18 07:00:00+00:00,ADAUSDT,1h,176.95930860998124,178.6307704132888,174.6878805760432,176.35362138581905,2145.797183616812
2026-01-18 08:00:00+00:00,ADAUSDT,1h,176.35362138581905,178.17787369569942,174.76346696928738,176.58562731614558,1987.4308929444985
2026-01-18 09:00:00+00:00,ADAUSDT,1h,176.58562731614558,177.65151373499714,174.89753749468622,175.95964543168037,1868.7058228628148
2026-01-18 10:00:00+00:00,ADAUSDT,1h,175.95964543168037,178.58622789555042,174.53853652489676,177.15546118110183,1772.5814213843612
2026-01-18 11:00:00+00:00,ADAUSDT,1h,177.15546118110183,178.41528732925576,174.23207215254578,175.4799832806628,1502.9189111810117
2026-01-18 12:00:00+00:00,ADAUSDT,1h,175.4799832806628,176.30340605736026,173.62310437403391,174.4416548956403,1929.879317254924
2026-01-18 13:00:00+00:00,ADAUSDT,1h,174.4416548956403,175.0288532383313,172.67199115702945,173.2551956894118,1677.7909328759467
2026-01-18 14:00:00+00:00,ADAUSDT,1h,173.2551956894118,174.9988124358916,170.82244530530662,172.5590561985459,1868.8655008886583
2026-01-18 15:00:00+00:00,ADAUSDT,1h,172.5590561985459,173.18611895949826,171.28944592143333,171.91416521150822,2115.2154441328025
2026-01-18 16:00:00+00:00,ADAUSDT,1h,171.91416521150822,176.1239301247416,170.43378513497203,174.62024754508033,1922.1278979358256
2026-01-18 17:00:00+00:00,ADAUSDT,1h,174.62024754508033,176.82877738943267,172.2240250717548,174.43015064348472,2205.200998680458
2026-01-18 18:00:00+00:00,ADAUSDT,1h,174.43015064348472,176.47090325854128,173.19080413596197,175.2259028391181,1530.599269256841
2026-01-18 19:00:00+00:00,ADAUSDT,1h,175.2259028391181,176.17782271516796,173.1768166330818,174.12274356389054,1846.48335370422
2026-01-18 20:00:00+00:00,ADAUSDT,1h,174.12274356389054,176.49137170646785,170.71019579970897,173.06442744652688,2042.5068791820995
2026-01-18 21:00:00+00:00,ADAUSDT,1h,173.06442744652688,175.196739340053,171.15785196012942,173.28770411179542,2602.496592881935
2026-01-18 22:00:00+00:00,ADAUSDT,1h,173.28770411179542,175.86752642854032,171.7514862790282,174.32213820421103,1664.2589943229327
2026-01-18 23:00:00+00:00,ADAUSDT,1h,174.32213820421103,175.4459471517987,172.52363747665908,173.64306864149071,2625.94743527868
2026-01-19 00:00:00+00:00,ADAUSDT,1h,173.64306864149071,178.7903991787512,171.24837823220105,176.3582638431558,1967.9699034238408
2026-01-19 01:00:00+00:00,ADAUSDT,1h,176.3582638431558,178.26565523111995,174.8914937500594,176.79525072208452,1969.371556407554
2026-01-19 02:00:00+00:00,ADAUSDT,1h,176.79525072208452,179.24021946479323,174.68362863718943,177.12466291861378,1885.8416021871385
2026-01-19 03:00:00+00:00,ADAUSDT,1h,177.12466291861378,178.38997873891276,175.2324763625578,176.4932818200451,1651.2531065740473
2026-01-19 04:00:00+00:00,ADAUSDT,1h,176.4932818200451,177.57145619062155,173.998893031114,175.06836275753912,1836.632803004186
2026-01-19 05:00:00+00:00,ADAUSDT,1h,175.06836275753912,176.66189277470235,172.78065549048216,174.36780883462913,2417.8916274372987
2026-01-19 06:00:00+00:00,ADAUSDT,1h,174.36780883462913,177.54612405658355,171.99127117484295,175.15880554519416,2630.41245378898
2026-01-19 07:00:00+00:00,ADAUSDT,1h,175.15880554519416,177.67179479164827,173.74955014831,176.25373008420175,1613.699577460334
2026-01-19 08:00:00+00:00,ADAUSDT,1h,176.25373008420175,177.89735219492587,175.45578332811678,177.09559410015163,2387.464381553116
2026-01-19 09:00:00+00:00,ADAUSDT,1h,177.09559410015163,179.49576082274783,176.1249672522905,178.5173416503508,1484.489338774856
2026-01-19 10:00:00+00:00,ADAUSDT,1h,178.5173416503508,180.2988114208622,176.0880474011809,177.86298720291427,2780.701071469331
2026-01-19 11:00:00+00:00,ADAUSDT,1h,177.86298720291427,180.25142643634723,175.94208968371564,178.32553347653732,1696.2948715324208
2026-01-19 12:00:00+00:00,ADAUSDT,1h,178.32553347653732,179.81366199788604,175.66910690965895,177.1474039270709,2479.351059269315
2026-01-19 13:00:00+00:00,ADAUSDT,1h,177.1474039270709,179.01230328118692,174.65848323497784,176.51674338118784,1648.2828308359626
2026-01-19 14:00:00+00:00,ADAUSDT,1h,176.51674338118784,178.16465670176788,173.7246170350817,175.36174762276593,1769.61492442451
2026-01-19 15:00:00+00:00,ADAUSDT,1h,175.36174762276593,176.6667310111463,173.70559594309685,175.00794646174262,2102.464043289257
2026-01-19 16:00:00+00:00,ADAUSDT,1h,175.00794646174262,177.60930603759743,173.8901098164325,176.4820537561058,2008.4171708650804
2026-01-19 17:00:00+00:00,ADAUSDT,1h,176.4820537561058,177.46935876273236,175.09022919706416,176.07525844226635,2141.4196877146405
2026-01-19 18:00:00+00:00,ADAUSDT,1h,176.07525844226635,178.06066947884705,173.80754481050275,175.78973632166887,1872.47272226996
2026-01-19 19:00:00+00:00,ADAUSDT,1h,175.78973632166887,178.62472730782676,171.51622676915852,174.32763825097194,2286.699873503326
2026-01-19 20:00:00+00:00,ADAUSDT,1h,174.32763825097194,176.05920499241353,171.23377497827,172.95167450617143,1939.1514111648576
2026-01-19 21:00:00+00:00,ADAUSDT,1h,172.95167450617143,175.11316284506583,171.83410401232203,173.98889012313683,1709.7360639279748
2026-01-19 22:00:00+00:00,ADAUSDT,1h,173.98889012313683,175.72829570557315,169.9820343685919,171.69854284049242,2137.056532848838
2026-01-19 23:00:00+00:00,ADAUSDT,1h,171.69854284049242,173.68337617381286,170.11123139040214,172.09242339339303,1599.6976806176583
2026-01-20 00:00:00+00:00,ADAUSDT,1h,172.09242339339303,173.73350304621127,169.91582685319895,171.551750630749,1522.1401231450095
2026-01-20 01:00:00+00:00,ADAUSDT,1h,171.551750630749,172.99620509593407,170.23871943910427,171.682175650882,1949.7005750819328
2026-01-20 02:00:00+00:00,ADAUSDT,1h,171.682175650882,173.47218287361804,170.38080730030887,172.1671384556666,2448.686122483357
2026-01-20 03:00:00+00:00,ADAUSDT,1h,172.1671384556666,173.34974539679797,170.48791826373684,171.66709040130883,1612.3179616182665
2026-01-20 04:00:00+00:00,ADAUSDT,1h,171.66709040130883,174.63327739570096,169.66540927522308,172.62047951456705,1295.7610026398108
2026-01-20 05:00:00+00:00,ADAUSDT,1h,172.62047951456705,174.42358215470878,171.9803025692917,173.77910834115335,1720.0656813114083
2026-01-20 06:00:00+00:00,ADAUSDT,1h,173.77910834115335,175.58182787642295,171.69032417897952,173.49004507998978,1816.6603942831264
2026-01-20 07:00:00+00:00,ADAUSDT,1h,173.49004507998978,175.38980936082632,170.10569578352482,171.9890234598438,1769.128971772029
2026-01-20 08:00:00+00:00,ADAUSDT,1h,171.9890234598438,173.20742427427552,169.4035636603954,170.61221088984328,2262.684757159771
2026-01-20 09:00:00+00:00,ADAUSDT,1h,170.61221088984328,172.5119591206429,168.0676341892011,169.9601214759931,1822.3022869174235
2026-01-20 10:00:00+00:00,ADAUSDT,1h,169.9601214759931,171.00691952238995,168.9775907006644,170.0240193566789,2014.25391879947
2026-01-20 11:00:00+00:00,ADAUSDT,1h,170.0240193566789,171.488180978833,167.92426405300242,169.3829047172708,1724.885570386544
2026-01-20 12:00:00+00:00,ADAUSDT,1h,169.3829047172708,171.19266279159393,167.26024221294247,169.06662097900508,2144.538114560577
2026-01-20 13:00:00+00:00,ADAUSDT,1h,169.06662097900508,171.20498442112032,167.41170655665582,169.545383614283,1744.8038295474448
2026-01-20 14:00:00+00:00,ADAUSDT,1h,169.545383614283,170.45157471165783,168.78952696562064,169.69505082597237,1335.374578565565
2026-01-20 15:00:00+00:00,ADAUSDT,1h,169.69505082597237,170.48027742960997,168.76016223050107,169.54469308670016,1833.5125552261625
2026-01-20 16:00:00+00:00,ADAUSDT,1h,169.54469308670016,171.29063901789883,166.12205249722325,167.8505524208318,2487.870506557215
2026-01-20 17:00:00+00:00,ADAUSDT,1h,167.8505524208318,169.15679325916494,166.38017346867983,167.68512693847208,2238.730310529281
2026-01-20 18:00:00+00:00,ADAUSDT,1h,167.68512693847208,169.2239484960672,165.79564559803907,167.33121939859274,1537.0835832392092
2026-01-20 19:00:00+00:00,ADAUSDT,1h,167.33121939859274,168.5311788009429,166.5845397047412,167.78248542917297,1312.1875277053762
2026-01-20 20:00:00+00:00,ADAUSDT,1h,167.78248542917297,169.5501263323916,166.38867142518066,168.15323243382213,1930.0276357217444
2026-01-20 21:00:00+00:00,ADAUSDT,1h,168.15323243382213,170.29281015984705,164.6908718779517,166.81340162871166,1953.447927692613
2026-01-20 22:00:00+00:00,ADAUSDT,1h,166.81340162871166,167.74827806147945,164.80057507543424,165.72937627837842,2091.364127811456
2026-01-20 23:00:00+00:00,ADAUSDT,1h,165.72937627837842,166.16392063300884,164.81518001451718,165.2484634100062,2261.197536689831
2026-01-21 00:00:00+00:00,ADAUSDT,1h,165.2484634100062,166.33603924064863,163.77595970750463,164.86098536766403,1647.7645329599902
2026-01-21 01:00:00+00:00,ADAUSDT,1h,164.86098536766403,167.20028001331497,163.16160036173343,165.4943661263279,1861.023209269758
2026-01-21 02:00:00+00:00,ADAUSDT,1h,165.4943661263279,167.85075611049407,164.46306087751935,166.8112445182947,1919.8574197844096
2026-01-21 03:00:00+00:00,ADAUSDT,1h,166.8112445182947,169.03218562471113,164.14100668840692,166.35588509525084,1980.192532930443
2026-01-21 04:00:00+00:00,ADAUSDT,1h,166.35588509525084,168.6236180312089,164.55353828512014,166.8162831381883,1600.5902472528214
2026-01-21 05:00:00+00:00,ADAUSDT,1h,166.8162831381883,176.49879735695464,165.98964599512803,175.6284924174084,6352.958702394737
2026-01-21 06:00:00+00:00,ADAUSDT,1h,175.6284924174084,179.72143588382568,173.17230631610144,177.24267523694388,1741.2814378637954
2026-01-21 07:00:00+00:00,ADAUSDT,1h,177.24267523694388,178.3243343579111,175.35059283319143,176.42727581497078,1220.0187273202357
2026-01-21 08:00:00+00:00,ADAUSDT,1h,176.42727581497078,178.68222070975202,172.35187433320348,174.58325044834382,1660.240430114348
2026-01-21 09:00:00+00:00,ADAUSDT,1h,174.58325044834382,175.72086027413997,174.21194709487503,175.34793060025382,1909.8356505767947
2026-01-21 10:00:00+00:00,ADAUSDT,1h,175.34793060025382,177.13712152480525,172.86381678884615,174.64584385795158,1720.424885561893
2026-01-21 11:00:00+00:00,ADAUSDT,1h,174.64584385795158,177.62064815207964,172.1463940264524,175.11449125765617,2468.55001724118
2026-01-21 12:00:00+00:00,ADAUSDT,1h,175.11449125765617,177.73021917756378,173.31011696843493,175.91756998998076,1823.485175909043
2026-01-21 13:00:00+00:00,ADAUSDT,1h,175.91756998998076,177.79047845990837,172.67096846048094,174.5290945099431,1698.5718805791687
2026-01-21 14:00:00+00:00,ADAUSDT,1h,174.5290945099431,176.64875532342035,171.33951784814158,173.44602474858294,1831.57575621628
2026-01-21 15:00:00+00:00,ADAUSDT,1h,173.44602474858294,175.647685695459,171.6795912957596,173.87686442448063,1380.97974591212
2026-01-21 16:00:00+00:00,ADAUSDT,1h,173.87686442448063,176.8511819575249,172.64742163269335,175.60948818684764,1615.0648271296443
2026-01-21 17:00:00+00:00,ADAUSDT,1h,175.60948818684764,178.86857450624268,173.4336688944988,176.67949768811943,1060.5022357014118
2026-01-21 18:00:00+00:00,ADAUSDT,1h,176.67949768811943,177.83009989958353,175.5714615984549,176.7217985224821,2613.227369724026
2026-01-21 19:00:00+00:00,ADAUSDT,1h,176.7217985224821,179.74020551970634,174.88759769904624,177.893840042341,1242.8559018516266
2026-01-21 20:00:00+00:00,ADAUSDT,1h,177.893840042341,179.91664800513266,173.7894126822524,175.78827857657168,2400.7955322293647
2026-01-21 21:00:00+00:00,ADAUSDT,1h,175.78827857657168,177.13548944365513,174.59487400366626,175.9410477400617,2004.5915503042013
2026-01-21 22:00:00+00:00,ADAUSDT,1h,175.9410477400617,176.81986685445102,174.27666681259458,175.15154237649742,2313.853662498332
2026-01-21 23:00:00+00:00,ADAUSDT,1h,175.15154237649742,177.35170441316083,173.37424026187327,175.57015454664645,2093.4543751595293
2026-01-22 00:00:00+00:00,ADAUSDT,1h,175.57015454664645,177.9810553183288,174.03561182401796,176.4389192970056,1818.354883396542
2026-01-22 01:00:00+00:00,ADAUSDT,1h,176.4389192970056,178.47348337871915,171.92416225824317,173.92979293688947,1828.487834947624
2026-01-22 02:00:00+00:00,ADAUSDT,1h,173.92979293688947,175.8284448872818,171.11776748249576,173.00633882553487,2139.711814767277
2026-01-22 03:00:00+00:00,ADAUSDT,1h,173.00633882553487,175.1182703510272,171.79652961602625,173.9021965334539,2012.6150628662149
2026-01-22 04:00:00+00:00,ADAUSDT,1h,173.9021965334539,175.28280499085392,171.01174840861546,172.38027433514253,1929.9556282768156
2026-01-22 05:00:00+00:00,ADAUSDT,1h,172.38027433514253,174.23135326636657,171.22694214755694,173.07338374198872,1989.002040028122
2026-01-22 06:00:00+00:00,ADAUSDT,1h,173.07338374198872,173.62280287581925,171.552882695201,172.0992093254207,1258.8021748093431
2026-01-22 07:00:00+00:00,ADAUSDT,1h,172.0992093254207,173.10497602180385,171.4259861485957,172.4304570595261,1885.6974059638835
2026-01-22 08:00:00+00:00,ADAUSDT,1h,172.4304570595261,174.06565790859486,170.91448946643922,172.5486511808868,1540.0829498347543
2026-01-22 09:00:00+00:00,ADAUSDT,1h,172.5486511808868,174.04508090861668,170.59785236830191,172.0903071028972,1718.7795312094715
2026-01-22 10:00:00+00:00,ADAUSDT,1h,172.0903071028972,172.497625661466,171.5814529920052,171.98853065708093,2876.828220107164
2026-01-22 11:00:00+00:00,ADAUSDT,1h,171.98853065708093,173.8403595365434,170.08128354423312,171.93250923176836,2557.128437092113
2026-01-22 12:00:00+00:00,ADAUSDT,1h,171.93250923176836,175.96571509648896,170.9877282573929,175.0040557624764,1622.6937794684125
2026-01-22 13:00:00+00:00,ADAUSDT,1h,175.0040557624764,175.97861550551252,173.6720943227512,174.64465262744693,1532.270870735145
2026-01-22 14:00:00+00:00,ADAUSDT,1h,174.64465262744693,176.78437648556752,173.2303281954813,175.36422474420544,2127.3682049465046
2026-01-22 15:00:00+00:00,ADAUSDT,1h,175.36422474420544,177.7766330641766,173.9639724712072,176.36836292565854,2014.2571837331031
2026-01-22 16:00:00+00:00,ADAUSDT,1h,176.36836292565854,178.2472542259808,174.92489660849722,176.80025315356994,2159.0202750466588
2026-01-22 17:00:00+00:00,ADAUSDT,1h,176.80025315356994,177.54368754805697,176.23144319806815,176.9743175844138,2603.638506698832
2026-01-22 18:00:00+00:00,ADAUSDT,1h,176.9743175844138,178.53667926730816,174.57287075686477,176.127758864358,2077.9865786552773
2026-01-22 19:00:00+00:00,ADAUSDT,1h,176.127758864358,177.47199059100691,174.21217561357744,175.55201316842778,1645.3104133652002
2026-01-22 20:00:00+00:00,ADAUSDT,1h,175.55201316842778,177.02178371302935,165.46721785034947,166.86425202929868,1563.0072207311778
2026-01-22 21:00:00+00:00,ADAUSDT,1h,166.86425202929868,168.73505236592413,165.49937301554473,167.3660687039923,2098.9231321198085
2026-01-22 22:00:00+00:00,ADAUSDT,1h,167.3660687039923,169.98392750832525,165.81060411112526,168.4186801687157,1735.275275477809
2026-01-22 23:00:00+00:00,ADAUSDT,1h,168.4186801687157,169.9904007531187,166.95881530797905,168.5295746512764,2444.113818617586
2026-01-23 00:00:00+00:00,ADAUSDT,1h,168.5295746512764,170.02645489147946,165.3482853248776,166.83007056415025,1912.8904444053976
2026-01-23 01:00:00+00:00,ADAUSDT,1h,166.83007056415025,168.61192411648395,164.14103019905522,165.91308980102573,2019.422192150509
2026-01-23 02:00:00+00:00,ADAUSDT,1h,165.91308980102573,167.28899825419907,163.0081349195751,164.3712570354068,2856.318109616797
2026-01-23 03:00:00+00:00,ADAUSDT,1h,164.3712570354068,165.87966929843128,160.77688368280388,162.26597607399322,1792.988313057807
2026-01-23 04:00:00+00:00,ADAUSDT,1h,162.26597607399322,164.80497722106196,161.20119197035456,163.7305824178132,1912.4732829111408
2026-01-23 05:00:00+00:00,ADAUSDT,1h,163.7305824178132,165.54767135710628,162.04106538675822,163.85685137125697,1754.2099008002542
2026-01-23 06:00:00+00:00,ADAUSDT,1h,163.85685137125697,165.8385675977963,161.7741968669818,163.75467738167023,1498.0290934428458
2026-01-23 07:00:00+00:00,ADAUSDT,1h,163.75467738167023,164.72550696410494,162.17044734230203,163.13761865447515,1755.8889610993533
2026-01-23 08:00:00+00:00,ADAUSDT,1h,163.13761865447515,165.49157521602015,161.45805557737265,163.80513975835632,2274.826642731977
2026-01-23 09:00:00+00:00,ADAUSDT,1h,163.80513975835632,165.21862011541288,163.0942220436138,164.50466644031604,1690.0846018032616
2026-01-23 10:00:00+00:00,ADAUSDT,1h,164.50466644031604,165.43037657687222,162.96507919709242,163.88731533996946,1850.8417798590335
2026-01-23 11:00:00+00:00,ADAUSDT,1h,163.88731533996946,167.21508488433923,162.3834155070017,165.69460063150697,1778.3713444673292
2026-01-23 12:00:00+00:00,ADAUSDT,1h,165.69460063150697,167.38826110517135,164.90617094604758,166.59554443127683,1718.3638702502294
2026-01-23 13:00:00+00:00,ADAUSDT,1h,166.59554443127683,167.66155697714902,164.89969831404787,165.9616547227388,1822.7511494634675
2026-01-23 14:00:00+00:00,ADAUSDT,1h,165.9616547227388,168.45811544863798,164.79491721390986,167.28209502903007,1847.2167327761751
2026-01-23 15:00:00+00:00,ADAUSDT,1h,167.28209502903007,168.10057634022905,165.01475521228662,165.8261126627038,2282.6108294040623
2026-01-23 16:00:00+00:00,ADAUSDT,1h,165.8261126627038,167.1644740157881,164.8947279624496,166.23081624335543,1910.455925464117
2026-01-23 17:00:00+00:00,ADAUSDT,1h,166.23081624335543,167.52047971972317,165.69174767930255,166.9789849255267,1990.4626409029925
2026-01-23 18:00:00+00:00,ADAUSDT,1h,166.9789849255267,170.17974109266396,164.87538704496666,168.06249319678014,2336.586487758679
2026-01-23 19:00:00+00:00,ADAUSDT,1h,168.06249319678014,169.08491214907394,166.41151188518384,167.430083532741,1943.3234065006443
2026-01-23 20:00:00+00:00,ADAUSDT,1h,167.430083532741,168.3676397070229,165.02401955040486,165.95330623305088,2071.5536436025577
2026-01-23 21:00:00+00:00,ADAUSDT,1h,165.95330623305088,168.05248491050767,162.60699438340012,164.69019570708454,2105.16802771871
2026-01-23 22:00:00+00:00,ADAUSDT,1h,164.69019570708454,167.17177406967366,163.53698373665995,166.00932514466638,1548.542911435561
2026-01-23 23:00:00+00:00,ADAUSDT,1h,166.00932514466638,166.6994984987989,165.58289082268433,166.2723884363647,1794.881056947375
2026-01-24 00:00:00+00:00,ADAUSDT,1h,166.2723884363647,168.35228643105523,165.04489740812485,167.11854870038744,1702.6209719946316
2026-01-24 01:00:00+00:00,ADAUSDT,1h,167.11854870038744,169.11501193314552,165.32772938146286,167.3220123260698,1351.8875919066204
2026-01-24 02:00:00+00:00,ADAUSDT,1h,167.3220123260698,171.3941469103118,165.7095951816258,169.75825266541617,1921.9065848625628
2026-01-24 03:00:00+00:00,ADAUSDT,1h,169.75825266541617,171.8318969903853,167.89307771912985,169.96445643346763,2188.316575451503
2026-01-24 04:00:00+00:00,ADAUSDT,1h,169.96445643346763,170.8297067575789,168.3795574282127,169.2411254390303,1726.1187317135232
2026-01-24 05:00:00+00:00,ADAUSDT,1h,169.2411254390303,171.01127337683374,167.51251002262592,169.28223803959185,1950.3335668894983
2026-01-24 06:00:00+00:00,ADAUSDT,1h,169.28223803959185,172.1633697927265,167.67385246981303,170.54300541128404,1811.4593534566447
2026-01-24 07:00:00+00:00,ADAUSDT,1h,170.54300541128404,171.5728004944865,169.4225063245372,170.45175037967115,1565.19475234183
2026-01-24 08:00:00+00:00,ADAUSDT,1h,170.45175037967115,171.23170782393683,169.00428534781977,169.7811743532894,1661.653704929467
2026-01-24 09:00:00+00:00,ADAUSDT,1h,169.7811743532894,171.70256257453497,167.50317913972268,169.420485499014,1889.9060242748217
2026-01-24 10:00:00+00:00,ADAUSDT,1h,169.420485499014,173.73651883866216,167.00630323834935,171.2956166198123,1958.2159919644607
2026-01-24 11:00:00+00:00,ADAUSDT,1h,171.2956166198123,172.8893388809925,168.2235072984741,169.8033455757582,1948.4016653741955
2026-01-24 12:00:00+00:00,ADAUSDT,1h,169.8033455757582,171.27873588659764,168.15475474336583,169.62862695597298,1669.9611392736124
2026-01-24 13:00:00+00:00,ADAUSDT,1h,169.62862695597298,171.33498196630106,167.9347705106969,169.64100194836507,2423.792267529769
2026-01-24 14:00:00+00:00,ADAUSDT,1h,169.64100194836507,170.93931502996102,168.07543760353346,169.37168955723922,2430.1070465550497
2026-01-24 15:00:00+00:00,ADAUSDT,1h,169.37168955723922,170.18704347709203,167.8797605647168,168.6918417025915,1997.3775179423803
2026-01-24 16:00:00+00:00,ADAUSDT,1h,168.6918417025915,169.73236836427466,167.0564761122735,168.0933109104929,1200.8087027327886
2026-01-24 17:00:00+00:00,ADAUSDT,1h,168.0933109104929,169.92459788303032,166.0590904501676,167.88814221923715,2456.638047570264
2026-01-24 18:00:00+00:00,ADAUSDT,1h,167.88814221923715,169.55943867526247,166.67391303565657,168.3419275482268,2043.52766302582
2026-01-24 19:00:00+00:00,ADAUSDT,1h,168.3419275482268,169.83377788814155,166.60899114182115,168.09868586792822,1447.48157065414
2026-01-24 20:00:00+00:00,ADAUSDT,1h,168.09868586792822,170.39255017118333,166.77759351419664,169.06387238912734,1509.1228164820857
2026-01-24 21:00:00+00:00,ADAUSDT,1h,169.06387238912734,171.5666782001316,167.0287844757071,169.52602714922313,2022.0852768961115
2026-01-24 22:00:00+00:00,ADAUSDT,1h,169.52602714922313,171.50906360825672,168.03585165166763,170.01459349231342,2153.517591646289
2026-01-24 23:00:00+00:00,ADAUSDT,1h,170.01459349231342,172.1763776675402,168.55406142781567,170.70987271811416,2207.366940428951
2026-01-25 00:00:00+00:00,ADAUSDT,1h,170.70987271811416,171.79942294985972,169.66279789183272,170.75208918250817,1391.019498963565
2026-01-25 01:00:00+00:00,ADAUSDT,1h,170.75208918250817,172.4899752705743,169.76355474097605,171.49712758098363,1583.261410192837
2026-01-25 02:00:00+00:00,ADAUSDT,1h,171.49712758098363,173.96474125612164,169.4046352693683,171.8677271385966,2283.452056427244
2026-01-25 03:00:00+00:00,ADAUSDT,1h,171.8677271385966,174.40405143339467,169.8388712574256,172.36927490526435,1174.9591283184732
2026-01-25 04:00:00+00:00,ADAUSDT,1h,172.36927490526435,174.40609583116787,169.7964840465185,171.82689588977593,1832.2778074248995
2026-01-25 05:00:00+00:00,ADAUSDT,1h,171.82689588977593,173.9192909507901,170.58266688727292,172.6689643811187,1489.6208563867333
2026-01-25 06:00:00+00:00,ADAUSDT,1h,172.6689643811187,181.12815389377263,171.64067160655932,180.0558699960982,5111.80100498968
2026-01-25 07:00:00+00:00,ADAUSDT,1h,180.0558699960982,182.357933659968,178.727184416621,181.0221178514588,1334.1028423999337
2026-01-25 08:00:00+00:00,ADAUSDT,1h,181.0221178514588,183.98510334745603,178.86436648550335,181.81786679597536,1280.6645303620555
2026-01-25 09:00:00+00:00,ADAUSDT,1h,181.81786679597536,183.6290625442511,180.7845567078283,182.59135654729047,1567.9049410471728
2026-01-25 10:00:00+00:00,ADAUSDT,1h,182.59135654729047,186.72416931738152,180.89180191739865,185.0021748660602,2181.044628373172
2026-01-25 11:00:00+00:00,ADAUSDT,1h,185.0021748660602,185.8181304227989,183.6411425518327,184.4546833871509,1949.819647446898
2026-01-25 12:00:00+00:00,ADAUSDT,1h,184.4546833871509,185.75736422182823,182.59700830226504,183.89574170331883,2166.4986394578705
2026-01-25 13:00:00+00:00,ADAUSDT,1h,183.89574170331883,184.9516005087011,182.46222939036997,183.51590733250163,2718.6111677046315
2026-01-25 14:00:00+00:00,ADAUSDT,1h,183.51590733250163,185.33257761151603,181.3000140972103,183.11269285434963,1723.2869947143713
2026-01-25 15:00:00+00:00,ADAUSDT,1h,183.11269285434963,185.93000438030896,182.18290125287135,184.9906769361768,2138.892006117373
2026-01-25 16:00:00+00:00,ADAUSDT,1h,184.9906769361768,186.51373661580928,183.40455235494667,184.9270885001797,1527.961259416262
2026-01-25 17:00:00+00:00,ADAUSDT,1h,184.9270885001797,186.50581640390288,183.68531698761552,185.26179734656944,2190.5359282780373
2026-01-25 18:00:00+00:00,ADAUSDT,1h,185.26179734656944,186.16843268206284,183.6804495753068,184.5837667605033,1831.0372341769184
2026-01-25 19:00:00+00:00,ADAUSDT,1h,184.5837667605033,187.29378666828472,183.13456390673812,185.83476200886577,1633.679432378866
2026-01-25 20:00:00+00:00,ADAUSDT,1h,185.83476200886577,186.94277053605413,184.0466362848947,185.15056540485415,2557.0054660491637
2026-01-25 21:00:00+00:00,ADAUSDT,1h,185.15056540485415,187.6239930741812,183.4859986301084,185.95221915858545,1534.4604860780769
2026-01-25 22:00:00+00:00,ADAUSDT,1h,185.95221915858545,187.87464871586644,183.38894237750745,185.30467745533812,1432.594477610303
2026-01-25 23:00:00+00:00,ADAUSDT,1h,185.30467745533812,187.3446257522073,184.0352164621698,186.06992231983537,1975.052589522952
2026-01-26 00:00:00+00:00,ADAUSDT,1h,186.06992231983537,188.1741166148865,184.70661942757368,186.80542482003756,1563.170098816523
2026-01-26 01:00:00+00:00,ADAUSDT,1h,186.80542482003756,191.44252081647105,184.37534351134028,188.9840979705517,763.3025092043567
2026-01-26 02:00:00+00:00,ADAUSDT,1h,188.9840979705517,190.19885040626912,187.53013364524037,188.7433385268311,2338.994887174896
2026-01-26 03:00:00+00:00,ADAUSDT,1h,188.7433385268311,190.5857242701356,185.5925596750416,187.42204786606607,2188.9538459844
2026-01-26 04:00:00+00:00,ADAUSDT,1h,187.42204786606607,189.60965062855945,185.76845313877388,187.95138563883032,1803.937674048468
2026-01-26 05:00:00+00:00,ADAUSDT,1h,187.95138563883032,191.7911692553836,186.2465593415542,190.06715175237628,2117.3571425737287
2026-01-26 06:00:00+00:00,ADAUSDT,1h,190.06715175237628,191.89645821757875,187.13405942121943,188.95263923037828,2269.4670631354143
2026-01-26 07:00:00+00:00,ADAUSDT,1h,188.95263923037828,189.97257744274816,187.8064805221828,188.8257337174898,2167.117002213963
2026-01-26 08:00:00+00:00,ADAUSDT,1h,188.8257337174898,190.1167596985191,187.37792172272904,188.66786835786212,1449.9768385703533
2026-01-26 09:00:00+00:00,ADAUSDT,1h,188.66786835786212,190.21076342266196,187.47073350937137,189.0114484904423,2401.852071524185
2026-01-26 10:00:00+00:00,ADAUSDT,1h,189.0114484904423,190.46322933316495,187.80454854220383,189.2547756613173,1878.3533128218944
2026-01-26 11:00:00+00:00,ADAUSDT,1h,189.2547756613173,190.56313258354584,187.3192336371324,188.6232245172987,2198.9529553853718
2026-01-26 12:00:00+00:00,ADAUSDT,1h,188.6232245172987,190.1381950997961,187.1430248702715,188.65772471631777,2127.470506971354
2026-01-26 13:00:00+00:00,ADAUSDT,1h,188.65772471631777,191.7454829620841,187.16626190287823,190.24149937320763,1767.7865318368035
2026-01-26 14:00:00+00:00,ADAUSDT,1h,190.24149937320763,191.92839608240536,187.4419084039924,189.118850435558,2034.520741867159
2026-01-26 15:00:00+00:00,ADAUSDT,1h,189.118850435558,190.03970275375696,188.1252173682232,189.04571357040484,1686.8699900246272
2026-01-26 16:00:00+00:00,ADAUSDT,1h,189.04571357040484,190.9268301737713,188.4697247566308,190.346876945598,2323.310999551985
2026-01-26 17:00:00+00:00,ADAUSDT,1h,190.346876945598,192.07481327064235,189.27940756556893,191.0036606335646,2132.307487101692
2026-01-26 18:00:00+00:00,ADAUSDT,1h,191.0036606335646,195.76241559229865,188.7268154157185,193.4563334666756,2153.4895095602083
2026-01-26 19:00:00+00:00,ADAUSDT,1h,193.4563334666756,196.10324042194856,189.59067902254077,192.2206795216497,1958.917363788564
2026-01-26 20:00:00+00:00,ADAUSDT,1h,192.2206795216497,194.15568465133396,187.31391811103637,189.21870360560536,1991.8228137624756
2026-01-26 21:00:00+00:00,ADAUSDT,1h,189.21870360560536,190.51273219553437,187.88014995888065,189.17387195417825,1899.49489848163
2026-01-26 22:00:00+00:00,ADAUSDT,1h,189.17387195417825,190.66545710569608,186.3697476128374,187.8509014977734,1631.7315524304024
2026-01-26 23:00:00+00:00,ADAUSDT,1h,187.8509014977734,189.4097023752556,187.4364438739348,188.99272553180077,2326.733160076065
2026-01-27 00:00:00+00:00,ADAUSDT,1h,188.99272553180077,193.0950436180806,186.4439728864077,190.5256184057588,2107.739385381208
2026-01-27 01:00:00+00:00,ADAUSDT,1h,190.5256184057588,195.45752063196545,188.1292592092504,193.02966646566216,1727.565176076113
2026-01-27 02:00:00+00:00,ADAUSDT,1h,193.02966646566216,194.15486535906803,192.32839566692843,193.45206001764456,1226.4739293184844
2026-01-27 03:00:00+00:00,ADAUSDT,1h,193.45206001764456,195.73226275148056,191.68180212667409,193.95738072792255,1591.823978592008
2026-01-27 04:00:00+00:00,ADAUSDT,1h,193.95738072792255,195.00332681781805,191.6147687182148,192.6536844179663,2050.187609261505
2026-01-27 05:00:00+00:00,ADAUSDT,1h,192.6536844179663,194.71614078044223,191.0399192988625,193.09864841686425,1619.9063785290637
2026-01-27 06:00:00+00:00,ADAUSDT,1h,193.09864841686425,196.57607555613657,190.76934069735165,194.2330833900369,1417.7326416410217
2026-01-27 07:00:00+00:00,ADAUSDT,1h,194.2330833900369,196.48187172255427,192.519055090273,194.76316566141983,1741.3955513637754
2026-01-27 08:00:00+00:00,ADAUSDT,1h,194.76316566141983,196.1098182681916,193.5317578849617,194.87768642382807,1684.539271215902
2026-01-27 09:00:00+00:00,ADAUSDT,1h,194.87768642382807,196.1201338160441,193.47943992624377,194.7208876440558,1655.4072339727568
2026-01-27 10:00:00+00:00,ADAUSDT,1h,194.7208876440558,196.0510702496988,192.36151123341224,193.6846148240789,1910.6117674115997
2026-01-27 11:00:00+00:00,ADAUSDT,1h,193.6846148240789,195.63781072341965,190.32260765993388,192.2614517936601,1359.8544683621649
2026-01-27 12:00:00+00:00,ADAUSDT,1h,192.2614517936601,195.1417123881656,191.3608316698206,194.2318621705083,896.9680502712287
2026-01-27 13:00:00+00:00,ADAUSDT,1h,194.2318621705083,195.29192243443865,192.18322713949755,193.23786244586083,1878.1807989775552
2026-01-27 14:00:00+00:00,ADAUSDT,1h,193.23786244586083,196.0349590764584,190.9440199335342,193.73521273543432,1791.1069352685877
2026-01-27 15:00:00+00:00,ADAUSDT,1h,193.73521273543432,196.39543543675896,190.34123984443104,192.9912469811161,2170.6040240852067
2026-01-27 16:00:00+00:00,ADAUSDT,1h,192.9912469811161,194.6587936562608,191.14399779436724,192.80997821125297,1708.0362465350013
2026-01-27 17:00:00+00:00,ADAUSDT,1h,192.80997821125297,195.38272674925005,191.1313965499413,193.69642775935955,1530.2617735228762
2026-01-27 18:00:00+00:00,ADAUSDT,1h,193.69642775935955,195.6594533429694,190.30840065176352,192.25683663118065,1883.9569306328333
2026-01-27 19:00:00+00:00,ADAUSDT,1h,192.25683663118065,193.1976848156528,190.8871142788078,191.82585335841364,1791.7931086007272
2026-01-27 20:00:00+00:00,ADAUSDT,1h,191.82585335841364,192.98559412080775,191.27180939730297,192.42980578484463,2835.2967672404884
2026-01-27 21:00:00+00:00,ADAUSDT,1h,192.42980578484463,195.017583376566,188.87112629786557,191.4456693166516,1941.4870500658712
2026-01-27 22:00:00+00:00,ADAUSDT,1h,191.4456693166516,194.6408659335858,190.0786832539687,193.26091838586763,1459.5871314507658
2026-01-27 23:00:00+00:00,ADAUSDT,1h,193.26091838586763,194.5685343158568,191.66696309275287,192.9726284341988,1934.6938717981795
2026-01-28 00:00:00+00:00,ADAUSDT,1h,192.9726284341988,195.2032521800485,192.02186161602117,194.2462104846326,2124.090163277749
2026-01-28 01:00:00+00:00,ADAUSDT,1h,194.2462104846326,197.0836276282973,192.58070230912023,195.40815667985456,1664.316587245339
2026-01-28 02:00:00+00:00,ADAUSDT,1h,195.40815667985456,199.25614357554903,193.14218065189,196.9720326573328,2273.446076179273
2026-01-28 03:00:00+00:00,ADAUSDT,1h,196.9720326573328,199.87271969962876,194.43124071530036,197.32734450049207,1400.887483355492
2026-01-28 04:00:00+00:00,ADAUSDT,1h,197.32734450049207,200.6976817626712,194.8472545318068,198.2065416877268,2377.988975835964
2026-01-28 05:00:00+00:00,ADAUSDT,1h,198.2065416877268,200.2299016553588,194.5566799297597,196.5632647662057,2617.641208587399
2026-01-28 06:00:00+00:00,ADAUSDT,1h,196.5632647662057,197.1340027472015,195.4820645319443,196.051316026692,1532.013572783375
2026-01-28 07:00:00+00:00,ADAUSDT,1h,196.051316026692,198.39573181026827,184.7486984474,186.98469398546112,1427.7310309585987
2026-01-28 08:00:00+00:00,ADAUSDT,1h,186.98469398546112,189.2455954713584,185.86525781399175,188.11936626690047,1433.9280368674729
2026-01-28 09:00:00+00:00,ADAUSDT,1h,188.11936626690047,189.5036213641618,186.41276430232944,187.79462986346465,1764.0231163982196
2026-01-28 10:00:00+00:00,ADAUSDT,1h,187.79462986346465,192.07300896840837,185.12024050597228,189.37609787416497,1849.193869691758
2026-01-28 11:00:00+00:00,ADAUSDT,1h,189.37609787416497,189.8973282702586,188.65036030552983,189.1710262716145,2183.565181801349
2026-01-28 12:00:00+00:00,ADAUSDT,1h,189.1710262716145,190.5074553113233,187.26850904622611,188.60091041104687,2224.0484009848115
2026-01-28 13:00:00+00:00,ADAUSDT,1h,188.60091041104687,190.00953784784863,185.79183864691927,187.1899276989552,1161.2226362956142
2026-01-28 14:00:00+00:00,ADAUSDT,1h,187.1899276989552,189.48022225651195,185.28446850188237,187.5708851854781,1793.8973181991814
2026-01-28 15:00:00+00:00,ADAUSDT,1h,187.5708851854781,188.4895981615358,186.4089488784361,187.32646469494503,1484.9431922785752
2026-01-28 16:00:00+00:00,ADAUSDT,1h,187.32646469494503,190.54594925208409,186.65259937538175,189.8629594564048,1736.7098804306793
2026-01-28 17:00:00+00:00,ADAUSDT,1h,189.8629594564048,190.29138296936347,188.28233139262727,188.70814908970945,2113.121725995604
2026-01-28 18:00:00+00:00,ADAUSDT,1h,188.70814908970945,190.9505075197823,185.25675537953308,187.4845744646515,2153.77574155385
2026-01-28 19:00:00+00:00,ADAUSDT,1h,187.4845744646515,190.8023825093612,185.9260968713949,189.22940093376891,1867.048885364176
2026-01-28 20:00:00+00:00,ADAUSDT,1h,189.22940093376891,191.07874152429167,186.7483859550384,188.5914922584979,1656.5631104409522
2026-01-28 21:00:00+00:00,ADAUSDT,1h,188.5914922584979,191.5064890526052,187.63297915261032,190.5380824346968,2141.7327124768503
2026-01-28 22:00:00+00:00,ADAUSDT,1h,190.5380824346968,191.94026657624116,189.1669702117745,190.56893235724675,1775.5111627840602
2026-01-28 23:00:00+00:00,ADAUSDT,1h,190.56893235724675,193.83450048190107,188.5735323060381,191.82593862960965,1891.551184347569
2026-01-29 00:00:00+00:00,ADAUSDT,1h,191.82593862960965,192.92981456093784,190.7153384595204,191.8191754717785,1620.1000753000471
2026-01-29 01:00:00+00:00,ADAUSDT,1h,191.8191754717785,193.0147937122402,190.58703816251244,191.7824273501465,1308.5823933795823
2026-01-29 02:00:00+00:00,ADAUSDT,1h,191.7824273501465,194.2815950446879,188.99075522805936,191.48606089266124,2185.7206019153714
2026-01-29 03:00:00+00:00,ADAUSDT,1h,191.48606089266124,193.62185782613145,189.34715482201184,191.48291668563044,1709.1846518251618
2026-01-29 04:00:00+00:00,ADAUSDT,1h,191.48291668563044,193.20239898697693,190.2354929040175,191.95191986377944,1317.5701992153445
2026-01-29 05:00:00+00:00,ADAUSDT,1h,191.95191986377944,193.71712571647487,190.11784817185367,191.88241485065575,2396.3810117418293
2026-01-29 06:00:00+00:00,ADAUSDT,1h,191.88241485065575,193.8039599589568,189.5745225087397,191.49215952987595,1712.7155228335307
2026-01-29 07:00:00+00:00,ADAUSDT,1h,191.49215952987595,201.4699971212689,190.23603765132304,200.15703666628167,7058.45191400968
2026-01-29 08:00:00+00:00,ADAUSDT,1h,200.15703666628167,202.0975997473375,197.66072059084075,199.5958427833388,1711.620443659673
2026-01-29 09:00:00+00:00,ADAUSDT,1h,199.5958427833388,200.6241863424797,197.66370812827287,198.68737112409931,1492.8720897096737
2026-01-29 10:00:00+00:00,ADAUSDT,1h,198.68737112409931,201.9764678393543,197.45434798618405,200.73076372257503,2001.7604842679489
2026-01-29 11:00:00+00:00,ADAUSDT,1h,200.73076372257503,203.09084147666303,199.893628489369,202.24738128373383,1936.3709718998705
2026-01-29 12:00:00+00:00,ADAUSDT,1h,202.24738128373383,203.96683282883103,200.68257814599957,202.40084235132227,1941.4480117359797
2026-01-29 13:00:00+00:00,ADAUSDT,1h,202.40084235132227,205.51712851794196,200.08468906629844,203.19192258735532,1732.684754370472
2026-01-29 14:00:00+00:00,ADAUSDT,1h,203.19192258735532,205.19507319246503,201.17233843628213,203.17532541959915,1777.6389584195313
2026-01-29 15:00:00+00:00,ADAUSDT,1h,203.17532541959915,205.3878684686804,200.40845169934337,202.6148917254721,2363.55094375265
2026-01-29 16:00:00+00:00,ADAUSDT,1h,202.6148917254721,204.75813348716773,200.81075967494985,202.95100857087755,1875.0263286136897
2026-01-29 17:00:00+00:00,ADAUSDT,1h,202.95100857087755,205.20956567977905,201.72134217972143,203.97370285335305,1781.078097348427
2026-01-29 18:00:00+00:00,ADAUSDT,1h,203.97370285335305,206.63632734107225,202.32610605446163,204.98059735571752,1357.538699348515
2026-01-29 19:00:00+00:00,ADAUSDT,1h,204.98059735571752,207.98391224992503,202.65852890551463,205.6542129240251,1987.83404130402
2026-01-29 20:00:00+00:00,ADAUSDT,1h,205.6542129240251,208.3812347672389,203.5534771946901,206.27416628085172,1704.306221727438
2026-01-29 21:00:00+00:00,ADAUSDT,1h,206.27416628085172,208.80773192975175,204.8412182525106,207.36719086419288,1502.506504531106
2026-01-29 22:00:00+00:00,ADAUSDT,1h,207.36719086419288,208.95437044085267,204.992812824286,206.57392074551225,2039.949031802685
2026-01-29 23:00:00+00:00,ADAUSDT,1h,206.57392074551225,208.42117136844533,205.9319059703169,207.77542242473683,1633.0723279908664
2026-01-30 00:00:00+00:00,ADAUSDT,1h,207.77542242473683,210.59163796414373,203.97183460508427,206.77448328306025,1800.7169526509003
2026-01-30 01:00:00+00:00,ADAUSDT,1h,206.77448328306025,209.31687673547052,204.676968752028,207.214894683603,2020.7300662228704
2026-01-30 02:00:00+00:00,ADAUSDT,1h,207.214894683603,209.66240542392876,206.27382094170025,208.71452107595127,2192.7337715050157
2026-01-30 03:00:00+00:00,ADAUSDT,1h,208.71452107595127,212.7540322532229,206.4587089186937,210.4791477938432,2057.3876968358118
2026-01-30 04:00:00+00:00,ADAUSDT,1h,210.4791477938432,213.1166451064243,205.72207922759296,208.3326793159054,2498.417337289458
2026-01-30 05:00:00+00:00,ADAUSDT,1h,208.3326793159054,209.3787828918277,207.8445435145616,208.8893427949968,1877.4309192516168
2026-01-30 06:00:00+00:00,ADAUSDT,1h,208.8893427949968,210.5400500153457,205.66363772591,207.30179969708888,1833.910935159248
2026-01-30 07:00:00+00:00,ADAUSDT,1h,207.30179969708888,209.881176204062,206.44290478348424,209.01518238596788,1953.239782545179
2026-01-30 08:00:00+00:00,ADAUSDT,1h,209.01518238596788,210.21766382341423,206.80981248088068,208.0064908333344,2007.9053296397735
2026-01-30 09:00:00+00:00,ADAUSDT,1h,208.0064908333344,212.18251884472863,206.53105322473877,210.68806025100395,1129.0993156149966
2026-01-30 10:00:00+00:00,ADAUSDT,1h,210.68806025100395,214.14489665252256,209.0886571423107,212.5314993845148,1456.7195150863654
2026-01-30 11:00:00+00:00,ADAUSDT,1h,212.5314993845148,213.53179091185083,210.78479232182207,211.78155418966512,2392.7763694052505
2026-01-30 12:00:00+00:00,ADAUSDT,1h,211.78155418966512,214.09450169362157,209.83333528838935,212.1429581682314,2396.334639263143
2026-01-30 13:00:00+00:00,ADAUSDT,1h,212.1429581682314,216.09061558003256,209.5788237878112,213.5099585084951,1633.937352013112
2026-01-30 14:00:00+00:00,ADAUSDT,1h,213.5099585084951,214.68049414734608,211.7129455677305,212.8800277074671,1782.5499868832956
2026-01-30 15:00:00+00:00,ADAUSDT,1h,212.8800277074671,213.1110030357761,212.81888121471425,213.0498077763265,2241.936235973303
2026-01-30 16:00:00+00:00,ADAUSDT,1h,213.0498077763265,215.31010812570145,210.97850989348476,213.2369904288178,1826.512362615559
2026-01-30 17:00:00+00:00,ADAUSDT,1h,213.2369904288178,216.64966499717852,211.09734258313716,214.49737033470984,2392.9265176392973
2026-01-30 18:00:00+00:00,ADAUSDT,1h,214.49737033470984,216.0116445645496,210.71682675219867,212.2149881855706,1941.522521509052
2026-01-30 19:00:00+00:00,ADAUSDT,1h,212.2149881855706,213.8861689967223,209.70450840330585,211.36902732136815,2065.708453565842
2026-01-30 20:00:00+00:00,ADAUSDT,1h,211.36902732136815,214.4362153647932,209.62567804234888,212.6820365253689,1322.657748854189
2026-01-30 21:00:00+00:00,ADAUSDT,1h,212.6820365253689,214.0406352862005,211.46370847566996,212.8215082862882,1825.005640279786
2026-01-30 22:00:00+00:00,ADAUSDT,1h,212.8215082862882,215.4687020643276,210.8080670648949,213.44932129015376,2021.832862865794
2026-01-30 23:00:00+00:00,ADAUSDT,1h,213.44932129015376,216.54174697510976,211.74446272340452,214.82589347584292,2267.1466263296115
2026-01-31 00:00:00+00:00,ADAUSDT,1h,214.82589347584292,218.04574256011392,209.6514908101267,212.8415989312911,2470.7379036081
2026-01-31 01:00:00+00:00,ADAUSDT,1h,212.8415989312911,214.61246364552997,212.370615915996,214.13861055948465,2233.0993812645083
2026-01-31 02:00:00+00:00,ADAUSDT,1h,214.13861055948465,216.4548502807434,211.9754119032683,214.29012108612127,1457.7389879433515
2026-01-31 03:00:00+00:00,ADAUSDT,1h,214.29012108612127,216.42440679592707,210.95457686426315,213.07677792472847,1708.0400982736066
2026-01-31 04:00:00+00:00,ADAUSDT,1h,213.07677792472847,214.96717408151625,209.82136341074707,211.69954085610664,1723.249629128674
2026-01-31 05:00:00+00:00,ADAUSDT,1h,211.69954085610664,213.53428090367763,208.09968828139347,209.91899685770517,1846.73019548463
2026-01-31 06:00:00+00:00,ADAUSDT,1h,209.91899685770517,212.533462405246,208.4758559214728,211.0823238848019,2003.9159304528807
2026-01-31 07:00:00+00:00,ADAUSDT,1h,211.0823238848019,212.47177860793028,209.58296662206416,210.9716931153612,1883.2856388264363
2026-01-31 08:00:00+00:00,ADAUSDT,1h,210.9716931153612,213.8126870745786,209.10552683843775,211.93797349055623,1700.5872209044935
2026-01-31 09:00:00+00:00,ADAUSDT,1h,211.93797349055623,213.4331077131243,210.1466193674991,211.63964903515728,1753.1247969946942
2026-01-31 10:00:00+00:00,ADAUSDT,1h,211.63964903515728,213.85654991523757,210.167210822874,212.3789680468912,1627.1612484131497
2026-01-31 11:00:00+00:00,ADAUSDT,1h,212.3789680468912,215.80829087409077,209.96766873344356,213.38556292642252,1551.3844578844637
2026-01-31 12:00:00+00:00,ADAUSDT,1h,213.38556292642252,215.15895866434045,212.08383974006856,213.8543755643518,2212.575134581749
2026-01-31 13:00:00+00:00,ADAUSDT,1h,213.8543755643518,214.49631569235908,211.17870892451157,211.81452590752184,2284.3778298393363
2026-01-31 14:00:00+00:00,ADAUSDT,1h,211.81452590752184,215.5061959409079,209.496683565348,213.1734828156779,1567.372444291877
2026-01-31 15:00:00+00:00,ADAUSDT,1h,213.1734828156779,215.13937005314,211.07121904328275,213.0358369093059,1403.4494108521417
2026-01-31 16:00:00+00:00,ADAUSDT,1h,213.0358369093059,214.0575846086903,211.4627736597592,212.48186443479904,1601.7083636280995
2026-01-31 17:00:00+00:00,ADAUSDT,1h,212.48186443479904,213.73804118226616,212.268272939495,213.52340270952664,1423.2367320424555
2026-01-31 18:00:00+00:00,ADAUSDT,1h,213.52340270952664,216.1226897061953,211.73246701569292,214.3250303300832,1742.839335955833
2026-01-31 19:00:00+00:00,ADAUSDT,1h,214.3250303300832,216.41277689648427,212.03901169215584,214.1248078857044,2169.379690827825
2026-01-31 20:00:00+00:00,ADAUSDT,1h,214.1248078857044,216.0310189978009,211.80996954462225,213.71251024434,1305.372651664556
2026-01-31 21:00:00+00:00,ADAUSDT,1h,213.71251024434,214.2775793259117,212.88747206602056,213.45185195095948,1842.690934272155
2026-01-31 22:00:00+00:00,ADAUSDT,1h,213.45185195095948,215.19125789331275,211.3234723590412,213.0596825370914,1648.273526897771
2026-01-31 23:00:00+00:00,ADAUSDT,1h,213.0596825370914,214.02107042051617,210.98326565539432,211.93959939460564,1990.7691730681252
2026-02-01 00:00:00+00:00,ADAUSDT,1h,211.93959939460564,213.8348315652358,209.25286720067905,211.14095765964595,2253.827009754664
2026-02-01 01:00:00+00:00,ADAUSDT,1h,211.14095765964595,216.4830498710592,208.07886718029548,213.38836615058864,1957.4844516959563
2026-02-01 02:00:00+00:00,ADAUSDT,1h,213.38836615058864,215.44992413538424,211.85470577971412,213.91249674414684,2069.5533178010105
2026-02-01 03:00:00+00:00,ADAUSDT,1h,213.91249674414684,217.16008557609044,211.99434796346011,215.23012168079336,2050.7357722821152
2026-02-01 04:00:00+00:00,ADAUSDT,1h,215.23012168079336,216.77152824238755,212.8663489549952,214.4018235205978,2402.565043617516
2026-02-01 05:00:00+00:00,ADAUSDT,1h,214.4018235205978,216.0702760576193,209.64550297680185,211.28973758700693,1675.530417265002
2026-02-01 06:00:00+00:00,ADAUSDT,1h,211.28973758700693,213.47699016465435,209.88633004866327,212.06841060237727,1922.5969849259147
2026-02-01 07:00:00+00:00,ADAUSDT,1h,212.06841060237727,213.781468984766,209.5417301834013,211.2481627203568,1869.0674632365408
2026-02-01 08:00:00+00:00,ADAUSDT,1h,211.2481627203568,212.70755695992295,209.31804496886528,210.77416462330137,1256.9347886510798
2026-02-01 09:00:00+00:00,ADAUSDT,1h,210.77416462330137,211.8170828729492,209.52486826390663,210.56676026925035,1755.1979239028574
2026-02-01 10:00:00+00:00,ADAUSDT,1h,210.56676026925035,212.3724651190167,206.82775591733596,208.61673845134248,1619.0918212023023
2026-02-01 11:00:00+00:00,ADAUSDT,1h,208.61673845134248,209.43740491172184,207.6969364786868,208.5172114148704,1804.433039662776
2026-02-01 12:00:00+00:00,ADAUSDT,1h,208.5172114148704,211.1528346051656,207.0539422793847,209.68139580791052,1581.1486469855297
2026-02-01 13:00:00+00:00,ADAUSDT,1h,209.68139580791052,212.39698338424876,205.62550002092237,208.32350148312693,2225.3674325958937
2026-02-01 14:00:00+00:00,ADAUSDT,1h,208.32350148312693,212.2203122227846,206.37198829740203,210.25074518585612,2176.78802158341
2026-02-01 15:00:00+00:00,ADAUSDT,1h,210.25074518585612,212.6823982621945,207.191450209815,209.61575936341384,1862.821191473139
2026-02-01 16:00:00+00:00,ADAUSDT,1h,209.61575936341384,211.63222720195205,208.1332535210473,210.14597143876952,2162.182004975801
2026-02-01 17:00:00+00:00,ADAUSDT,1h,210.14597143876952,212.11908883769485,208.9217477848481,210.89052770640816,1884.375488412016
2026-02-01 18:00:00+00:00,ADAUSDT,1h,210.89052770640816,213.18734358481476,208.92160323593345,211.21538615803885,1823.6280035801697
2026-02-01 19:00:00+00:00,ADAUSDT,1h,211.21538615803885,215.4862053290074,208.9187991150535,213.16838296204,1443.806005945363
2026-02-01 20:00:00+00:00,ADAUSDT,1h,213.16838296204,215.42386542433343,211.65289705305847,213.90315576773116,1579.459412326151
2026-02-01 21:00:00+00:00,ADAUSDT,1h,213.90315576773116,217.38324490419672,211.7221805712738,215.1891575219075,2408.677984665876
2026-02-01 22:00:00+00:00,ADAUSDT,1h,215.1891575219075,218.29658968439472,212.63113022013613,215.7321081424247,1891.768502774597
2026-02-01 23:00:00+00:00,ADAUSDT,1h,215.7321081424247,219.17646228708668,213.6722298817793,217.10348964302077,2168.572774293654
2026-02-02 00:00:00+00:00,ADAUSDT,1h,217.10348964302077,219.60673807910445,215.59447120423764,218.0908567603723,1542.6137432012852
2026-02-02 01:00:00+00:00,ADAUSDT,1h,218.0908567603723,219.44802166262116,215.5257894867278,216.8753906240181,1204.194433604856
2026-02-02 02:00:00+00:00,ADAUSDT,1h,216.8753906240181,219.67195535412912,213.55747428736424,216.3472284722998,1717.6470752808389
2026-02-02 03:00:00+00:00,ADAUSDT,1h,216.3472284722998,220.8588165089062,214.38651361482823,218.8751911935486,2153.5199505918235
2026-02-02 04:00:00+00:00,ADAUSDT,1h,218.8751911935486,223.16852443595985,215.41798303266128,219.69831475813768,1436.4186246056188
2026-02-02 05:00:00+00:00,ADAUSDT,1h,219.69831475813768,221.4122569235131,217.94916134162716,219.66282665207348,2261.26191389769
2026-02-02 06:00:00+00:00,ADAUSDT,1h,219.66282665207348,225.14593619755485,217.3389375961143,222.7889745412937,2131.192353418209
2026-02-02 07:00:00+00:00,ADAUSDT,1h,222.7889745412937,224.1609013170406,221.04859637441228,222.41824018082977,1660.4993977391468
2026-02-02 08:00:00+00:00,ADAUSDT,1h,222.41824018082977,234.49396218517825,220.0309599583284,232.00379736530957,5188.310644487349
2026-02-02 09:00:00+00:00,ADAUSDT,1h,232.00379736530957,233.75066288026207,229.47858735268144,231.21954788509635,1535.7436054888203
2026-02-02 10:00:00+00:00,ADAUSDT,1h,231.21954788509635,232.25613606851635,229.34758526917608,230.38041149182112,1173.9049012918647
2026-02-02 11:00:00+00:00,ADAUSDT,1h,230.38041149182112,235.1151874723653,227.6770471525392,232.38826230921296,1833.9844032774704
2026-02-02 12:00:00+00:00,ADAUSDT,1h,232.38826230921296,233.8004350870908,229.5188381821305,230.9221014201073,1573.854499262699
2026-02-02 13:00:00+00:00,ADAUSDT,1h,230.9221014201073,233.5771267542397,229.289488359672,231.9373360124793,1853.996602238957
2026-02-02 14:00:00+00:00,ADAUSDT,1h,231.9373360124793,234.1726096077181,230.0402844040318,232.2728140719527,1784.3704409208055
2026-02-02 15:00:00+00:00,ADAUSDT,1h,232.2728140719527,235.47187039485863,228.56840475928448,231.76040373658657,2123.5413652869024
2026-02-02 16:00:00+00:00,ADAUSDT,1h,231.76040373658657,233.49091066216295,230.48014319830847,232.2081765955676,2298.743677609273
2026-02-02 17:00:00+00:00,ADAUSDT,1h,232.2081765955676,235.0794370108427,230.1574516543599,233.02152902322447,2329.5095383984194
2026-02-02 18:00:00+00:00,ADAUSDT,1h,233.02152902322447,235.8455763767816,219.4425717066469,222.1346785420085,2302.830486251888
2026-02-02 19:00:00+00:00,ADAUSDT,1h,222.1346785420085,224.11082046743607,219.8158539252411,221.7889199325422,1944.5944277810288
2026-02-02 20:00:00+00:00,ADAUSDT,1h,221.7889199325422,223.70660288279905,219.39272285846064,221.30623228247865,2614.937532919343
2026-02-02 21:00:00+00:00,ADAUSDT,1h,221.30623228247865,224.1635102833812,219.38346963244163,222.23269827034332,2392.190914309557
2026-02-02 22:00:00+00:00,ADAUSDT,1h,222.23269827034332,224.0453816954433,218.7559600700749,220.55495869204333,2359.3139976112284
2026-02-02 23:00:00+00:00,ADAUSDT,1h,220.55495869204333,222.6394592399549,219.64849262634365,221.72817134903883,2302.159127712861
2026-02-03 00:00:00+00:00,ADAUSDT,1h,221.72817134903883,223.224531360466,219.69855247893696,221.19128927522996,1192.161736550329
2026-02-03 01:00:00+00:00,ADAUSDT,1h,221.19128927522996,225.0267244941803,219.45873862178524,223.27783034858487,2406.451331514192
2026-02-03 02:00:00+00:00,ADAUSDT,1h,223.27783034858487,227.6696096332897,220.55244700799705,224.9241311459525,1926.926991644953
2026-02-03 03:00:00+00:00,ADAUSDT,1h,224.9241311459525,228.6001105734857,221.94637041331796,225.61322693188663,1880.4015583202772
2026-02-03 04:00:00+00:00,ADAUSDT,1h,225.61322693188663,227.67501103489656,223.7665040701033,225.82654211403243,2250.717279449525
2026-02-03 05:00:00+00:00,ADAUSDT,1h,225.82654211403243,229.94070659125683,222.66181490263597,226.7628578754487,1717.4504239918165
2026-02-03 06:00:00+00:00,ADAUSDT,1h,226.7628578754487,227.93184430352403,225.6897359866305,226.8582708866568,1817.0803587126445
2026-02-03 07:00:00+00:00,ADAUSDT,1h,226.8582708866568,229.8108682092665,225.74316526421583,228.6867747069361,2205.635555033886
2026-02-03 08:00:00+00:00,ADAUSDT,1h,228.6867747069361,230.4038093309356,225.71514614666668,227.4226897203312,1085.3845875716672
2026-02-03 09:00:00+00:00,ADAUSDT,1h,227.4226897203312,228.926267528897,226.0035540363564,227.5066081870112,2267.140140294485
2026-02-03 10:00:00+00:00,ADAUSDT,1h,227.5066081870112,232.45998598872507,226.2971764792208,231.2307566002808,2321.4732832613995
2026-02-03 11:00:00+00:00,ADAUSDT,1h,231.2307566002808,232.87199054493155,230.07658547534007,231.7154003567236,1453.484096418905
2026-02-03 12:00:00+00:00,ADAUSDT,1h,231.7154003567236,234.84780236730023,228.2317404511882,231.359328976316,1332.239961621672
2026-02-03 13:00:00+00:00,ADAUSDT,1h,231.359328976316,235.6987207863729,228.9938924544822,233.3133066386282,1418.3441113968192
2026-02-03 14:00:00+00:00,ADAUSDT,1h,233.3133066386282,235.1992878946464,230.3231250274228,232.200107773134,1263.5647739829867
2026-02-03 15:00:00+00:00,ADAUSDT,1h,232.200107773134,234.6021845034981,231.1349052597755,233.530877174236,2269.537027880727
2026-02-03 16:00:00+00:00,ADAUSDT,1h,233.530877174236,236.05378853463048,228.46270235985315,230.9578160897172,1708.9366380923243
2026-02-03 17:00:00+00:00,ADAUSDT,1h,230.9578160897172,233.6325184622971,228.5300124094589,231.2021464080556,1405.134521369587
2026-02-03 18:00:00+00:00,ADAUSDT,1h,231.2021464080556,232.86117704590345,229.23116009392288,230.8879360615626,2625.638322150869
2026-02-03 19:00:00+00:00,ADAUSDT,1h,230.8879360615626,234.8311684967688,228.9942336348892,232.92079293394977,2019.270151550792
2026-02-03 20:00:00+00:00,ADAUSDT,1h,232.92079293394977,237.0109817136621,228.0273053170976,232.10313568569364,2085.4648026688947
2026-02-03 21:00:00+00:00,ADAUSDT,1h,232.10313568569364,232.9527467489659,231.7114607924587,232.5603003886171,1482.288992076303
2026-02-03 22:00:00+00:00,ADAUSDT,1h,232.5603003886171,235.52881712320388,230.94867005957124,233.90784835945524,2058.6227224782724
2026-02-03 23:00:00+00:00,ADAUSDT,1h,233.90784835945524,235.76278123384915,231.3147839798158,233.1638165431024,1168.231160607411
2026-02-04 00:00:00+00:00,ADAUSDT,1h,233.1638165431024,234.4177343744724,229.4964475752878,230.73731607399907,1896.490840626049
2026-02-04 01:00:00+00:00,ADAUSDT,1h,230.73731607399907,231.1109462362706,228.81124941094075,229.1823616542121,1897.0241649998536
2026-02-04 02:00:00+00:00,ADAUSDT,1h,229.1823616542121,229.9988550311386,227.51047658151003,228.3239116132488,1242.4159980832824
2026-02-04 03:00:00+00:00,ADAUSDT,1h,228.3239116132488,231.9938500015533,225.47608338629664,229.13589411572391,2008.078845981404
2026-02-04 04:00:00+00:00,ADAUSDT,1h,229.13589411572391,232.2542347497875,228.34207123725827,231.45238656950391,2017.0309615217832
2026-02-04 05:00:00+00:00,ADAUSDT,1h,231.45238656950391,233.63023126694748,227.3276399455536,229.4869913118036,1703.677373951648
2026-02-04 06:00:00+00:00,ADAUSDT,1h,229.4869913118036,232.0397104191997,224.61747906453925,227.14413722460213,1613.7073894393277
2026-02-04 07:00:00+00:00,ADAUSDT,1h,227.14413722460213,229.29707985647565,225.4667052759941,227.6161620616037,2115.651145420368
2026-02-04 08:00:00+00:00,ADAUSDT,1h,227.6161620616037,230.0994208619648,225.34191137383107,227.82310250708883,2394.008209347032
2026-02-04 09:00:00+00:00,ADAUSDT,1h,227.82310250708883,229.8172287381838,223.56506869199723,225.5392040540175,2270.942459459383
2026-02-04 10:00:00+00:00,ADAUSDT,1h,225.5392040540175,226.34637685941036,224.7830717559718,225.59007401708064,1722.0445625403777
2026-02-04 11:00:00+00:00,ADAUSDT,1h,225.59007401708064,227.32381477908797,223.6324967488233,225.3645039236264,1436.1477561795125
2026-02-04 12:00:00+00:00,ADAUSDT,1h,225.3645039236264,227.6159682314626,223.22827170530155,225.47865398366224,1922.270641673492
2026-02-04 13:00:00+00:00,ADAUSDT,1h,225.47865398366224,228.5202144128536,221.17381561339465,224.198102232111,2404.304281681975
2026-02-04 14:00:00+00:00,ADAUSDT,1h,224.198102232111,225.5627344014905,220.26277081669917,221.6116600239108,2404.661843209616
2026-02-04 15:00:00+00:00,ADAUSDT,1h,221.6116600239108,223.74402706907372,218.1092958465493,220.22835258486276,2264.5706028437994
2026-02-04 16:00:00+00:00,ADAUSDT,1h,220.22835258486276,222.53349070242203,215.35702126554165,217.6350148231197,2266.9900819460586
2026-02-04 17:00:00+00:00,ADAUSDT,1h,217.6350148231197,219.2814582556413,214.97907335881388,216.61782156286168,1620.5767820675117
2026-02-04 18:00:00+00:00,ADAUSDT,1h,216.61782156286168,217.73467422033545,215.2555750475162,216.37115592981567,2437.8877946910816
2026-02-04 19:00:00+00:00,ADAUSDT,1h,216.37115592981567,217.5162456532745,214.4460668417076,215.58700665306463,1816.6787835419696
2026-02-04 20:00:00+00:00,ADAUSDT,1h,215.58700665306463,217.15851955639,211.9816733414247,213.53825192873995,1829.8740366595864
2026-02-04 21:00:00+00:00,ADAUSDT,1h,213.53825192873995,215.4757367131529,210.35175210118308,212.2778005015307,1690.8474482880035
2026-02-04 22:00:00+00:00,ADAUSDT,1h,212.2778005015307,216.2168813908638,207.29139630851512,211.21067535199757,2074.598305398594
2026-02-04 23:00:00+00:00,ADAUSDT,1h,211.21067535199757,213.18618698154265,209.64054669280557,211.61306696501157,2326.3923321301204
2026-02-05 00:00:00+00:00,ADAUSDT,1h,211.61306696501157,214.34371361818256,207.09718778898116,209.80449672322683,1957.0183532726128
2026-02-05 01:00:00+00:00,ADAUSDT,1h,209.80449672322683,212.16031823024773,208.5065478671496,210.85586511699145,1612.706308637947
2026-02-05 02:00:00+00:00,ADAUSDT,1h,210.85586511699145,214.56878956640324,208.7875773764194,212.4845262688221,1866.9072957724345
2026-02-05 03:00:00+00:00,ADAUSDT,1h,212.4845262688221,214.44487549107396,211.4297998753951,213.3856759888946,2961.3464262055995
2026-02-05 04:00:00+00:00,ADAUSDT,1h,213.3856759888946,215.6597663182807,211.385911576356,213.65745490347064,1874.0255122884096
2026-02-05 05:00:00+00:00,ADAUSDT,1h,213.65745490347064,215.83023115391345,211.4221662888044,213.59430029234204,1950.5481740608516
2026-02-05 06:00:00+00:00,ADAUSDT,1h,213.59430029234204,216.59161708712364,212.2259708041694,215.2129183949188,1667.9058920841155
2026-02-05 07:00:00+00:00,ADAUSDT,1h,215.2129183949188,216.85068614052983,212.79169216668677,214.42345208306784,2180.3740875669846
2026-02-05 08:00:00+00:00,ADAUSDT,1h,214.42345208306784,217.66108100110375,213.02729011034504,216.2530063663446,1836.5546001756088
2026-02-05 09:00:00+00:00,ADAUSDT,1h,216.2530063663446,220.6131779929135,213.47073287873357,217.81086141379177,1736.1202600549884
2026-02-05 10:00:00+00:00,ADAUSDT,1h,217.81086141379177,220.3700911189197,215.4201246665809,217.9775250375464,1165.5142237677285
2026-02-05 11:00:00+00:00,ADAUSDT,1h,217.9775250375464,220.2254438588432,215.3087206429192,217.55225380469304,1906.031679612974
2026-02-05 12:00:00+00:00,ADAUSDT,1h,217.55225380469304,218.6403413120352,215.25864113189903,216.34066889783108,2336.419613389377
2026-02-05 13:00:00+00:00,ADAUSDT,1h,216.34066889783108,219.28653622601803,214.6687199623548,217.60481755096544,2391.328509366594
2026-02-05 14:00:00+00:00,ADAUSDT,1h,217.60481755096544,220.5972999138341,215.08979079436304,218.07681788522464,2266.6367968143645
2026-02-05 15:00:00+00:00,ADAUSDT,1h,218.07681788522464,219.8628374859264,217.17348221159747,218.95586056962532,1911.438701260549
2026-02-05 16:00:00+00:00,ADAUSDT,1h,218.95586056962532,222.51525033150293,217.1231845983865,220.6682416103719,1901.35035898587
2026-02-05 17:00:00+00:00,ADAUSDT,1h,220.6682416103719,221.70997804491697,219.824054097238,220.86503766959223,1804.730742654153
2026-02-05 18:00:00+00:00,ADAUSDT,1h,220.86503766959223,223.70710981550403,219.48876506170737,222.3217599584331,1377.3312721590062
2026-02-05 19:00:00+00:00,ADAUSDT,1h,222.3217599584331,224.26615048412577,219.1795462445357,221.11336837082965,2444.734868864987
2026-02-05 20:00:00+00:00,ADAUSDT,1h,221.11336837082965,223.753128199047,220.34779460899549,222.98108772314157,2421.1354914140293
2026-02-05 21:00:00+00:00,ADAUSDT,1h,222.98108772314157,227.68353914496112,220.7221137209286,225.4000590583349,2090.6547172745004
2026-02-05 22:00:00+00:00,ADAUSDT,1h,225.4000590583349,225.92077131484533,223.4775848643463,223.99505131535287,1101.824951598211
2026-02-05 23:00:00+00:00,ADAUSDT,1h,223.99505131535287,227.33154697205185,222.48512407701125,225.8093894697699,2740.372616107489
2026-02-06 00:00:00+00:00,ADAUSDT,1h,225.8093894697699,229.7601854350141,223.6695885354689,227.6033843576007,2551.738638727504
2026-02-06 01:00:00+00:00,ADAUSDT,1h,227.6033843576007,229.40039443895537,226.4306912589001,228.22450112708088,1863.37777348753
2026-02-06 02:00:00+00:00,ADAUSDT,1h,228.22450112708088,229.903716638134,226.5152486972654,228.1942415664756,2089.1935854793346
2026-02-06 03:00:00+00:00,ADAUSDT,1h,228.1942415664756,231.56294666824093,224.5194405388769,227.88355920921097,1889.421178714813
2026-02-06 04:00:00+00:00,ADAUSDT,1h,227.88355920921097,230.76836841265572,225.8291055554028,228.70649568545613,2693.462037512639
2026-02-06 05:00:00+00:00,ADAUSDT,1h,228.70649568545613,230.46969331460213,225.85091287062176,227.6056233975444,1738.6684280546294
2026-02-06 06:00:00+00:00,ADAUSDT,1h,227.6056233975444,229.7596782671484,225.4670258366833,227.6209368203491,1929.4983076013432
2026-02-06 07:00:00+00:00,ADAUSDT,1h,227.6209368203491,231.3785472872028,225.17859404127933,228.9222416777961,2599.1050663380856
2026-02-06 08:00:00+00:00,ADAUSDT,1h,228.9222416777961,230.2418776540581,227.895055844424,229.21338544368385,2155.369796114653
2026-02-06 09:00:00+00:00,ADAUSDT,1h,229.21338544368385,239.69897812072216,226.5027917827392,236.89751475700584,6273.293633417645
2026-02-06 10:00:00+00:00,ADAUSDT,1h,236.89751475700584,238.98165977318772,234.18344930865788,236.26200330789408,2105.747831120844
2026-02-06 11:00:00+00:00,ADAUSDT,1h,236.26200330789408,238.66089482744516,231.29098367640665,233.66349114475895,2210.690323378651
2026-02-06 12:00:00+00:00,ADAUSDT,1h,233.66349114475895,236.52269121454967,232.5534664751825,235.4043963282968,1972.5275739112492
2026-02-06 13:00:00+00:00,ADAUSDT,1h,235.4043963282968,238.24219944350935,233.58916455288605,236.41914283503792,1938.134172778578
2026-02-06 14:00:00+00:00,ADAUSDT,1h,236.41914283503792,237.7022333599517,231.2894149257345,232.5515151178932,2696.419911931533
2026-02-06 15:00:00+00:00,ADAUSDT,1h,232.5515151178932,234.7819171779259,229.89721344691176,232.1235105139069,2193.522054009813
2026-02-06 16:00:00+00:00,ADAUSDT,1h,232.1235105139069,233.67894213429008,228.1918687781953,229.73127028561663,1907.2549977419253
2026-02-06 17:00:00+00:00,ADAUSDT,1h,229.73127028561663,231.2893317940664,227.07981942378024,228.6304148152639,1564.4584373301132
2026-02-06 18:00:00+00:00,ADAUSDT,1h,228.6304148152639,230.64640417989847,226.66187914451984,228.67746341499017,1840.5668930130803
2026-02-06 19:00:00+00:00,ADAUSDT,1h,228.67746341499017,231.0105356986705,225.07086652102055,227.3908117952089,1706.1461264754105
2026-02-06 20:00:00+00:00,ADAUSDT,1h,227.3908117952089,229.56912482066883,223.9777518317808,226.14412206830664,1441.405167301748
2026-02-06 21:00:00+00:00,ADAUSDT,1h,226.14412206830664,227.8217310891781,223.73568729517683,225.4078342992065,1864.781992647099
2026-02-06 22:00:00+00:00,ADAUSDT,1h,225.4078342992065,228.1921036804832,223.5875933389815,226.3641402413487,1742.8519396112506
2026-02-06 23:00:00+00:00,ADAUSDT,1h,226.3641402413487,228.64911989018668,222.81232538300975,225.08438686192736,1221.7238780572677
2026-02-07 00:00:00+00:00,ADAUSDT,1h,225.08438686192736,226.8864656216999,222.42243915577347,224.21757803939715,2132.802218593301
2026-02-07 01:00:00+00:00,ADAUSDT,1h,224.21757803939715,225.102531198482,223.52150432687571,224.40587293265955,1794.4816524769435
2026-02-07 02:00:00+00:00,ADAUSDT,1h,224.40587293265955,225.845656523902,222.7657525986573,224.2042425332912,2055.402486254669
2026-02-07 03:00:00+00:00,ADAUSDT,1h,224.2042425332912,226.03335713814204,223.15866224999488,224.98413979077324,1270.2896279412105
2026-02-07 04:00:00+00:00,ADAUSDT,1h,224.98413979077324,226.6442926708192,222.36069029869577,224.0136821940803,1813.0436275071831
2026-02-07 05:00:00+00:00,ADAUSDT,1h,224.0136821940803,225.7123633171417,221.33605007302415,223.02725115392607,2035.9157227676276
2026-02-07 06:00:00+00:00,ADAUSDT,1h,223.02725115392607,225.58964018557387,222.0867034731053,224.64228161886183,1961.174807846357
2026-02-07 07:00:00+00:00,ADAUSDT,1h,224.64228161886183,226.64904096042144,222.72401013316383,224.73002025457723,2112.169457011609
2026-02-07 08:00:00+00:00,ADAUSDT,1h,224.73002025457723,228.62112376838556,221.60134966199985,225.48198440039917,1238.473587155501
2026-02-07 09:00:00+00:00,ADAUSDT,1h,225.48198440039917,226.2849321078837,224.99139647458557,225.79366604695028,1813.2067620708824
2026-02-07 10:00:00+00:00,ADAUSDT,1h,225.79366604695028,228.50771514577613,223.63544528998432,226.34423187362967,2029.4888115829208
2026-02-07 11:00:00+00:00,ADAUSDT,1h,226.34423187362967,228.69983241982712,225.02912967735568,227.37871965662072,1669.767485426687
2026-02-07 12:00:00+00:00,ADAUSDT,1h,227.37871965662072,230.4975762535604,226.25999427515683,229.3690582131168,2325.497934995392
2026-02-07 13:00:00+00:00,ADAUSDT,1h,229.3690582131168,231.4800559896344,226.7740721247497,228.8805741388367,1663.3874631543645
2026-02-07 14:00:00+00:00,ADAUSDT,1h,228.8805741388367,231.45988000996255,226.6419996719117,229.21800528589256,1704.449439200597
2026-02-07 15:00:00+00:00,ADAUSDT,1h,229.21800528589256,231.06337591622892,225.85893469724093,227.6920200433326,2241.856820478183
2026-02-07 16:00:00+00:00,ADAUSDT,1h,227.6920200433326,229.44607111539813,225.72254721491947,227.4749258776756,1261.7903701602045
2026-02-07 17:00:00+00:00,ADAUSDT,1h,227.4749258776756,230.2687756680573,225.24674864164004,228.0351112675405,1622.0334170811443
2026-02-07 18:00:00+00:00,ADAUSDT,1h,228.0351112675405,232.6458352431698,224.7171558042369,229.309339509755,1421.522942050406
2026-02-07 19:00:00+00:00,ADAUSDT,1h,229.309339509755,231.83388048442023,225.726999373682,228.23976505589735,1767.7378311287214
2026-02-07 20:00:00+00:00,ADAUSDT,1h,228.23976505589735,232.83610228796465,226.5127280412065,231.08751699918784,2291.54215071618
2026-02-07 21:00:00+00:00,ADAUSDT,1h,231.08751699918784,232.60870548009825,228.41306426511235,229.92661080520028,2645.0656209434114
2026-02-07 22:00:00+00:00,ADAUSDT,1h,229.92661080520028,232.32845609388096,227.2522922371724,229.6512611855092,1822.7783887910427
2026-02-07 23:00:00+00:00,ADAUSDT,1h,229.6512611855092,230.2414491439083,228.1651168164613,228.7529962958275,1707.9064138945228
2026-02-08 00:00:00+00:00,ADAUSDT,1h,228.7529962958275,231.4270275007637,227.14072360598223,229.8073238111648,1408.2125124965737
2026-02-08 01:00:00+00:00,ADAUSDT,1h,229.8073238111648,230.89748190187535,226.78048179654328,227.861408871986,2128.830860231044
2026-02-08 02:00:00+00:00,ADAUSDT,1h,227.861408871986,229.37420653805316,226.0706708516435,227.58161090737676,1781.193720920703
2026-02-08 03:00:00+00:00,ADAUSDT,1h,227.58161090737676,229.01172484390472,225.55400761119012,226.98034320500707,2397.84757537417
2026-02-08 04:00:00+00:00,ADAUSDT,1h,226.98034320500707,228.9910843161776,222.51507180537743,224.50387473061676,2305.9656081142225
2026-02-08 05:00:00+00:00,ADAUSDT,1h,224.50387473061676,226.1014898186369,211.50134464364703,213.0172183561261,1978.3549694488229
2026-02-08 06:00:00+00:00,ADAUSDT,1h,213.0172183561261,213.8714724336562,211.88761417293188,212.7407595793453,1719.0324375785256
2026-02-08 07:00:00+00:00,ADAUSDT,1h,212.7407595793453,215.2113566729407,211.7004298550144,214.1640667929532,2525.2790955843934
2026-02-08 08:00:00+00:00,ADAUSDT,1h,214.1640667929532,216.7030497066268,212.75249508163304,215.28409579863867,1560.6059405950464
2026-02-08 09:00:00+00:00,ADAUSDT,1h,215.28409579863867,219.23602544010475,213.69757113894744,217.63219657698653,1624.4917375860066
2026-02-08 10:00:00+00:00,ADAUSDT,1h,217.63219657698653,220.1391721532508,215.6531314512853,218.15534967059932,1783.7278094430003
2026-02-08 11:00:00+00:00,ADAUSDT,1h,218.15534967059932,219.84928834520736,215.86389071651487,217.553153441236,2331.6140205133406
2026-02-08 12:00:00+00:00,ADAUSDT,1h,217.553153441236,218.63863769071784,215.98508820328783,217.068152534525,2074.501901470441
2026-02-08 13:00:00+00:00,ADAUSDT,1h,217.068152534525,219.14619192788223,214.6346851064146,216.7092890233821,1334.9875777796751
2026-02-08 14:00:00+00:00,ADAUSDT,1h,216.7092890233821,219.5532056306945,214.0766497700397,216.91803053270175,1765.8788909572972
2026-02-08 15:00:00+00:00,ADAUSDT,1h,216.91803053270175,219.1935443429197,215.1478704081106,217.41929365934396,2280.128922934612
2026-02-08 16:00:00+00:00,ADAUSDT,1h,217.41929365934396,218.95054465984785,215.9056021128101,217.43673170814057,1597.3133785684993
2026-02-08 17:00:00+00:00,ADAUSDT,1h,217.43673170814057,218.3170866173956,214.31185491173747,215.1830852877348,2317.6581532018367
2026-02-08 18:00:00+00:00,ADAUSDT,1h,215.1830852877348,217.54157393500748,212.1223639977136,214.47307061348332,1755.4251107065825
2026-02-08 19:00:00+00:00,ADAUSDT,1h,214.47307061348332,219.13635312367896,211.66680079288244,216.30609906851225,2118.7778145694115
2026-02-08 20:00:00+00:00,ADAUSDT,1h,216.30609906851225,218.29697908926647,215.48755310804725,217.47401350472228,1634.9450419865434
2026-02-08 21:00:00+00:00,ADAUSDT,1h,217.47401350472228,222.09346794926503,214.58126937185096,219.1780573707973,2556.9326515469897
2026-02-08 22:00:00+00:00,ADAUSDT,1h,219.1780573707973,221.42563742570488,217.31994893718397,219.564254955458,2091.0530542084784
2026-02-08 23:00:00+00:00,ADAUSDT,1h,219.564254955458,221.53547598715812,217.77466788479492,219.7444204541215,3058.692721027298
2026-02-09 00:00:00+00:00,ADAUSDT,1h,219.7444204541215,221.6286867768312,216.3268892970905,218.19789445553351,2517.2135622991955
2026-02-09 01:00:00+00:00,ADAUSDT,1h,218.19789445553351,219.96014573637595,216.66097552592885,218.4216507362764,1647.021550746545
2026-02-09 02:00:00+00:00,ADAUSDT,1h,218.4216507362764,221.01783346013957,215.34232412478724,217.93269507015293,1214.108992147247
2026-02-09 03:00:00+00:00,ADAUSDT,1h,217.93269507015293,223.02130305471744,216.53086177518605,221.595906467872,1300.5082596620323
2026-02-09 04:00:00+00:00,ADAUSDT,1h,221.595906467872,225.435344413196,219.4973094597545,223.32041565116563,2952.1572771950373
2026-02-09 05:00:00+00:00,ADAUSDT,1h,223.32041565116563,225.1237883172637,219.721930845826,221.51068948439436,1499.9532771042202
2026-02-09 06:00:00+00:00,ADAUSDT,1h,221.51068948439436,223.45275484113927,217.23062357712277,219.15200952263,1942.0717966596967
2026-02-09 07:00:00+00:00,ADAUSDT,1h,219.15200952263,221.1682254672725,214.95138606869543,216.94731868198448,1505.7832800819297
2026-02-09 08:00:00+00:00,ADAUSDT,1h,216.94731868198448,217.87687508964544,214.3527359596443,215.2751275126033,1554.325244936899
2026-02-09 09:00:00+00:00,ADAUSDT,1h,215.2751275126033,217.34757287839216,212.15940565281343,214.22170980689967,1986.6667406150543
2026-02-09 10:00:00+00:00,ADAUSDT,1h,214.22170980689967,215.39185384032044,212.6296175029167,213.79744406803152,2081.655879746369
2026-02-09 11:00:00+00:00,ADAUSDT,1h,213.79744406803152,216.32992765255787,211.5155027182225,214.04534041089684,2131.030529410154
2026-02-09 12:00:00+00:00,ADAUSDT,1h,214.04534041089684,216.5315302267337,208.866137476449,211.32067968087048,1743.036031924464
2026-02-09 13:00:00+00:00,ADAUSDT,1h,211.32067968087048,212.1205237174642,208.73966716544663,209.5327439051996,782.7203429203616
2026-02-09 14:00:00+00:00,ADAUSDT,1h,209.5327439051996,211.2780865652288,208.12979500282665,209.87286037663608,2032.966034196984
2026-02-09 15:00:00+00:00,ADAUSDT,1h,209.87286037663608,212.0595987708542,207.78025853888587,209.9660675820248,2679.4276042834176
2026-02-09 16:00:00+00:00,ADAUSDT,1h,209.9660675820248,216.0488678542272,207.1242406389819,213.16376110077573,2069.717190123792
2026-02-09 17:00:00+00:00,ADAUSDT,1h,213.16376110077573,217.02001244668745,211.8536380192285,215.69433622951985,2413.1903297696326
2026-02-09 18:00:00+00:00,ADAUSDT,1h,215.69433622951985,217.56440574474811,212.5778626523077,214.4370313363264,1691.8135029725192
2026-02-09 19:00:00+00:00,ADAUSDT,1h,214.4370313363264,215.62254138787733,210.81883947360225,211.99082573539545,1950.694566564096
2026-02-09 20:00:00+00:00,ADAUSDT,1h,211.99082573539545,213.7687468311338,210.43740805285285,212.213696008937,1883.013243384549
2026-02-09 21:00:00+00:00,ADAUSDT,1h,212.213696008937,214.8485984700704,209.95477886279568,212.58572128603785,1843.6596238901452
2026-02-09 22:00:00+00:00,ADAUSDT,1h,212.58572128603785,215.89579293999,210.9380218493722,214.2353079642767,1702.6635486145256
2026-02-09 23:00:00+00:00,ADAUSDT,1h,214.2353079642767,216.4778651799267,212.8306231479948,215.06772243989792,1964.3148425618265
2026-02-10 00:00:00+00:00,ADAUSDT,1h,215.06772243989792,217.0380732709021,213.3211276384262,215.28967595415853,2160.595983787962
2026-02-10 01:00:00+00:00,ADAUSDT,1h,215.28967595415853,217.67807595513776,212.6541375731734,215.0397650905007,1404.2120657506964
2026-02-10 02:00:00+00:00,ADAUSDT,1h,215.0397650905007,218.47846671496512,211.52602750020316,214.9635097248527,1633.9705507258534
2026-02-10 03:00:00+00:00,ADAUSDT,1h,214.9635097248527,218.06835800334545,212.99952155921872,216.09404087627465,1911.6303315117716
2026-02-10 04:00:00+00:00,ADAUSDT,1h,216.09404087627465,216.6904032029177,214.6666282160477,215.2606907169395,1826.0022126999024
2026-02-10 05:00:00+00:00,ADAUSDT,1h,215.2606907169395,219.0510112956604,213.16924099683192,216.9432143568201,1715.0728031564754
2026-02-10 06:00:00+00:00,ADAUSDT,1h,216.9432143568201,218.1050254987003,213.0147093417865,214.1616240388382,1328.9061651348356
2026-02-10 07:00:00+00:00,ADAUSDT,1h,214.1616240388382,216.19869538313847,211.2914621108219,213.32053313203963,2293.8729436973445
2026-02-10 08:00:00+00:00,ADAUSDT,1h,213.32053313203963,214.7312486770089,211.75000479081515,213.15965643795036,2370.0035434929305
2026-02-10 09:00:00+00:00,ADAUSDT,1h,213.15965643795036,215.69446816933507,211.20824669170116,213.73776601140307,1709.6968085412225
2026-02-10 10:00:00+00:00,ADAUSDT,1h,213.73776601140307,224.87150968234903,211.05431331364565,222.083280030446,5092.353360034328
2026-02-10 11:00:00+00:00,ADAUSDT,1h,222.083280030446,222.3418531920273,221.491882272882,221.7500674726837,2197.1845700612566
2026-02-10 12:00:00+00:00,ADAUSDT,1h,221.7500674726837,225.3902100642516,218.8243080396831,222.4551478357801,1921.2648309643012
2026-02-10 13:00:00+00:00,ADAUSDT,1h,222.4551478357801,225.0980472888802,219.6568449572824,222.2978759265695,1936.418492747192
2026-02-10 14:00:00+00:00,ADAUSDT,1h,222.2978759265695,224.1366309309969,221.0016229278724,222.83723285932712,1835.25575354574
2026-02-10 15:00:00+00:00,ADAUSDT,1h,222.83723285932712,226.44385590299925,219.5036224801709,223.1062214956392,2108.997328520029
2026-02-10 16:00:00+00:00,ADAUSDT,1h,223.1062214956392,225.0424078230033,219.7414313848868,221.66511130237257,1655.529335893894
2026-02-10 17:00:00+00:00,ADAUSDT,1h,221.66511130237257,224.86006414115613,219.5716591762472,222.7563065367799,1884.84444663106
2026-02-10 18:00:00+00:00,ADAUSDT,1h,222.7563065367799,226.6136409524785,220.3984360826272,224.2400649491718,2370.7558302924795
2026-02-10 19:00:00+00:00,ADAUSDT,1h,224.2400649491718,226.2894885745698,221.47407043432685,223.5168846125341,2394.7517173932115
2026-02-10 20:00:00+00:00,ADAUSDT,1h,223.5168846125341,224.7651483932756,220.3833686577155,221.6210448350532,2541.715757091555
2026-02-10 21:00:00+00:00,ADAUSDT,1h,221.6210448350532,223.7383090208359,219.8747045990501,221.9890688116886,2298.025828359217
2026-02-10 22:00:00+00:00,ADAUSDT,1h,221.9890688116886,224.2427308481719,220.49927757245544,222.7478473687985,2154.9607397938785
2026-02-10 23:00:00+00:00,ADAUSDT,1h,222.7478473687985,223.5807868590028,219.35270394948355,220.17602641641125,2284.4745701412603
2026-02-11 00:00:00+00:00,ADAUSDT,1h,220.17602641641125,222.37265209101687,217.31309784589263,219.50300904177573,1496.4047196292724
2026-02-11 01:00:00+00:00,ADAUSDT,1h,219.50300904177573,221.3307904641238,217.06208920503016,218.88472220963945,1838.360604639881
2026-02-11 02:00:00+00:00,ADAUSDT,1h,218.88472220963945,220.64490694811505,216.59077904422173,218.34663671101725,2601.225834391923
2026-02-11 03:00:00+00:00,ADAUSDT,1h,218.34663671101725,220.3203620162066,217.0750899298757,219.0447497572989,2171.708553475108
2026-02-11 04:00:00+00:00,ADAUSDT,1h,219.0447497572989,221.74976896464787,214.9093332947784,217.5964674283153,1461.0295470406172
2026-02-11 05:00:00+00:00,ADAUSDT,1h,217.5964674283153,218.8445542189602,214.55748936648052,215.7952447290257,1886.4654824325744
2026-02-11 06:00:00+00:00,ADAUSDT,1h,215.7952447290257,218.28103551833328,213.2155988630743,215.70029591705628,1957.770544219544
2026-02-11 07:00:00+00:00,ADAUSDT,1h,215.70029591705628,216.8820570356542,214.45568443482875,215.63709931706956,1896.346776123389
2026-02-11 08:00:00+00:00,ADAUSDT,1h,215.63709931706956,216.41853847164543,213.839225542071,214.61696788079456,2422.9354109349533
2026-02-11 09:00:00+00:00,ADAUSDT,1h,214.61696788079456,217.8502633121356,212.90882768227036,216.130080226009,2371.7333226915766
2026-02-11 10:00:00+00:00,ADAUSDT,1h,216.130080226009,219.02824869752152,214.2161926414244,217.10572155740064,2377.58350989866
2026-02-11 11:00:00+00:00,ADAUSDT,1h,217.10572155740064,219.0637200388797,214.0753944591056,216.0236339816082,1659.4554627247107
2026-02-11 12:00:00+00:00,ADAUSDT,1h,216.0236339816082,217.0286400317908,215.027936201454,216.0328995447324,1581.4653106691442
2026-02-11 13:00:00+00:00,ADAUSDT,1h,216.0328995447324,217.4590279990393,214.719601077192,216.1450477645756,1354.1902090911467
2026-02-11 14:00:00+00:00,ADAUSDT,1h,216.1450477645756,217.5236907559654,212.53562643358293,213.8999494621904,1534.693554465802
2026-02-11 15:00:00+00:00,ADAUSDT,1h,213.8999494621904,215.71607335236104,211.25954218128723,213.0686075380966,2253.455722239012
2026-02-11 16:00:00+00:00,ADAUSDT,1h,213.0686075380966,214.9811921085464,211.5852221965196,213.4948393377874,1925.2725664845632
2026-02-11 17:00:00+00:00,ADAUSDT,1h,213.4948393377874,214.8218773825525,210.6681936472088,211.98585215188305,1943.29015285053
2026-02-11 18:00:00+00:00,ADAUSDT,1h,211.98585215188305,213.3649378911872,210.35259346555185,211.7300148410156,2238.0381061482835
2026-02-11 19:00:00+00:00,ADAUSDT,1h,211.7300148410156,214.50147558522,209.4748672050236,212.2408866266992,1590.113496868108
2026-02-11 20:00:00+00:00,ADAUSDT,1h,212.2408866266992,215.01558529015088,210.10159487404155,212.8699528357823,2453.3652135513994
2026-02-11 21:00:00+00:00,ADAUSDT,1h,212.8699528357823,214.9541100521337,210.30239852982945,212.3817761284192,2275.8675556852227
2026-02-11 22:00:00+00:00,ADAUSDT,1h,212.3817761284192,213.9077667040485,210.85492588711807,212.3809102412358,2407.915457840525
2026-02-11 23:00:00+00:00,ADAUSDT,1h,212.3809102412358,214.62502084608877,210.54739428293576,212.78799050339265,1958.203040788675
2026-02-12 00:00:00+00:00,ADAUSDT,1h,212.78799050339265,215.2775467929843,209.70600432636573,212.1885473086167,1880.304270265088
2026-02-12 01:00:00+00:00,ADAUSDT,1h,212.1885473086167,214.41530662980787,209.66867080419783,211.89232145773,2626.118966074572
2026-02-12 02:00:00+00:00,ADAUSDT,1h,211.89232145773,212.59596809122016,210.15353336929937,210.85373107826484,2371.6335463542687
2026-02-12 03:00:00+00:00,ADAUSDT,1h,210.85373107826484,212.85743110663205,207.9564548907314,209.9515819801028,1489.5048542942504
2026-02-12 04:00:00+00:00,ADAUSDT,1h,209.9515819801028,212.05853980942683,208.5662022025394,210.66842986241025,2242.094756416172
2026-02-12 05:00:00+00:00,ADAUSDT,1h,210.66842986241025,212.7745700961918,207.56422228530977,209.66028366067675,1998.959887530861
2026-02-12 06:00:00+00:00,ADAUSDT,1h,209.66028366067675,211.18744208429052,207.3589539193605,208.8804319293073,1310.4184987134438
2026-02-12 07:00:00+00:00,ADAUSDT,1h,208.8804319293073,212.8846500231905,207.10136237004232,211.08678855568112,1176.618106192475
2026-02-12 08:00:00+00:00,ADAUSDT,1h,211.08678855568112,212.0375555324824,210.9174837611193,211.8676244587344,1399.6390239407626
2026-02-12 09:00:00+00:00,ADAUSDT,1h,211.8676244587344,214.97626455481492,209.4838922074697,212.5844670747675,1981.0130729949883
2026-02-12 10:00:00+00:00,ADAUSDT,1h,212.5844670747675,214.55178811927496,209.62427851562825,211.58232543790604,2247.5070527689554
2026-02-12 11:00:00+00:00,ADAUSDT,1h,211.58232543790604,212.7000224667946,210.01665098653265,211.1319689789156,2098.8943033406917
2026-02-12 12:00:00+00:00,ADAUSDT,1h,211.1319689789156,212.40583184542876,209.50479540272977,210.7765136325561,1734.3871411255664
2026-02-12 13:00:00+00:00,ADAUSDT,1h,210.7765136325561,212.43096877002137,206.84143706692507,208.47784922095,1167.2962146840307
2026-02-12 14:00:00+00:00,ADAUSDT,1h,208.47784922095,210.119164202978,207.4560755464204,209.09436889533268,1796.2946363257577
2026-02-12 15:00:00+00:00,ADAUSDT,1h,209.09436889533268,210.1722567660175,207.06249426151248,208.1354388183036,2033.4897338665428
2026-02-12 16:00:00+00:00,ADAUSDT,1h,208.1354388183036,210.68885192221285,206.05966254307057,208.6083591184316,1648.357766584483
2026-02-12 17:00:00+00:00,ADAUSDT,1h,208.6083591184316,212.14075366403836,206.96949222940555,210.48712681913196,1889.7123784616156
2026-02-12 18:00:00+00:00,ADAUSDT,1h,210.48712681913196,212.6472377575415,208.87795544959107,211.03388641792037,1652.5800309141744
2026-02-12 19:00:00+00:00,ADAUSDT,1h,211.03388641792037,215.3039151034105,208.73317202577908,212.98196257305747,2183.219447655665
2026-02-12 20:00:00+00:00,ADAUSDT,1h,212.98196257305747,214.8512050748452,208.5151815346153,210.36142480911292,2170.5313646674176
2026-02-12 21:00:00+00:00,ADAUSDT,1h,210.36142480911292,210.7244272644452,209.6979588684235,210.0604419437447,1646.30172845113
2026-02-12 22:00:00+00:00,ADAUSDT,1h,210.0604419437447,211.07802866084077,209.19785870653112,210.2148115269564,799.6138867935856
2026-02-12 23:00:00+00:00,ADAUSDT,1h,210.2148115269564,211.77784341406652,208.29807251850823,209.85845474928527,2346.836458000025
2026-02-13 00:00:00+00:00,ADAUSDT,1h,209.85845474928527,210.69345420053955,208.23073159128944,209.06256429812652,1828.2239540345915
2026-02-13 01:00:00+00:00,ADAUSDT,1h,209.06256429812652,212.1111117908095,207.3883957976149,210.42602472861236,2308.8828605457898
2026-02-13 02:00:00+00:00,ADAUSDT,1h,210.42602472861236,212.77128806418537,207.7490369592377,210.09056145251276,1878.505213048455
2026-02-13 03:00:00+00:00,ADAUSDT,1h,210.09056145251276,212.03250201290945,208.77001959294415,210.7080786968655,1162.6685821293304
2026-02-13 04:00:00+00:00,ADAUSDT,1h,210.7080786968655,211.68750165636897,207.67956758742,208.6494214016245,1955.136085854711
2026-02-13 05:00:00+00:00,ADAUSDT,1h,208.6494214016245,209.5041605885595,208.01594239292257,208.8700118467924,2020.8709210464
2026-02-13 06:00:00+00:00,ADAUSDT,1h,208.8700118467924,210.55133346927371,206.54461087498956,208.2207058389335,2506.6087142381025
2026-02-13 07:00:00+00:00,ADAUSDT,1h,208.2207058389335,211.0337587439976,206.25198528501693,209.05712982626576,1675.3507873965852
2026-02-13 08:00:00+00:00,ADAUSDT,1h,209.05712982626576,210.13966331706965,206.3420555740732,207.416091488344,1364.8864066186766
2026-02-13 09:00:00+00:00,ADAUSDT,1h,207.416091488344,208.97562700736947,205.30716734516065,206.86254078603864,1609.579792394596
2026-02-13 10:00:00+00:00,ADAUSDT,1h,206.86254078603864,208.5404381810841,204.407457686736,206.07899964578448,1695.001595549873
2026-02-13 11:00:00+00:00,ADAUSDT,1h,206.07899964578448,207.9596055319425,204.8057210381052,206.68259753754955,2116.8731398774016
2026-02-13 12:00:00+00:00,ADAUSDT,1h,206.68259753754955,207.440188504797,205.9268992182485,206.68448329057392,2259.749012563574
2026-02-13 13:00:00+00:00,ADAUSDT,1h,206.68448329057392,207.8006192871944,204.9465742872404,206.0593343592905,1346.21803295184
2026-02-13 14:00:00+00:00,ADAUSDT,1h,206.0593343592905,208.342695637077,203.3663336698908,205.64510483454384,2398.322338461112
2026-02-13 15:00:00+00:00,ADAUSDT,1h,205.64510483454384,208.79437445806977,204.30943378974413,207.44700005049063,1884.29975943368
2026-02-13 16:00:00+00:00,ADAUSDT,1h,207.44700005049063,207.83091444218311,196.6151899739066,196.9797329865647,2084.559784140095
2026-02-13 17:00:00+00:00,ADAUSDT,1h,196.9797329865647,199.0650143489609,195.1864789881251,197.2691257911376,1936.4611584632755
2026-02-13 18:00:00+00:00,ADAUSDT,1h,197.2691257911376,199.69307334281652,195.66432906916256,198.0816665507544,2032.808439696303
2026-02-13 19:00:00+00:00,ADAUSDT,1h,198.0816665507544,200.9611686648375,196.2026388092432,199.07273948017075,1770.5227151593242
2026-02-13 20:00:00+00:00,ADAUSDT,1h,199.07273948017075,202.48417253915557,197.1373086795985,200.53452987730097,2184.568451016139
2026-02-13 21:00:00+00:00,ADAUSDT,1h,200.53452987730097,202.3168571495142,198.68779096138567,200.46954061670857,796.7134449408378
2026-02-13 22:00:00+00:00,ADAUSDT,1h,200.46954061670857,203.4593438722089,197.983784892264,200.96741467479615,1960.898887792869
2026-02-13 23:00:00+00:00,ADAUSDT,1h,200.96741467479615,204.03615293826564,198.8877322495855,201.9463402424244,1383.945936272059
2026-02-14 00:00:00+00:00,ADAUSDT,1h,201.9463402424244,203.5954090951682,199.67388781121412,201.3178242802993,1967.8221867586365
2026-02-14 01:00:00+00:00,ADAUSDT,1h,201.3178242802993,203.50350674321217,199.34056902884348,201.5242243212053,2105.5991992811514
2026-02-14 02:00:00+00:00,ADAUSDT,1h,201.5242243212053,202.23092178066105,200.0934114602778,200.79756068341885,1970.400373218725
2026-02-14 03:00:00+00:00,ADAUSDT,1h,200.79756068341885,203.01605736456744,197.34442666764932,199.5491301584481,2192.127109179032
2026-02-14 04:00:00+00:00,ADAUSDT,1h,199.5491301584481,203.12765373153533,196.9959718769972,200.561542009992,1855.925629167767
2026-02-14 05:00:00+00:00,ADAUSDT,1h,200.561542009992,202.4033996548104,199.49480508840136,201.33256187049088,1781.910327506451
2026-02-14 06:00:00+00:00,ADAUSDT,1h,201.33256187049088,203.05866516735,199.08695449499191,200.80856536355347,2320.133934748876
2026-02-14 07:00:00+00:00,ADAUSDT,1h,200.80856536355347,203.3677444479171,198.26739823513896,200.82635223245765,2302.5270521536595
2026-02-14 08:00:00+00:00,ADAUSDT,1h,200.82635223245765,202.60374453634924,198.51139716792625,200.28398934669303,1663.3556387717574
2026-02-14 09:00:00+00:00,ADAUSDT,1h,200.28398934669303,202.92542649426167,196.05197614572845,198.67215569149664,2398.9639427295847
2026-02-14 10:00:00+00:00,ADAUSDT,1h,198.67215569149664,200.79206513869164,196.23549794274572,198.3519911088772,1965.524469143004
2026-02-14 11:00:00+00:00,ADAUSDT,1h,198.3519911088772,208.35361109537567,197.01471511518628,206.95831185691665,5530.042305173334
2026-02-14 12:00:00+00:00,ADAUSDT,1h,206.95831185691665,208.72238497955615,203.59697057659173,205.34731184280096,2409.048067411919
2026-02-14 13:00:00+00:00,ADAUSDT,1h,205.34731184280096,207.6885504330993,203.38691700089893,205.724554161555,2732.280391407458
2026-02-14 14:00:00+00:00,ADAUSDT,1h,205.724554161555,207.4669345330556,203.4138391466536,205.1513649021419,1934.020615303332
2026-02-14 15:00:00+00:00,ADAUSDT,1h,205.1513649021419,206.5576321040558,202.41804499736352,203.81515276078144,1648.870444078563
2026-02-14 16:00:00+00:00,ADAUSDT,1h,203.81515276078144,203.8831609232829,202.9979217630192,203.06567984462544,2256.138341853697
2026-02-14 17:00:00+00:00,ADAUSDT,1h,203.06567984462544,205.1464143982919,200.20898285170608,202.2816841078668,2709.571919284728
2026-02-14 18:00:00+00:00,ADAUSDT,1h,202.2816841078668,204.3432418047533,199.736838208792,201.7934197500298,2209.560228966629
2026-02-14 19:00:00+00:00,ADAUSDT,1h,201.7934197500298,203.85532292131865,200.853095374174,202.90979641256015,2450.738163834289
2026-02-14 20:00:00+00:00,ADAUSDT,1h,202.90979641256015,204.1698196826009,201.5955887613968,202.85527345639213,1721.5161375561197
2026-02-14 21:00:00+00:00,ADAUSDT,1h,202.85527345639213,205.21817486578857,200.60921809838632,202.97083993196864,2169.931785272879
2026-02-14 22:00:00+00:00,ADAUSDT,1h,202.97083993196864,204.94971420290787,199.4095369320137,201.37283133891637,1778.3695392651875
2026-02-14 23:00:00+00:00,ADAUSDT,1h,201.37283133891637,204.62096974579995,199.18803319326025,202.42475869542088,2469.7316624308496
2026-02-15 00:00:00+00:00,ADAUSDT,1h,202.42475869542088,203.7850544659781,200.080214514177,201.43385138076508,1787.480991052951
2026-02-15 01:00:00+00:00,ADAUSDT,1h,201.43385138076508,203.56171573380507,198.9322998371307,201.05617456766157,1848.6351518529411
2026-02-15 02:00:00+00:00,ADAUSDT,1h,201.05617456766157,203.60701541149064,199.72531341229293,202.26813188664607,2204.016357340755
2026-02-15 03:00:00+00:00,ADAUSDT,1h,202.26813188664607,205.1032027615852,199.73435019072977,202.56569355651803,1743.4681916103991
2026-02-15 04:00:00+00:00,ADAUSDT,1h,202.56569355651803,205.06835039194408,200.88562040276528,203.38151087635896,2366.048739057855
2026-02-15 05:00:00+00:00,ADAUSDT,1h,203.38151087635896,205.56631500420028,201.35297801320493,203.53623887962527,2192.915074229166
2026-02-15 06:00:00+00:00,ADAUSDT,1h,203.53623887962527,207.46916630778875,202.0983643489682,206.0137892108111,2073.761232962665
2026-02-15 07:00:00+00:00,ADAUSDT,1h,206.0137892108111,207.9821931864301,203.7726361645568,205.7384089591061,2010.2413742191125
2026-02-15 08:00:00+00:00,ADAUSDT,1h,205.7384089591061,208.41726041895691,204.32302849181076,206.9932472726804,1847.8524378597024
2026-02-15 09:00:00+00:00,ADAUSDT,1h,206.9932472726804,208.93600020752524,202.08172120658332,203.99634647105967,1973.739330243577
2026-02-15 10:00:00+00:00,ADAUSDT,1h,203.99634647105967,207.97286095427071,202.26219383096176,206.21980689835408,2146.5643583787373
2026-02-15 11:00:00+00:00,ADAUSDT,1h,206.21980689835408,206.73300970596756,205.3997359406625,205.9121731647067,1646.9441480724868
2026-02-15 12:00:00+00:00,ADAUSDT,1h,205.9121731647067,208.7342175071961,204.16749563703465,206.980488230619,1491.1758402594207
2026-02-15 13:00:00+00:00,ADAUSDT,1h,206.980488230619,208.6254248401231,202.71234726984,204.33626947225503,1593.4471887004968
2026-02-15 14:00:00+00:00,ADAUSDT,1h,204.33626947225503,207.25208575304157,202.6687971437709,205.57450885568548,1679.0986309930715
2026-02-15 15:00:00+00:00,ADAUSDT,1h,205.57450885568548,207.29002583966076,204.4492660432017,206.1615696620737,2334.125992618933
2026-02-15 16:00:00+00:00,ADAUSDT,1h,206.1615696620737,207.9229432752839,203.9429008461289,205.70033381877656,1376.675284114459
2026-02-15 17:00:00+00:00,ADAUSDT,1h,205.70033381877656,210.9611228882032,201.9134904898684,207.1476354387781,2226.010761536533
2026-02-15 18:00:00+00:00,ADAUSDT,1h,207.1476354387781,209.12100310214737,204.19458847117943,206.1585335715714,2086.9044383140854
2026-02-15 19:00:00+00:00,ADAUSDT,1h,206.1585335715714,210.09496580762908,203.8220921725048,207.740594552794,1521.9711731353575
2026-02-15 20:00:00+00:00,ADAUSDT,1h,207.740594552794,210.0864662985944,206.8671373268633,209.2068441423007,1944.1061250575904
2026-02-15 21:00:00+00:00,ADAUSDT,1h,209.2068441423007,211.76292856179057,208.2203701341668,210.76908809744708,2000.7863063751172
2026-02-15 22:00:00+00:00,ADAUSDT,1h,210.76908809744708,211.9838908848164,207.41154418679463,208.61392533418024,2332.607511556302
2026-02-15 23:00:00+00:00,ADAUSDT,1h,208.61392533418024,210.85838109096443,207.3455240015932,209.5840810781408,2135.049006581384
2026-02-16 00:00:00+00:00,ADAUSDT,1h,209.5840810781408,211.4061848092747,207.20720788763697,209.02444620732868,1745.3511808121275
2026-02-16 01:00:00+00:00,ADAUSDT,1h,209.02444620732868,210.2567616448478,208.55489230868216,209.78549811416343,1332.2856064606187
2026-02-16 02:00:00+00:00,ADAUSDT,1h,209.78549811416343,211.75604780022292,206.90930601642225,208.87126819044997,1325.2669068645891
2026-02-16 03:00:00+00:00,ADAUSDT,1h,208.87126819044997,212.60195700561712,206.0463881847856,209.7649898589409,2022.98621960673
2026-02-16 04:00:00+00:00,ADAUSDT,1h,209.7649898589409,211.01600204187636,208.56784038570785,209.8185469132553,2028.0944015067384
2026-02-16 05:00:00+00:00,ADAUSDT,1h,209.8185469132553,212.6770922521252,206.7622328068976,209.61804655036656,2832.62535137374
2026-02-16 06:00:00+00:00,ADAUSDT,1h,209.61804655036656,212.06444275262945,207.65307929321716,210.0950044744053,2155.8415985934794
2026-02-16 07:00:00+00:00,ADAUSDT,1h,210.0950044744053,210.79168018763403,208.6879177753268,209.38222992585096,2296.1111662514827
2026-02-16 08:00:00+00:00,ADAUSDT,1h,209.38222992585096,211.1010216285196,206.5048519852517,208.2140542848477,2014.2582929211412
2026-02-16 09:00:00+00:00,ADAUSDT,1h,208.2140542848477,210.56608370667357,206.3790933126135,208.72660569148243,1894.7352452787527
2026-02-16 10:00:00+00:00,ADAUSDT,1h,208.72660569148243,210.64799207027517,207.30827471500515,209.22626582255643,1990.0934169053223
2026-02-16 11:00:00+00:00,ADAUSDT,1h,209.22626582255643,212.0995787829763,205.83271266350505,208.69878166213743,2559.690257705977
2026-02-16 12:00:00+00:00,ADAUSDT,1h,208.69878166213743,210.46208413530664,206.627205892014,208.38788156059144,1908.2472962447837
2026-02-16 13:00:00+00:00,ADAUSDT,1h,208.38788156059144,209.83707235751083,205.8191695041527,207.26052029831447,1778.77144144259
2026-02-16 14:00:00+00:00,ADAUSDT,1h,207.26052029831447,209.8862945137974,203.92679352397204,206.5434836341873,1873.3662032974096
2026-02-16 15:00:00+00:00,ADAUSDT,1h,206.5434836341873,209.9505009175551,203.5696778551187,206.97054630523917,2023.4705201455768
2026-02-16 16:00:00+00:00,ADAUSDT,1h,206.97054630523917,210.403696688685,205.7395996061117,209.1597299323193,1614.3875604035566
2026-02-16 17:00:00+00:00,ADAUSDT,1h,209.1597299323193,210.58740881179216,207.99277188913624,209.4190042081186,2035.0432233227252
2026-02-16 18:00:00+00:00,ADAUSDT,1h,209.4190042081186,210.69596380527017,207.23876147248075,208.51017939219372,2038.3759322051435
2026-02-16 19:00:00+00:00,ADAUSDT,1h,208.51017939219372,209.67790007904208,206.93552197895653,208.10095086104567,1376.9676395609356
2026-02-16 20:00:00+00:00,ADAUSDT,1h,208.10095086104567,209.3539358967163,205.21564222701036,206.45873943500055,2651.185762753832
2026-02-16 21:00:00+00:00,ADAUSDT,1h,206.45873943500055,208.2534389741866,204.8298634606441,206.6232649599626,2284.849278301135
2026-02-16 22:00:00+00:00,ADAUSDT,1h,206.6232649599626,210.6503209194198,204.84165806928985,208.84951818414865,2452.333141204828
2026-02-16 23:00:00+00:00,ADAUSDT,1h,208.84951818414865,211.24918153129343,206.05304662657716,208.44809768605936,1868.7406306181583
2026-02-17 00:00:00+00:00,ADAUSDT,1h,208.44809768605936,212.0727812781809,206.6168763068267,210.2259414997558,1842.214211614968
2026-02-17 01:00:00+00:00,ADAUSDT,1h,210.2259414997558,213.423611810736,208.8533693259747,212.03920080654893,1878.6715254725996
2026-02-17 02:00:00+00:00,ADAUSDT,1h,212.03920080654893,215.44404671629428,209.44659770040596,212.8416322812747,1782.6629617776232
2026-02-17 03:00:00+00:00,ADAUSDT,1h,212.8416322812747,215.6845608122942,211.10724891810696,213.9412172571373,1513.2259794651936
2026-02-17 04:00:00+00:00,ADAUSDT,1h,213.9412172571373,215.7089263530341,211.2949491834356,213.05533862519735,2461.2153138554427
2026-02-17 05:00:00+00:00,ADAUSDT,1h,213.05533862519735,216.01133656680867,211.5613893434093,214.5072067499716,1624.4356757958988
2026-02-17 06:00:00+00:00,ADAUSDT,1h,214.5072067499716,219.85488742109683,212.03776180424848,217.35268482790724,1403.5294988204914
2026-02-17 07:00:00+00:00,ADAUSDT,1h,217.35268482790724,220.33569755559327,214.3179442415078,217.3002371618656,2500.477200482589
2026-02-17 08:00:00+00:00,ADAUSDT,1h,217.3002371618656,217.3784279261709,215.64825094126687,215.72587520566285,2250.9590276268705
2026-02-17 09:00:00+00:00,ADAUSDT,1h,215.72587520566285,216.9133049821424,212.83569882264013,214.01370421824305,2033.936733244456
2026-02-17 10:00:00+00:00,ADAUSDT,1h,214.01370421824305,218.66679847019924,211.60860826406065,216.23672015955484,1856.810224051501
2026-02-17 11:00:00+00:00,ADAUSDT,1h,216.23672015955484,217.9646526370213,215.16260880954732,216.88730961793863,1725.5206789786498
2026-02-17 12:00:00+00:00,ADAUSDT,1h,216.88730961793863,219.3803639780677,215.13077498045283,217.6179123095837,2098.2095928675744
2026-02-17 13:00:00+00:00,ADAUSDT,1h,217.6179123095837,220.3200673212879,214.11369439834124,216.8057650015733,1982.5295279990075
2026-02-17 14:00:00+00:00,ADAUSDT,1h,216.8057650015733,222.29098336915047,213.27256393189057,218.72648111961783,1586.7279668104993
2026-02-17 15:00:00+00:00,ADAUSDT,1h,218.72648111961783,220.57623806236435,217.2180346437024,219.0654538620175,1772.05652059399
2026-02-17 16:00:00+00:00,ADAUSDT,1h,219.0654538620175,221.20187739648784,216.75384513574664,218.88854336048735,1917.102941468134
2026-02-17 17:00:00+00:00,ADAUSDT,1h,218.88854336048735,221.09027227701048,216.74821126674357,218.9493456474171,1395.9112015116195
2026-02-17 18:00:00+00:00,ADAUSDT,1h,218.9493456474171,220.57492521183397,217.3425271702816,218.96797005449355,1187.8361876367917
2026-02-17 19:00:00+00:00,ADAUSDT,1h,218.96797005449355,221.8065820835936,216.90610561403267,219.7374717967252,2348.591307944422
2026-02-17 20:00:00+00:00,ADAUSDT,1h,219.7374717967252,220.5173317206957,218.65552042998755,219.4343043968009,1717.737194053349
2026-02-17 21:00:00+00:00,ADAUSDT,1h,219.4343043968009,222.6060350409805,217.3769590855386,220.5383386603092,1796.941754464811
2026-02-17 22:00:00+00:00,ADAUSDT,1h,220.5383386603092,223.6466764328391,218.67949014999456,221.7773843945137,1314.0885418607372
2026-02-17 23:00:00+00:00,ADAUSDT,1h,221.7773843945137,223.74361010045007,217.12350638389208,219.0656908578836,1729.3746119122122
2026-02-18 00:00:00+00:00,ADAUSDT,1h,219.0656908578836,221.5313337271284,216.3421209093885,218.80482769404037,2443.9556758118065
2026-02-18 01:00:00+00:00,ADAUSDT,1h,218.80482769404037,222.61663970035596,217.4147935638944,221.2113175027428,1333.9190811415613
2026-02-18 02:00:00+00:00,ADAUSDT,1h,221.2113175027428,223.06472955993968,216.9397601973206,218.77274071570417,1107.7069076859757
2026-02-18 03:00:00+00:00,ADAUSDT,1h,218.77274071570417,220.10415512107852,217.71048244343856,219.04059626733027,1770.516222289339
2026-02-18 04:00:00+00:00,ADAUSDT,1h,219.04059626733027,220.437550525934,218.22361705698577,219.61841615875247,1806.2175687156705
2026-02-18 05:00:00+00:00,ADAUSDT,1h,219.61841615875247,220.71941935989983,217.5253044622401,218.6213089101324,2192.065061053847
2026-02-18 06:00:00+00:00,ADAUSDT,1h,218.6213089101324,220.2190682871156,216.3104653220671,217.90297486792696,1966.339175613228
2026-02-18 07:00:00+00:00,ADAUSDT,1h,217.90297486792696,222.3795842382504,215.66412650660143,220.11797778627883,2315.109321070133
2026-02-18 08:00:00+00:00,ADAUSDT,1h,220.11797778627883,222.60748587571004,218.12944343947865,220.61446627773688,2238.5770310233365
2026-02-18 09:00:00+00:00,ADAUSDT,1h,220.61446627773688,222.70846808632976,216.1786627212648,218.25022389892024,2116.776642695719
2026-02-18 10:00:00+00:00,ADAUSDT,1h,218.25022389892024,219.43469260494763,216.850119064251,218.03341110265507,2077.6676398995905
2026-02-18 11:00:00+00:00,ADAUSDT,1h,218.03341110265507,220.83055779973603,212.94337798657443,215.71072701135608,2269.0717558804304
2026-02-18 12:00:00+00:00,ADAUSDT,1h,215.71072701135608,225.29618835183376,214.0916367737268,223.6177492690012,5172.031568090323
2026-02-18 13:00:00+00:00,ADAUSDT,1h,223.6177492690012,227.9614881095372,221.0293187806172,225.3529719910431,1773.287166774338
2026-02-18 14:00:00+00:00,ADAUSDT,1h,225.3529719910431,227.257046263675,223.75112913417036,225.6530702630979,2059.346065580345
2026-02-18 15:00:00+00:00,ADAUSDT,1h,225.6530702630979,227.1582553868471,224.00944015224823,225.51369559809797,2263.617982701346
2026-02-18 16:00:00+00:00,ADAUSDT,1h,225.51369559809797,226.63067217663567,224.5138103120219,225.6302700215048,1788.5808016661686
2026-02-18 17:00:00+00:00,ADAUSDT,1h,225.6302700215048,226.51935030300888,223.38561869407096,224.26933631157692,1962.141707077024
2026-02-18 18:00:00+00:00,ADAUSDT,1h,224.26933631157692,226.76581936494725,222.36684344574613,224.8583300232145,1424.9536387199296
2026-02-18 19:00:00+00:00,ADAUSDT,1h,224.8583300232145,228.7688141193877,222.43100172011032,226.3256462509501,1231.0192054903391
2026-02-18 20:00:00+00:00,ADAUSDT,1h,226.3256462509501,228.9374731521025,224.01921802519064,226.627964080724,2101.951763119688
2026-02-18 21:00:00+00:00,ADAUSDT,1h,226.627964080724,231.96480764497255,223.93433273277236,229.24012889709417,1495.8363663637106
2026-02-18 22:00:00+00:00,ADAUSDT,1h,229.24012889709417,230.28888092040947,229.0224599477764,230.0704235865556,1789.043042825617
2026-02-18 23:00:00+00:00,ADAUSDT,1h,230.0704235865556,232.03360064012293,229.04585145151165,231.004867149519,1973.494750658105
2026-02-19 00:00:00+00:00,ADAUSDT,1h,231.004867149519,231.48196455642423,230.68752580368405,231.1644040478736,1858.786065954487
2026-02-19 01:00:00+00:00,ADAUSDT,1h,231.1644040478736,233.47342845547732,228.12488219576807,230.42653628753445,2283.5691300880503
2026-02-19 02:00:00+00:00,ADAUSDT,1h,230.42653628753445,233.00394437154213,226.7449579204412,229.30987573320584,1781.507822588189
2026-02-19 03:00:00+00:00,ADAUSDT,1h,229.30987573320584,230.9711993536936,214.25118676388612,215.8147396790488,1975.118492508536
2026-02-19 04:00:00+00:00,ADAUSDT,1h,215.8147396790488,219.42166940166555,213.86387840251007,217.45597217404656,2379.5363768162747
2026-02-19 05:00:00+00:00,ADAUSDT,1h,217.45597217404656,219.79633878571616,213.8143896635472,216.14059959775847,1655.7320381201228
2026-02-19 06:00:00+00:00,ADAUSDT,1h,216.14059959775847,218.6491972470826,215.35697289799603,217.85933918572687,2073.715929657952
2026-02-19 07:00:00+00:00,ADAUSDT,1h,217.85933918572687,219.6159830212549,216.4142037715197,218.16879488171105,2409.073461185281
2026-02-19 08:00:00+00:00,ADAUSDT,1h,218.16879488171105,221.44540599132856,216.2532749910075,219.51803974389767,1859.7457085108888
2026-02-19 09:00:00+00:00,ADAUSDT,1h,219.51803974389767,223.3142000462228,218.1193643174592,221.9003455819348,2255.1561296882023
2026-02-19 10:00:00+00:00,ADAUSDT,1h,221.9003455819348,223.77414547309135,220.1683473170126,222.04104897628383,1982.886876933498
2026-02-19 11:00:00+00:00,ADAUSDT,1h,222.04104897628383,222.9722203601052,220.3036091445056,221.2313850486016,2078.157733344459
2026-02-19 12:00:00+00:00,ADAUSDT,1h,221.2313850486016,224.6970392361691,219.16994789912184,222.6226383687348,2294.833616979493
2026-02-19 13:00:00+00:00,ADAUSDT,1h,222.6226383687348,227.47784248243312,219.9141705151751,224.7435709737628,1885.7937584878885
2026-02-19 14:00:00+00:00,ADAUSDT,1h,224.7435709737628,227.28827436386948,222.7910335573846,225.3306366119424,1382.2039085344124
2026-02-19 15:00:00+00:00,ADAUSDT,1h,225.3306366119424,229.29250668059785,222.6416288436622,226.58848820294227,2867.294475047959
2026-02-19 16:00:00+00:00,ADAUSDT,1h,226.58848820294227,228.87245735120965,224.55841277777773,226.8401274135519,1980.2657497089667
2026-02-19 17:00:00+00:00,ADAUSDT,1h,226.8401274135519,231.24549754168797,224.9934372227118,229.3781455165052,1327.8175887155078
2026-02-19 18:00:00+00:00,ADAUSDT,1h,229.3781455165052,231.590450494572,227.2885193140536,229.4997167824999,2040.0015139637896
2026-02-19 19:00:00+00:00,ADAUSDT,1h,229.4997167824999,232.2882590607267,225.77901727716,228.556094042743,1162.879698322031
2026-02-19 20:00:00+00:00,ADAUSDT,1h,228.556094042743,229.0718541509709,228.0870966201884,228.60276096782115,2203.354674286938
2026-02-19 21:00:00+00:00,ADAUSDT,1h,228.60276096782115,231.7961709348224,225.51903916719604,228.7109891966736,1813.9133128702424
2026-02-19 22:00:00+00:00,ADAUSDT,1h,228.7109891966736,230.6783703012124,225.9625003783706,227.9231040633843,2105.499181830721
2026-02-19 23:00:00+00:00,ADAUSDT,1h,227.9231040633843,233.2611873936647,224.567618643132,229.87693762304093,2065.5311942722064
2026-02-20 00:00:00+00:00,ADAUSDT,1h,229.87693762304093,231.7203473941702,226.55155844226428,228.38298805891364,2322.6730267529565
2026-02-20 01:00:00+00:00,ADAUSDT,1h,228.38298805891364,232.50012448063907,225.57195080205983,229.673206651575,2285.54414188302
2026-02-20 02:00:00+00:00,ADAUSDT,1h,229.673206651575,232.64736829722636,227.4764970402441,230.44329319241675,2152.056664766542
2026-02-20 03:00:00+00:00,ADAUSDT,1h,230.44329319241675,233.39502506115736,226.2658391284421,229.2016670961992,1692.7780696609204
2026-02-20 04:00:00+00:00,ADAUSDT,1h,229.2016670961992,231.000907940602,226.71589690553185,228.50970583057895,1629.256569513556
2026-02-20 05:00:00+00:00,ADAUSDT,1h,228.50970583057895,229.635063721908,227.2348163199833,228.3594341577895,1970.657934910179
2026-02-20 06:00:00+00:00,ADAUSDT,1h,228.3594341577895,230.1645429659781,226.84275052264223,228.64595635045976,2189.7897714713667
2026-02-20 07:00:00+00:00,ADAUSDT,1h,228.64595635045976,230.6570390658159,227.2226020987423,229.2300487541416,1435.995484916679
2026-02-20 08:00:00+00:00,ADAUSDT,1h,229.2300487541416,232.30149119469752,227.4322631704618,230.4937944159342,1622.8226341053723
2026-02-20 09:00:00+00:00,ADAUSDT,1h,230.4937944159342,232.8166530376301,227.53503971294708,229.85142469377465,2324.8225476115927
2026-02-20 10:00:00+00:00,ADAUSDT,1h,229.85142469377465,230.9766447581502,228.6139087343533,229.7385763583364,1797.927392868657
2026-02-20 11:00:00+00:00,ADAUSDT,1h,229.7385763583364,232.5183724724525,225.9026530175399,228.6695136622392,2179.372983797072
2026-02-20 12:00:00+00:00,ADAUSDT,1h,228.6695136622392,230.2919374009925,224.2911767355355,225.89390738339924,2195.604908543713
2026-02-20 13:00:00+00:00,ADAUSDT,1h,225.89390738339924,227.83205781257803,224.1947390011501,226.13110523396568,2291.1715216457646
2026-02-20 14:00:00+00:00,ADAUSDT,1h,226.13110523396568,228.74336243529103,224.43619300121208,227.04162561232525,1806.3589155982413
2026-02-20 15:00:00+00:00,ADAUSDT,1h,227.04162561232525,228.7275556236731,224.63317500919615,226.31369970275853,1898.581547199086
2026-02-20 16:00:00+00:00,ADAUSDT,1h,226.31369970275853,227.3076609415219,225.1583576289593,226.15160696251723,2071.5386549420155
2026-02-20 17:00:00+00:00,ADAUSDT,1h,226.15160696251723,229.02467780169428,224.4106098662616,227.2750321707163,1770.8919412015114
2026-02-20 18:00:00+00:00,ADAUSDT,1h,227.2750321707163,228.37784566619985,224.2595120210804,225.35299917788512,1570.3751280411336
2026-02-20 19:00:00+00:00,ADAUSDT,1h,225.35299917788512,226.57132966849295,223.1577351179056,224.3707552834226,1650.977048956409
2026-02-20 20:00:00+00:00,ADAUSDT,1h,224.3707552834226,224.66461160227885,223.91440476066984,224.20804798326844,1891.280538532403
2026-02-20 21:00:00+00:00,ADAUSDT,1h,224.20804798326844,225.89635925298467,220.84658587300893,222.5222025410609,1300.6847703535684
2026-02-20 22:00:00+00:00,ADAUSDT,1h,222.5222025410609,225.26434096071597,218.1799837858973,220.90215842139352,2070.7776452905337
2026-02-20 23:00:00+00:00,ADAUSDT,1h,220.90215842139352,222.6827579343321,217.9065501889544,219.67727644275348,2065.1611845055363
2026-02-21 00:00:00+00:00,ADAUSDT,1h,219.67727644275348,222.79638911824944,217.96892885273297,221.07715519744576,2283.0838418823373
2026-02-21 01:00:00+00:00,ADAUSDT,1h,221.07715519744576,222.51189731067203,219.30105421614667,220.73356651438925,1598.2324684864031
2026-02-21 02:00:00+00:00,ADAUSDT,1h,220.73356651438925,223.8568614885565,218.8627649235301,221.9755337492935,1274.0103373899592
2026-02-21 03:00:00+00:00,ADAUSDT,1h,221.9755337492935,225.78337613521768,220.16361130295212,223.95529347953703,2543.661954641335
2026-02-21 04:00:00+00:00,ADAUSDT,1h,223.95529347953703,226.2209671883499,221.3866117778873,223.64918873709303,1597.083848641062
2026-02-21 05:00:00+00:00,ADAUSDT,1h,223.64918873709303,225.240833740472,221.2878838352293,222.8740121364457,1870.4832549846324
2026-02-21 06:00:00+00:00,ADAUSDT,1h,222.8740121364457,227.12352960390285,220.5276102435365,224.75730058295204,1486.7871007056126
2026-02-21 07:00:00+00:00,ADAUSDT,1h,224.75730058295204,227.4031735940363,222.77463492270343,225.41470869838204,2081.002963801181
2026-02-21 08:00:00+00:00,ADAUSDT,1h,225.41470869838204,226.9119875052838,221.8017718641823,223.28490380485547,1827.4275211371971
2026-02-21 09:00:00+00:00,ADAUSDT,1h,223.28490380485547,225.52774332948863,220.65517630358863,222.8940902059724,2213.6963095017527
2026-02-21 10:00:00+00:00,ADAUSDT,1h,222.8940902059724,224.9916161178777,220.6297987383456,222.72574040877748,2407.70226906528
2026-02-21 11:00:00+00:00,ADAUSDT,1h,222.72574040877748,224.2461407431821,220.71990358849152,222.23696739496597,1852.1954289047792
2026-02-21 12:00:00+00:00,ADAUSDT,1h,222.23696739496597,225.21167621106065,218.67978222620656,221.64658864472185,1549.3161087045298
2026-02-21 13:00:00+00:00,ADAUSDT,1h,221.64658864472185,224.0475592311312,218.2765259997892,220.6668840068063,2317.346602994588
2026-02-21 14:00:00+00:00,ADAUSDT,1h,220.6668840068063,223.62902660537668,219.52574654428423,222.47852060349155,1568.7917186389789
2026-02-21 15:00:00+00:00,ADAUSDT,1h,222.47852060349155,223.6237831881852,221.14333800579,222.28761787199423,1722.7554081227536
2026-02-21 16:00:00+00:00,ADAUSDT,1h,222.28761787199423,223.65235891775495,221.58803069757997,222.95068492801283,2440.868162860228
2026-02-21 17:00:00+00:00,ADAUSDT,1h,222.95068492801283,223.5937681560845,222.3590480365264,223.00199510447231,2461.6125879488104
2026-02-21 18:00:00+00:00,ADAUSDT,1h,223.00199510447231,224.44425276423263,219.991368554284,221.4234168137641,1709.7174239120084
2026-02-21 19:00:00+00:00,ADAUSDT,1h,221.4234168137641,223.07381358946907,219.86645978816532,221.51620412225444,2380.335192136463
2026-02-21 20:00:00+00:00,ADAUSDT,1h,221.51620412225444,223.63277129996948,218.1062046485555,220.21029397360675,2050.9430420437966
2026-02-21 21:00:00+00:00,ADAUSDT,1h,220.21029397360675,222.74549103988636,217.69614614741465,220.23110560662792,2039.310584243765
2026-02-21 22:00:00+00:00,ADAUSDT,1h,220.23110560662792,221.91843862895044,218.28325990609207,219.9685815618152,2276.2218535964234
2026-02-21 23:00:00+00:00,ADAUSDT,1h,219.9685815618152,224.86012622119492,218.89882346952731,223.7718718485173,1735.5508914334034
2026-02-22 00:00:00+00:00,ADAUSDT,1h,223.7718718485173,225.6470340470957,222.3893738599222,224.26151099050017,1267.0854667596943
2026-02-22 01:00:00+00:00,ADAUSDT,1h,224.26151099050017,228.10919594935103,221.7357965857104,225.56875884549703,2234.436984934442
2026-02-22 02:00:00+00:00,ADAUSDT,1h,225.56875884549703,227.2897790934085,224.40295625629903,226.12112173791465,1744.5682040932006
2026-02-22 03:00:00+00:00,ADAUSDT,1h,226.12112173791465,226.9391503525935,223.57628434219563,224.38804327377605,2648.4264196439094
2026-02-22 04:00:00+00:00,ADAUSDT,1h,224.38804327377605,228.19815843260312,222.945855933812,226.74084913348847,1369.1160296317655
2026-02-22 05:00:00+00:00,ADAUSDT,1h,226.74084913348847,228.8929263774243,224.77952965145408,226.92997098211004,2198.386787938957
2026-02-22 06:00:00+00:00,ADAUSDT,1h,226.92997098211004,228.90746175380585,224.95708398274056,226.93453507506032,1982.9021356728483
2026-02-22 07:00:00+00:00,ADAUSDT,1h,226.93453507506032,233.10617973578647,224.66582872602535,230.79884120654063,2077.5511582944746
2026-02-22 08:00:00+00:00,ADAUSDT,1h,230.79884120654063,233.7838821744521,228.07509663289105,231.0570899100037,1979.182139695847
2026-02-22 09:00:00+00:00,ADAUSDT,1h,231.0570899100037,231.759312179782,228.8489483368026,229.54657990666564,1552.5926662233896
2026-02-22 10:00:00+00:00,ADAUSDT,1h,229.54657990666564,231.812413264916,228.2057500476509,230.4662116434794,1724.8087099383374
2026-02-22 11:00:00+00:00,ADAUSDT,1h,230.4662116434794,231.69268312280275,228.3813625197569,229.6032415331379,2035.8425401482143
2026-02-22 12:00:00+00:00,ADAUSDT,1h,229.6032415331379,232.51056903036624,226.133448503563,229.03356249844225,1249.6988267810143
2026-02-22 13:00:00+00:00,ADAUSDT,1h,229.03356249844225,240.7074299160097,226.6078793018245,238.18482613626023,4552.207765589294
2026-02-22 14:00:00+00:00,ADAUSDT,1h,238.18482613626023,241.33698115057345,232.83147962999823,235.95411323026423,2042.2198049141296
2026-02-22 15:00:00+00:00,ADAUSDT,1h,235.95411323026423,238.9717403885886,234.0537751428816,237.0624757204152,2301.7625944599395
2026-02-22 16:00:00+00:00,ADAUSDT,1h,237.0624757204152,237.8391707636806,235.97498852011543,236.75066195841092,2576.6031677476262
2026-02-22 17:00:00+00:00,ADAUSDT,1h,236.75066195841092,240.0898807082312,234.90555371573717,238.23321821373696,2279.452692368318
2026-02-22 18:00:00+00:00,ADAUSDT,1h,238.23321821373696,241.40058636699555,236.79257861091077,239.94956768671904,1568.8524860513262
2026-02-22 19:00:00+00:00,ADAUSDT,1h,239.94956768671904,240.5912809494,238.6761580562578,239.3161774007088,1717.0927117261062
2026-02-22 20:00:00+00:00,ADAUSDT,1h,239.3161774007088,240.8734618294346,235.7587504120338,237.3029342125353,2216.377310164927
2026-02-22 21:00:00+00:00,ADAUSDT,1h,237.3029342125353,239.72362098624225,236.12365741860228,238.53820551230143,1343.5881076164123
2026-02-22 22:00:00+00:00,ADAUSDT,1h,238.53820551230143,240.19024659851323,236.41883111114228,238.06761302078243,1949.6561660421603
2026-02-22 23:00:00+00:00,ADAUSDT,1h,238.06761302078243,239.61125693879083,233.53589495235843,235.06003758047075,2791.6903595763533
2026-02-23 00:00:00+00:00,ADAUSDT,1h,235.06003758047075,240.1003889198674,232.4491259402755,237.4627889005893,1957.0738516450529
2026-02-23 01:00:00+00:00,ADAUSDT,1h,237.4627889005893,239.34091418059083,234.35790855631583,236.22625391404583,2262.391139946388
2026-02-23 02:00:00+00:00,ADAUSDT,1h,236.22625391404583,238.50491400349276,232.0874761765269,234.34801863639257,2030.6013981971364
2026-02-23 03:00:00+00:00,ADAUSDT,1h,234.34801863639257,236.30310679893827,230.85977267082748,232.80196259819076,1935.716570211948
2026-02-23 04:00:00+00:00,ADAUSDT,1h,232.80196259819076,233.6559058326931,231.8825144838316,232.73621655460627,1762.7888611877966
2026-02-23 05:00:00+00:00,ADAUSDT,1h,232.73621655460627,234.28605828768252,230.959883958338,232.5082073277468,1596.7293097468532
2026-02-23 06:00:00+00:00,ADAUSDT,1h,232.5082073277468,233.63379043620955,232.19463824919663,233.31912772073653,2084.8125685662017
2026-02-23 07:00:00+00:00,ADAUSDT,1h,233.31912772073653,236.13932565265208,229.91536632874465,232.72842425152976,2541.196905916992
2026-02-23 08:00:00+00:00,ADAUSDT,1h,232.72842425152976,234.79952642361891,230.9991634235461,233.06774431830735,2138.626355813016
2026-02-23 09:00:00+00:00,ADAUSDT,1h,233.06774431830735,234.4839924309977,230.7998212343874,232.2108624604813,2124.6432821626595
2026-02-23 10:00:00+00:00,ADAUSDT,1h,232.2108624604813,235.1715533267458,229.625624212654,232.58218113262845,2112.4308392094395
2026-02-23 11:00:00+00:00,ADAUSDT,1h,232.58218113262845,233.9284418557189,231.86017800196709,233.20450684399208,2308.0508191226354
2026-02-23 12:00:00+00:00,ADAUSDT,1h,233.20450684399208,237.47714114201327,230.1214954406277,234.37860788215335,1693.0308527871546
2026-02-23 13:00:00+00:00,ADAUSDT,1h,234.37860788215335,237.47568878718295,231.8697325612673,234.9605837809893,1622.281534516704
2026-02-23 14:00:00+00:00,ADAUSDT,1h,234.9605837809893,238.57888276844935,234.0650334059352,237.67299406342244,2175.9052526231712
2026-02-23 15:00:00+00:00,ADAUSDT,1h,237.67299406342244,240.23759218199737,236.38304951740423,238.94076693542556,1802.1582009456265
2026-02-23 16:00:00+00:00,ADAUSDT,1h,238.94076693542556,241.3515590038874,236.03872251571937,238.44450757704536,2453.1446201202184
2026-02-23 17:00:00+00:00,ADAUSDT,1h,238.44450757704536,241.2067562046126,233.56085527874995,236.29824058226345,2454.7100234481422
2026-02-23 18:00:00+00:00,ADAUSDT,1h,236.29824058226345,238.6289593048632,232.1823221069767,234.49525717116916,1335.0017320662223
2026-02-23 19:00:00+00:00,ADAUSDT,1h,234.49525717116916,239.2309037562445,231.2268694725617,235.94234657000223,2243.4832240008327
2026-02-23 20:00:00+00:00,ADAUSDT,1h,235.94234657000223,236.66373818872253,233.7251596101056,234.4419638219655,1709.6811087084486
2026-02-23 21:00:00+00:00,ADAUSDT,1h,234.4419638219655,235.83236333730997,233.3125700047757,234.7017181870859,1747.5080284021103
2026-02-23 22:00:00+00:00,ADAUSDT,1h,234.7017181870859,237.41887048507752,233.1564634977877,235.8659505958694,812.2816344316954
2026-02-23 23:00:00+00:00,ADAUSDT,1h,235.8659505958694,237.82946747268863,234.7564812257208,236.71599963067555,1850.1934184847296
2026-02-24 00:00:00+00:00,ADAUSDT,1h,236.71599963067555,238.22132848823028,232.7649453805949,234.2546217977271,1350.9229636213402
2026-02-24 01:00:00+00:00,ADAUSDT,1h,234.2546217977271,236.93955658540295,231.67600037723977,234.35977763347208,2109.121710452811
2026-02-24 02:00:00+00:00,ADAUSDT,1h,234.35977763347208,237.84365071657152,231.7191902710725,235.1936677162496,1966.0261177017492
2026-02-24 03:00:00+00:00,ADAUSDT,1h,235.1936677162496,239.57316416634225,232.32483729323093,236.6861290924804,1507.695652930189
2026-02-24 04:00:00+00:00,ADAUSDT,1h,236.6861290924804,238.85190899428557,234.47640175244533,236.6417758025673,1324.134515884695
2026-02-24 05:00:00+00:00,ADAUSDT,1h,236.6417758025673,239.52124905780576,234.5865939559588,237.4589700585732,2118.423879463898
2026-02-24 06:00:00+00:00,ADAUSDT,1h,237.4589700585732,239.67837157835547,231.97507158946564,234.1636737435814,1954.18619213324
2026-02-24 07:00:00+00:00,ADAUSDT,1h,234.1636737435814,236.15949836479123,230.88959402354536,232.87443015945,2648.9113554570804
2026-02-24 08:00:00+00:00,ADAUSDT,1h,232.87443015945,234.81768157935855,231.24146073496817,233.18255153643827,2261.678883463553
2026-02-24 09:00:00+00:00,ADAUSDT,1h,233.18255153643827,233.51296874753933,232.51357206554093,232.84350885674812,1866.8922944737071
2026-02-24 10:00:00+00:00,ADAUSDT,1h,232.84350885674812,235.625230563605,229.85019955118176,232.62936291132863,2342.7095310324403
2026-02-24 11:00:00+00:00,ADAUSDT,1h,232.62936291132863,235.41168846542948,230.27992623405515,233.0579235466032,1916.1221184002293
2026-02-24 12:00:00+00:00,ADAUSDT,1h,233.0579235466032,233.2585682307893,232.7736302888892,232.9742028961289,1910.554175249311
2026-02-24 13:00:00+00:00,ADAUSDT,1h,232.9742028961289,234.58537012755772,231.04281544038923,232.651752720388,1822.309588124658
2026-02-24 14:00:00+00:00,ADAUSDT,1h,232.651752720388,235.5230984438212,217.79128047396048,220.51280956324536,2015.5033657670583
2026-02-24 15:00:00+00:00,ADAUSDT,1h,220.51280956324536,221.4135201043669,216.70812294370555,217.59692320357823,1391.789099644557
2026-02-24 16:00:00+00:00,ADAUSDT,1h,217.59692320357823,219.3808140483277,215.47951161533484,217.26064560803343,1741.5551669593638
2026-02-24 17:00:00+00:00,ADAUSDT,1h,217.26064560803343,218.8608139539986,214.94952932942724,216.5444225485268,2131.052016384452
2026-02-24 18:00:00+00:00,ADAUSDT,1h,216.5444225485268,219.13992095832168,213.0002868639418,215.58427698245595,1383.614011027399
2026-02-24 19:00:00+00:00,ADAUSDT,1h,215.58427698245595,218.05576304751375,214.4933038688026,216.9578389668609,1904.878867779238
2026-02-24 20:00:00+00:00,ADAUSDT,1h,216.9578389668609,217.7206556768964,214.73802097936596,215.49569684522567,1546.250829504599
2026-02-24 21:00:00+00:00,ADAUSDT,1h,215.49569684522567,216.58307092755723,214.71571279995436,215.8019783002965,1531.025491301122
2026-02-24 22:00:00+00:00,ADAUSDT,1h,215.8019783002965,217.4382658820368,213.21683635690155,214.84587441793823,1581.5455019602305
2026-02-24 23:00:00+00:00,ADAUSDT,1h,214.84587441793823,217.78292969102856,212.5520067530288,215.48226738206765,1814.3480959903236
2026-02-25 00:00:00+00:00,ADAUSDT,1h,215.48226738206765,218.54195052346483,213.5371337489315,216.5868459863663,2322.14614823691
2026-02-25 01:00:00+00:00,ADAUSDT,1h,216.5868459863663,219.36101254146044,214.38974976647884,217.1581212022452,2067.3086060322435
2026-02-25 02:00:00+00:00,ADAUSDT,1h,217.1581212022452,219.92669074826944,215.7503322438228,218.51013696515568,1823.0576728837816
2026-02-25 03:00:00+00:00,ADAUSDT,1h,218.51013696515568,220.11407087181615,215.65738153690128,217.25208091198263,2071.2794500039176
2026-02-25 04:00:00+00:00,ADAUSDT,1h,217.25208091198263,219.10065702675092,215.17114729436344,217.0177293351251,1442.3041489298546
2026-02-25 05:00:00+00:00,ADAUSDT,1h,217.0177293351251,218.69609455975976,214.82742512623835,216.50180027413137,1975.4837791399343
2026-02-25 06:00:00+00:00,ADAUSDT,1h,216.50180027413137,218.16691970425555,213.59463737918915,215.25013019109247,1512.9518379274214
2026-02-25 07:00:00+00:00,ADAUSDT,1h,215.25013019109247,217.7245561381914,213.81028776451157,216.2778392022426,1375.8798848760107
2026-02-25 08:00:00+00:00,ADAUSDT,1h,216.2778392022426,217.83313827861693,212.81584442741095,214.3573327410354,1989.0289306145369
2026-02-25 09:00:00+00:00,ADAUSDT,1h,214.3573327410354,215.18870965997328,213.4204149794284,214.25138096836824,1237.1552260996234
2026-02-25 10:00:00+00:00,ADAUSDT,1h,214.25138096836824,215.489170086042,212.16707997377733,213.39995014153752,1808.5507694324367
2026-02-25 11:00:00+00:00,ADAUSDT,1h,213.39995014153752,214.4524001716357,213.33338184402703,214.38552443261656,1721.488997634814
2026-02-25 12:00:00+00:00,ADAUSDT,1h,214.38552443261656,216.4156734455996,211.4111803688694,213.4323027365576,2040.7400205721333
2026-02-25 13:00:00+00:00,ADAUSDT,1h,213.4323027365576,214.94132021127135,211.11860986174895,212.6218975779857,2327.740234238402
2026-02-25 14:00:00+00:00,ADAUSDT,1h,212.6218975779857,216.51290372833373,210.80162370176623,214.67505261981103,1950.9749342178904
2026-02-25 15:00:00+00:00,ADAUSDT,1h,214.67505261981103,217.56310339639435,212.14857837914883,215.03242332063863,1755.9274098903522
2026-02-25 16:00:00+00:00,ADAUSDT,1h,215.03242332063863,222.6194532597528,213.22080961725592,220.75958910254627,1639.0081074691243
2026-02-25 17:00:00+00:00,ADAUSDT,1h,220.75958910254627,225.51640187972865,219.16747334275425,223.9016257854927,2096.1622480781625
2026-02-25 18:00:00+00:00,ADAUSDT,1h,223.9016257854927,224.40764085802616,222.9607011681499,223.46573112381307,1655.1676410655684
2026-02-25 19:00:00+00:00,ADAUSDT,1h,223.46573112381307,224.03554710287,222.7146146613256,223.2839671598723,1602.104442049787
2026-02-25 20:00:00+00:00,ADAUSDT,1h,223.2839671598723,225.06006331598545,219.80928331893347,221.57175984589225,1912.307732359534
2026-02-25 21:00:00+00:00,ADAUSDT,1h,221.57175984589225,222.2953198711984,220.8673795397248,221.59087878560396,1806.643052565391
2026-02-25 22:00:00+00:00,ADAUSDT,1h,221.59087878560396,222.69160772996625,218.9544078621316,220.04747008918844,1368.6988046947677
2026-02-25 23:00:00+00:00,ADAUSDT,1h,220.04747008918844,222.68529844485275,217.7667172586973,220.40088255708508,1398.6268921984076
2026-02-26 00:00:00+00:00,ADAUSDT,1h,220.40088255708508,222.07927198837456,218.29119388105195,219.9662736934552,2123.2968424381065
2026-02-26 01:00:00+00:00,ADAUSDT,1h,219.9662736934552,221.4426377141508,217.1037012961364,218.570698531082,2401.367698129491
2026-02-26 02:00:00+00:00,ADAUSDT,1h,218.570698531082,220.4679704928998,216.3673138566311,218.2619053833073,2321.299083100076
2026-02-26 03:00:00+00:00,ADAUSDT,1h,218.2619053833073,221.03845189936277,216.2316096530793,219.0012784413873,1982.337983241283
2026-02-26 04:00:00+00:00,ADAUSDT,1h,219.0012784413873,221.72763345400995,215.44262528921104,218.15848837716297,1550.7009421141497
2026-02-26 05:00:00+00:00,ADAUSDT,1h,218.15848837716297,220.5920292032857,215.5521727823948,217.98376457824543,907.8926535528066
2026-02-26 06:00:00+00:00,ADAUSDT,1h,217.98376457824543,220.78964715832976,215.9382633407151,218.73707703852403,1519.659210327961
2026-02-26 07:00:00+00:00,ADAUSDT,1h,218.73707703852403,220.67640488925107,215.92648281493385,217.85801689866545,1935.580815707972
2026-02-26 08:00:00+00:00,ADAUSDT,1h,217.85801689866545,219.1172526186412,216.3492641324743,217.60704924051396,1717.9358230966204
2026-02-26 09:00:00+00:00,ADAUSDT,1h,217.60704924051396,219.07125913002685,216.11129358180224,217.5752897717664,1924.0988755482847
2026-02-26 10:00:00+00:00,ADAUSDT,1h,217.5752897717664,218.3295646056906,217.34414407010377,218.097863736546,2157.284586708981
2026-02-26 11:00:00+00:00,ADAUSDT,1h,218.097863736546,223.52052293234985,216.5839889457433,221.97970326959685,2299.0811171398345
2026-02-26 12:00:00+00:00,ADAUSDT,1h,221.97970326959685,223.33900772154445,219.39008356049416,220.7418076934173,2047.044962613783
2026-02-26 13:00:00+00:00,ADAUSDT,1h,220.7418076934173,222.44098793930817,217.7310152740964,219.42002094565285,1455.8718749837442
2026-02-26 14:00:00+00:00,ADAUSDT,1h,219.42002094565285,231.376907369777,217.16295454008196,229.02107957138216,6181.330053086054
2026-02-26 15:00:00+00:00,ADAUSDT,1h,229.02107957138216,229.97038078720615,227.6016227750998,228.54896706636535,1816.54080219274
2026-02-26 16:00:00+00:00,ADAUSDT,1h,228.54896706636535,231.2282318376911,227.83921307619565,230.51238050854485,2072.5843888738937
2026-02-26 17:00:00+00:00,ADAUSDT,1h,230.51238050854485,231.71429713295427,226.11318291162397,227.29834118541697,1601.1217319138748
2026-02-26 18:00:00+00:00,ADAUSDT,1h,227.29834118541697,230.13778661170568,225.27511501852885,228.10735921999336,1462.17848906906
2026-02-26 19:00:00+00:00,ADAUSDT,1h,228.10735921999336,230.193097808917,226.24484057159304,228.3287713093938,1998.0334836911331
2026-02-26 20:00:00+00:00,ADAUSDT,1h,228.3287713093938,231.1534631871117,226.9027659929296,229.7187767258996,2053.4516319105824
2026-02-26 21:00:00+00:00,ADAUSDT,1h,229.7187767258996,233.75385735970093,226.35385649624635,230.37926233798592,2260.7451546747834
2026-02-26 22:00:00+00:00,ADAUSDT,1h,230.37926233798592,233.1212357836908,229.19990376496224,231.93391860718611,2201.487515787571
2026-02-26 23:00:00+00:00,ADAUSDT,1h,231.93391860718611,234.9129044355474,227.23941555388976,230.19608038903476,2449.456831539954
2026-02-27 00:00:00+00:00,ADAUSDT,1h,230.19608038903476,230.77842889322116,227.4404700235234,228.01730668055785,2696.5455796579063
2026-02-27 01:00:00+00:00,ADAUSDT,1h,228.01730668055785,229.10596758500415,225.74929433877108,226.83229745683244,1748.9930954380532
2026-02-27 02:00:00+00:00,ADAUSDT,1h,226.83229745683244,228.8398252920069,223.392593604596,225.3873331103352,1847.9311115946891
2026-02-27 03:00:00+00:00,ADAUSDT,1h,225.3873331103352,227.3082338411047,224.7801429093664,226.69751403176787,1161.0291681961935
2026-02-27 04:00:00+00:00,ADAUSDT,1h,226.69751403176787,228.03520259300356,225.11375799422547,226.44998595063657,1823.9110725671644
2026-02-27 05:00:00+00:00,ADAUSDT,1h,226.44998595063657,229.4383272616163,220.83480820899445,223.7880209687833,2442.46210747701
2026-02-27 06:00:00+00:00,ADAUSDT,1h,223.7880209687833,226.60364729503803,220.88905642099544,223.7036208531122,1947.478537255596
2026-02-27 07:00:00+00:00,ADAUSDT,1h,223.7036208531122,227.77215350070887,221.56851762520972,225.6187714262016,2962.49630476953
2026-02-27 08:00:00+00:00,ADAUSDT,1h,225.6187714262016,226.6857361343129,223.25569663539423,224.3165028372068,1654.094544855937
2026-02-27 09:00:00+00:00,ADAUSDT,1h,224.3165028372068,227.93236938202156,219.45633951744043,223.0518200264197,1942.2372246712828
2026-02-27 10:00:00+00:00,ADAUSDT,1h,223.0518200264197,226.5215106192321,220.6290631993818,224.08750433798127,2229.458340223724
2026-02-27 11:00:00+00:00,ADAUSDT,1h,224.08750433798127,226.6329556414928,218.9317516737594,221.44721140271355,1952.8663385842929
2026-02-27 12:00:00+00:00,ADAUSDT,1h,221.44721140271355,222.7454244674645,218.90439922492172,220.1952729202405,1861.7854124931264
2026-02-27 13:00:00+00:00,ADAUSDT,1h,220.1952729202405,223.57455133614803,218.77217582167668,222.13889284225968,2043.322461080804
2026-02-27 14:00:00+00:00,ADAUSDT,1h,222.13889284225968,223.35295682940355,219.65338838827896,220.86046533783824,1734.7010139506094
2026-02-27 15:00:00+00:00,ADAUSDT,1h,220.86046533783824,223.57053178676065,219.3995820488214,222.10144006065715,1998.9148989717223
2026-02-27 16:00:00+00:00,ADAUSDT,1h,222.10144006065715,224.37108066205911,221.31209118647752,223.5764894599488,1783.410911481343
2026-02-27 17:00:00+00:00,ADAUSDT,1h,223.5764894599488,224.67581335394948,220.98479241755888,222.07674206505385,2283.10250594475
2026-02-27 18:00:00+00:00,ADAUSDT,1h,222.07674206505385,224.56835273946567,220.16860105083455,222.65524111127525,1536.770604289438
2026-02-27 19:00:00+00:00,ADAUSDT,1h,222.65524111127525,225.68440509284696,219.96247864391455,222.9876228456034,1641.2125287707927
2026-02-27 20:00:00+00:00,ADAUSDT,1h,222.9876228456034,226.56994427487805,221.3362136345003,224.90434017433955,1376.7825436461712
2026-02-27 21:00:00+00:00,ADAUSDT,1h,224.90434017433955,227.75704083055868,223.1857683908548,226.02986849621752,2197.8225942581275
2026-02-27 22:00:00+00:00,ADAUSDT,1h,226.02986849621752,227.5340971800142,222.6610336197464,224.1527702152392,1830.90713757851
2026-02-27 23:00:00+00:00,ADAUSDT,1h,224.1527702152392,226.32059826835064,223.6748610048994,225.83909369970203,2436.941142882424
2026-02-28 00:00:00+00:00,ADAUSDT,1h,225.83909369970203,227.1269414172133,225.1386784009778,226.4247098937832,2006.7174644240583
2026-02-28 01:00:00+00:00,ADAUSDT,1h,226.4247098937832,228.53284792173017,224.37136400396776,226.47900961170728,2190.451844375137
2026-02-28 02:00:00+00:00,ADAUSDT,1h,226.47900961170728,229.465459270544,224.4197905417647,227.3978854893485,2149.7998911339782
2026-02-28 03:00:00+00:00,ADAUSDT,1h,227.3978854893485,228.95861477800716,224.30407200422664,225.8542063604673,1705.5412397315752
2026-02-28 04:00:00+00:00,ADAUSDT,1h,225.8542063604673,229.3804632470357,222.61385392201672,226.1360669274013,1669.2705331197303
2026-02-28 05:00:00+00:00,ADAUSDT,1h,226.1360669274013,226.98786572374655,224.43203426899683,225.2806107729738,1338.708574646555
2026-02-28 06:00:00+00:00,ADAUSDT,1h,225.2806107729738,226.87989206926372,223.70260810647247,225.30174139103815,2124.6906036350515
2026-02-28 07:00:00+00:00,ADAUSDT,1h,225.30174139103815,227.48362279823252,222.34826294107052,224.52259892742435,1939.3348924352497
2026-02-28 08:00:00+00:00,ADAUSDT,1h,224.52259892742435,226.0786199863831,223.7208300622929,225.27416727515288,1199.6835205977377
2026-02-28 09:00:00+00:00,ADAUSDT,1h,225.27416727515288,226.98070850989333,223.86869108466223,225.5733656332503,1597.224334440187
2026-02-28 10:00:00+00:00,ADAUSDT,1h,225.5733656332503,229.07626040734965,223.19947527165252,226.69061235785452,1659.3212188804891
2026-02-28 11:00:00+00:00,ADAUSDT,1h,226.69061235785452,228.2081223592936,225.7900105097173,227.30507934212915,1510.2391629960712
2026-02-28 12:00:00+00:00,ADAUSDT,1h,227.30507934212915,230.49694797948268,224.9451111039904,228.12843138564017,2317.0734424648213
2026-02-28 13:00:00+00:00,ADAUSDT,1h,228.12843138564017,231.73632112169344,225.8774355152516,229.4720672858496,2006.7073646071544
2026-02-28 14:00:00+00:00,ADAUSDT,1h,229.4720672858496,230.99015312405857,228.5926151518488,230.108262769657,1671.7073136388965
2026-02-28 15:00:00+00:00,ADAUSDT,1h,230.108262769657,232.3109331848617,228.30611356467764,230.5056715755085,1481.1654892801955
2026-02-28 16:00:00+00:00,ADAUSDT,1h,230.5056715755085,231.92905929974887,230.13040596668853,231.5520901107695,1570.5174727892654
2026-02-28 17:00:00+00:00,ADAUSDT,1h,231.5520901107695,234.4362096913727,228.74698034764836,231.63015422993064,2157.6996708376178
2026-02-28 18:00:00+00:00,ADAUSDT,1h,231.63015422993064,234.8925708164894,228.70016930135608,231.9584333505265,1384.341723515615
2026-02-28 19:00:00+00:00,ADAUSDT,1h,231.9584333505265,234.28535194756608,229.54811423743757,231.8741877143637,1675.0718059061603
2026-02-28 20:00:00+00:00,ADAUSDT,1h,231.8741877143637,234.3158175949055,229.044746879996,231.4822496618304,2121.6459524939637
2026-02-28 21:00:00+00:00,ADAUSDT,1h,231.4822496618304,233.4958699321493,225.84103710619192,227.8228247317718,2280.9352151953626
2026-02-28 22:00:00+00:00,ADAUSDT,1h,227.8228247317718,229.80427351824903,226.25359056159863,228.2322194542032,2323.7923794897297
2026-02-28 23:00:00+00:00,ADAUSDT,1h,228.2322194542032,230.18410293131583,226.0416406287133,227.99146513103895,1594.3705805835582
2026-03-01 00:00:00+00:00,ADAUSDT,1h,227.99146513103895,229.70817451968423,226.5265555002542,228.24165733325535,1766.2720912983016
2026-03-01 01:00:00+00:00,ADAUSDT,1h,228.24165733325535,230.09594867232283,226.5498480174882,228.402943842894,1440.6843397909156
2026-03-01 02:00:00+00:00,ADAUSDT,1h,228.402943842894,231.08600794972853,227.00226002102764,229.6775078486464,2481.412093620564
2026-03-01 03:00:00+00:00,ADAUSDT,1h,229.6775078486464,232.78708253816777,227.3630234529128,230.46466586830536,1732.0543181426149
2026-03-01 04:00:00+00:00,ADAUSDT,1h,230.46466586830536,233.9859183110988,225.4821619808928,228.98074165631556,2101.4565754595683
2026-03-01 05:00:00+00:00,ADAUSDT,1h,228.98074165631556,230.548237892016,227.4010775684624,228.96848993454293,2578.296690771864
2026-03-01 06:00:00+00:00,ADAUSDT,1h,228.96848993454293,230.2657582257773,228.43933049827183,229.7348277384745,2116.665823489603
2026-03-01 07:00:00+00:00,ADAUSDT,1h,229.7348277384745,232.13697111816836,226.7112599687359,229.1068369785796,1128.1402671367664
2026-03-01 08:00:00+00:00,ADAUSDT,1h,229.1068369785796,231.4294153966524,227.3800541304728,229.69817561730667,1807.78861914274
2026-03-01 09:00:00+00:00,ADAUSDT,1h,229.69817561730667,232.1403480757079,228.018924220853,230.45555968165164,2176.9277172619613
2026-03-01 10:00:00+00:00,ADAUSDT,1h,230.45555968165164,232.56953479923536,227.83711902919904,229.9464238297644,2017.618414886796
2026-03-01 11:00:00+00:00,ADAUSDT,1h,229.9464238297644,232.76358574983908,226.55345032579547,229.3634702578513,2115.4576774017387
2026-03-01 12:00:00+00:00,ADAUSDT,1h,229.3634702578513,231.1271475712912,226.8363896087108,228.5941512878403,2218.8712935554854
2026-03-01 13:00:00+00:00,ADAUSDT,1h,228.5941512878403,230.32442445846203,226.4517093343905,228.17883892573195,2034.931287250628
2026-03-01 14:00:00+00:00,ADAUSDT,1h,228.17883892573195,231.2728271634633,226.2740236708836,229.35816699005036,1959.0495934183907
2026-03-01 15:00:00+00:00,ADAUSDT,1h,229.35816699005036,231.2362765036368,226.3165748819145,228.18507850848843,1417.9590729246397
2026-03-01 16:00:00+00:00,ADAUSDT,1h,228.18507850848843,230.54647722563823,226.15408978243005,228.51257359022992,1870.7059212793968
2026-03-01 17:00:00+00:00,ADAUSDT,1h,228.51257359022992,231.95365889544485,226.4020305611533,229.830939434244,1841.651059610177
2026-03-01 18:00:00+00:00,ADAUSDT,1h,229.830939434244,231.04650887502964,228.9363368100602,230.15066175162892,1379.542781787302
2026-03-01 19:00:00+00:00,ADAUSDT,1h,230.15066175162892,233.784044447986,227.50396552578653,231.1261304859103,1654.3967159349745
2026-03-01 20:00:00+00:00,ADAUSDT,1h,231.1261304859103,232.6149089464288,228.852251378614,230.33593989656887,1523.0574405194943
2026-03-01 21:00:00+00:00,ADAUSDT,1h,230.33593989656887,232.03879717218476,226.77590557243548,228.46493060902048,2046.2764261915472
2026-03-01 22:00:00+00:00,ADAUSDT,1h,228.46493060902048,230.9234048224531,225.018698022517,227.4664275053432,1973.1117006954355
2026-03-01 23:00:00+00:00,ADAUSDT,1h,227.4664275053432,229.9577863212159,225.3526337222017,227.84051621675,1758.2624859189286
